if_prop1,math_prop1,code_prop1,if_prop2,math_prop2,code_prop2,predicted_if,score_if,predicted_math,score_math,predicted_code,score_code,predicted_mean,score_mean,improvement_mean,improvement_varnorm_mean,chebyshev_score
0.0,0.0,1.0,0.0,0.9411765,0.05882353,-2.1353588,0.4562005084275677,0.864346,0.5047640349205035,2.309421,0.8363281180478838,0.3461361,0.5990975537986517,-0.0036357795346816,0.0755647470172961,-2.95607401050465
0.0,0.0,1.0,0.0,0.9607843,0.039215688,-2.1117625,0.4567655458200825,0.86852837,0.504982292677063,2.294422,0.8360983732339872,0.35039592,0.5992820705770442,-0.0034512627562891,0.0808298932851282,-2.9261401830824427
0.0,0.0,1.0,0.019607844,0.92156863,0.05882353,-2.0532968,0.4581655676903932,0.87296146,0.5052136363186676,2.275785,0.8358129076976345,0.3651499,0.5997307039022317,-0.0030026294311015,0.0993269793753037,-2.8519716172346428
0.0,0.0,1.0,0.019607844,0.9411765,0.039215688,-2.0331755,0.4586473938068051,0.8767323,0.5054104191642806,2.264418,0.8356387959605432,0.36932492,0.5998988696438764,-0.002834463689457,0.1045552223266616,-2.82644605024164
0.0,0.0,1.0,0.039215688,0.9019608,0.05882353,-1.9755012,0.4600284640592069,0.88167256,0.5056682300737362,2.2434008,0.8353168734853861,0.38319072,0.6003378558727763,-0.0023954774605569,0.1218939733587965,-2.753281478938935
0.0,0.0,1.0,0.039215688,0.92156863,0.039215688,-1.9590251,0.4604229996915038,0.8849892,0.505841310888438,2.2352703,0.835192336319493,0.38707814,0.6004855489664783,-0.002247784366855,0.1268148865581289,-2.732380275433574
0.0,0.0,1.0,0.05882353,0.88235295,0.05882353,-1.8953121,0.4619486748706138,0.8904803,0.5061278659537533,2.2094355,0.8347966198583173,0.40153456,0.6009577202275614,-0.0017756131057718,0.1448094578223731,-2.651555009497511
0.0,0.0,1.0,0.05882353,0.9019608,0.039215688,-1.88312,0.4622406279842818,0.8928243,0.5062501895846742,2.2041752,0.8347160479419752,0.40462652,0.6010689551703104,-0.0016643781630229,0.1487372766087501,-2.6360882913020647
0.0,0.0,1.0,0.078431375,0.8627451,0.05882353,-1.811326,0.4639598072036383,0.8984559,0.5065440792154604,2.1719897,0.8342230557641878,0.4197065,0.6015756473944288,-0.0011576859389045,0.1673636091675116,-2.545011816113352
0.0,0.0,1.0,0.078431375,0.88235295,0.039215688,-1.8036728,0.4641430718323109,0.9005242,0.5066520136606864,2.1710613,0.8342088352573557,0.42263755,0.601667973583451,-0.0010653597498823,0.1711848126833068,-2.535303057294993
0.0,0.0,1.0,0.09803922,0.8627451,0.039215688,-1.7259244,0.4660048377837888,0.9062622,0.5069514555388711,2.1391404,0.8337198966909148,0.4398261,0.6022253966711916,-0.0005079366621417,0.1924995242998918,-2.436672804801343
0.0,0.0,1.0,0.11764706,0.84313726,0.039215688,-1.6627643,0.4675172705234531,0.91134214,0.5072165543562565,2.1147602,0.833346460484537,0.454446,0.6026934284547488,-3.990487858449946e-05,0.2107145950895379,-2.356549079864631
0.0,0.0,1.0,0.13725491,0.8235294,0.039215688,-1.6033901,0.4689390472182983,0.91558856,0.507438155903266,2.0931778,0.8330158793494674,0.46845874,0.603131027490344,0.0003976941570105,0.2281820172699749,-2.2812280147807766
0.0,0.0,1.0,0.15686275,0.8039216,0.039215688,-1.5433322,0.470377194982387,0.91895074,0.5076136131420644,2.071535,0.832684374283163,0.48238453,0.6035583941358715,0.0008250608025381,0.2454830206956543,-2.2050396641545063
0.0,0.0,1.0,0.15686275,0.8235294,0.019607844,-1.5042855,0.4713122099760388,0.9228004,0.5078145111828082,2.0240462,0.8319569774643815,0.4808537,0.6036945662077429,0.0009612328744094,0.2425226915685853,-2.1555056371539494
0.0,0.0,1.0,0.1764706,0.7647059,0.05882353,-1.4784501,0.4719308651180919,0.91982216,0.5076590886921856,2.0354247,0.8321312644927742,0.4922656,0.6039070727676839,0.0011737394343505,0.2571168831217313,-2.122731317256891
0.0,0.0,1.0,0.1764706,0.78431374,0.039215688,-1.4835397,0.4718089884308462,0.9221948,0.5077829053644237,2.0483088,0.8323286132830171,0.49565467,0.603973502359429,0.0012401690260956,0.2619030736053036,-2.129187944324645
0.0,0.0,1.0,0.1764706,0.8039216,0.019607844,-1.4523112,0.4725567880443287,0.9246368,0.5079103426618562,2.0025554,0.8316277986597237,0.49162698,0.6040316431219696,0.0012983097886362,0.2557344424609454,-2.089571973996101
0.0,0.0,1.0,0.19607843,0.7254902,0.078431375,-1.407924,0.4736196829263804,0.9199452,0.5076655087698497,1.9905164,0.8314433958624751,0.50084585,0.6042428625195684,0.001509529186235,0.2668218053390438,-2.0332632900244407
0.0,0.0,1.0,0.19607843,0.74509805,0.05882353,-1.4142687,0.4734677531237038,0.9220512,0.5077754121633128,2.00625,0.8316843885348829,0.5046775,0.6043091846072999,0.0015758512739664,0.2722283301254395,-2.041312032556988
0.0,0.0,1.0,0.19607843,0.7647059,0.039215688,-1.4243833,0.4732255497911651,0.92404896,0.5078796668837923,2.0205152,0.8319028927940725,0.506727,0.6043360364896766,0.0016027031563432,0.2753286236260344,-2.054143170554827
0.0,0.0,1.0,0.19607843,0.78431374,0.019607844,-1.3989642,0.4738342367076212,0.9265866,0.5080120965381293,1.9795672,0.8312756840838387,0.5023965,0.6043740057765298,0.0016406724431963,0.2689088581412974,-2.021896934548636
0.0,0.0,1.0,0.21568628,0.7254902,0.05882353,-1.3518682,0.4749619992753732,0.923437,0.5078477313521169,1.974534,0.8311985906042602,0.5153676,0.6046694404105835,0.00193610707725,0.2850365205445873,-1.962151773390241
0.0,0.0,1.0,0.21568628,0.74509805,0.039215688,-1.3626355,0.4747041642122019,0.92549044,0.5079548912821595,1.9899492,0.8314347079873458,0.51760143,0.6046979211605691,0.0019645878272357,0.2884043958002317,-1.9758110291963251
0.0,0.0,1.0,0.21568628,0.7647059,0.019607844,-1.3425491,0.475185153933969,0.9280695,0.5080894796254011,1.9544346,0.83089072430034,0.51331836,0.6047217859532367,0.0019884526199033,0.2821909318474358,-1.950329771647774
0.0,0.0,1.0,0.23529412,0.7058824,0.05882353,-1.2973819,0.4762667292479526,0.9245879,0.5079077920496059,1.9483818,0.8307980116354197,0.5251959,0.6049908443109927,0.0022575109776593,0.2968839936318846,-1.893031459674442
0.0,0.0,1.0,0.23529412,0.7254902,0.039215688,-1.307404,0.4760267382220685,0.9266152,0.5080135864689438,1.9642549,0.8310411424965153,0.527822,0.6050271557291759,0.0022938223958425,0.3007600248778004,-1.9057453969233056
0.0,0.0,1.0,0.23529412,0.74509805,0.019607844,-1.2903235,0.4764357494763592,0.92898715,0.5081373689256518,1.9330493,0.8305631614623676,0.5239043,0.6050454266214595,0.0023120932881262,0.2951112422855356,-1.8840773224527128
0.0,0.0,1.0,0.25490198,0.7058824,0.039215688,-1.26418,0.4770617837315761,0.92807466,0.5080897502391398,1.9457653,0.8307579338356691,0.5365533,0.6053031559354617,0.0025698226021283,0.3114375107946829,-1.850912081347781
0.0,0.0,1.0,0.25490198,0.7254902,0.019607844,-1.2470524,0.4774719196940241,0.9297156,0.5081753823796894,1.918191,0.8303355730966694,0.53361803,0.6053276250567943,0.0025942917234609,0.3070859137364754,-1.8291844235286767
0.0,0.0,1.0,0.25490198,0.74509805,0.0,-1.2111927,0.4783306172445675,0.93199617,0.5082943964356904,1.8626153,0.8294843110619837,0.5278063,0.6053697749140805,0.0026364415807471,0.298384318418547,-1.7836934443008428
0.0,0.0,1.0,0.27450982,0.6862745,0.039215688,-1.2286541,0.4779124855776816,0.9285069,0.5081123076050412,1.9307636,0.8305281506768003,0.5435388,0.6055176479531744,0.002784314619841,0.3199291362816849,-1.8058446883107608
0.0,0.0,1.0,0.27450982,0.7058824,0.019607844,-1.2137269,0.4782699343866808,0.9301793,0.5081995820910398,1.9083441,0.8301847477134083,0.54159886,0.605551421397043,0.0028180880637096,0.3169784703874239,-1.7869082230385478
0.0,0.0,1.0,0.27450982,0.7254902,0.0,-1.1777111,0.4791323685945284,0.93260723,0.5083262853098246,1.8542285,0.829355848101318,0.53637487,0.6056048340018904,0.002871500668557,0.3090702083895669,-1.741219287965025
0.0,0.0,1.0,0.29411766,0.6666667,0.039215688,-1.193058,0.4787648716314338,0.9284038,0.5081069264352936,1.9146223,0.8302809114258264,0.5499894,0.6057175698308512,0.0029842364975179,0.3276790743141958,-1.760688071477746
0.0,0.0,1.0,0.29411766,0.6862745,0.019607844,-1.1832024,0.4790008747961612,0.9306609,0.5082247149532134,1.8995224,0.8300496236832866,0.54899365,0.6057584044775538,0.0030250711442204,0.3261558023460427,-1.7481853980305837
0.0,0.0,1.0,0.29411766,0.7058824,0.0,-1.1459419,0.4798931166247658,0.9323206,0.5083113269021274,1.845212,0.8292177404671691,0.5438636,0.6058073946646875,0.0030740613313541,0.3183141771985071,-1.7009173529947357
0.0,0.0,1.0,0.3137255,0.627451,0.05882353,-1.1454437,0.4799050459531649,0.92765737,0.5080679736094272,1.8824611,0.8297882917420546,0.5548916,0.605920437101549,0.0031871037682155,0.3330015703038143,-1.700285376310905
0.0,0.0,1.0,0.3137255,0.64705884,0.039215688,-1.1535203,0.4797116418235415,0.92897177,0.5081365664159437,1.8978165,0.8300234943236606,0.557756,0.6059572341877153,0.0032239008543819,0.3371223272136474,-1.7105312926265035
0.0,0.0,1.0,0.3137255,0.6666667,0.019607844,-1.1464739,0.4798803765930249,0.9312786,0.5082569490931522,1.8868692,0.8298558117602411,0.55722463,0.6059977124821394,0.003264379148806,0.3363009943094945,-1.7015922780820614
0.0,0.0,1.0,0.3137255,0.6862745,0.0,-1.108866,0.4807809366946506,0.93232614,0.5083116161788827,1.8331573,0.829033096644381,0.5522058,0.6060418831726381,0.0033085498393047,0.3285786081979026,-1.653883558230065
0.0,0.0,1.0,0.33333334,0.60784316,0.05882353,-1.0966648,0.4810731067571002,0.92764676,0.5080674199399388,1.8636541,0.8295002223994946,0.5648787,0.6062135830321779,0.0034802496988445,0.3451731231193067,-1.6384053467998807
0.0,0.0,1.0,0.33333334,0.627451,0.039215688,-1.1114471,0.4807191291286067,0.92927426,0.5081523522173709,1.8807718,0.8297624161896255,0.5661996,0.6062112991785343,0.003477965845201,0.3474017636000268,-1.6571579203162816
0.0,0.0,1.0,0.33333334,0.64705884,0.019607844,-1.1091228,0.4807747879094456,0.93162423,0.5082749868985662,1.8741586,0.8296611215547373,0.56555337,0.6062369654542498,0.0035036321209163,0.346551907946008,-1.6542093006988303
0.0,0.0,1.0,0.33333334,0.6666667,0.0,-1.0692374,0.4817298849383421,0.9321826,0.5083041260882745,1.8198216,0.828828831151534,0.5609223,0.6062876140593835,0.0035542807260502,0.3392747053133276,-1.6036113933511218
0.0,0.0,1.0,0.3529412,0.5882353,0.05882353,-1.0423769,0.4823730866931982,0.9271549,0.5080417520712931,1.8440237,0.8291995393870327,0.57626724,0.6065381260505079,0.0038047927171746,0.3590710600166599,-1.56953667443414
0.0,0.0,1.0,0.3529412,0.60784316,0.039215688,-1.0559722,0.4820475322096843,0.9293313,0.5081553289684971,1.8604859,0.8294516940982521,0.57794833,0.6065515184254778,0.0038181850921445,0.3617730861145721,-1.586783482973058
0.0,0.0,1.0,0.3529412,0.627451,0.019607844,-1.0598732,0.4819541186316675,0.93165416,0.5082765483709438,1.8588929,0.8294272939142772,0.57689124,0.6065526536389628,0.0038193203056294,0.3605331929312709,-1.591732227888509
0.0,0.0,1.0,0.3529412,0.64705884,0.0,-1.0246983,0.4827964194216642,0.93192554,0.5082907104899385,1.8039901,0.8285863375473573,0.5704058,0.60655782248632,0.0038244891529866,0.3508708821506222,-1.54710989524405
0.0,0.0,1.0,0.37254903,0.5882353,0.039215688,-1.0034571,0.4833050615493183,0.9287004,0.5081224042969491,1.8412119,0.8291564706794508,0.5888184,0.6068613121752394,0.004127978841906,0.3750141655455493,-1.5201637039466915
0.0,0.0,1.0,0.37254903,0.60784316,0.019607844,-1.0095814,0.4831584070275417,0.93108547,0.5082468710642608,1.8439587,0.8291985442437066,0.58848757,0.606867940778503,0.0041346074451697,0.37481412954786,-1.5279329794029717
0.0,0.0,1.0,0.37254903,0.627451,0.0,-0.9745948,0.483996198993847,0.9316239,0.5082749682355497,1.7881666,0.8283439662819014,0.5817319,0.6068717111704327,0.0041383778370993,0.3648020090362109,-1.483549509446263
0.0,0.0,1.0,0.39215687,0.5686275,0.039215688,-0.9513755,0.4845522087479167,0.92797774,0.5080846925616777,1.8188032,0.8288132320516539,0.5984685,0.6071500444537494,0.004416711120416,0.3866190260769976,-1.4540939366932588
0.0,0.0,1.0,0.39215687,0.5882353,0.019607844,-0.95938295,0.4843604617073422,0.9304076,0.5082114953165503,1.8265743,0.8289322639751101,0.59919965,0.6071680736663342,0.0044347403330008,0.387901824889473,-1.4642520658672056
0.0,0.0,1.0,0.39215687,0.60784316,0.0,-0.92440003,0.4851981637540867,0.9307301,0.5082283262468995,1.7709397,0.8280800980946512,0.59242326,0.6071688626985458,0.0044355293652124,0.3778542726366123,-1.4198733595538426
0.0,0.0,1.0,0.4117647,0.5294118,0.05882353,-0.8859443,0.4861190256943279,0.9242734,0.5078913779266244,1.7756342,0.8281520040472767,0.6046544,0.607387469222743,0.0046541358894096,0.3930966269025128,-1.371089114893186
0.0,0.0,1.0,0.4117647,0.54901963,0.039215688,-0.8992504,0.4858003978715846,0.92575973,0.5079689445335581,1.7951165,0.8284504192285258,0.60720867,0.6074065872112229,0.0046732538778895,0.39694360983916,-1.3879689716677313
0.0,0.0,1.0,0.4117647,0.5686275,0.019607844,-0.9093587,0.4855583444049807,0.9269445,0.5080307719966058,1.8070288,0.8286328810398008,0.60820484,0.6074073324804624,0.0046739991471291,0.3985954086737263,-1.4007921702599917
0.0,0.0,1.0,0.4117647,0.5882353,0.0,-0.8721721,0.486448814960967,0.9268561,0.5080261591210361,1.7501684,0.8277619407305736,0.6016175,0.6074123049375256,0.0046789716041922,0.3887298891415625,-1.353617961436713
0.0,0.0,1.0,0.43137255,0.50980395,0.05882353,-0.8280668,0.487504961594075,0.91938615,0.5076363353646113,1.7489561,0.8277433708083237,0.61342514,0.6076282225890034,0.0048948892556699,0.4032163749572575,-1.2976667775561213
0.0,0.0,1.0,0.43137255,0.5294118,0.039215688,-0.84566444,0.487083568558992,0.9216115,0.5077524659845684,1.770491,0.8280732252148726,0.61547935,0.6076364199194776,0.0049030865861443,0.4065288836404241,-1.319990798154045
0.0,0.0,1.0,0.43137255,0.54901963,0.019607844,-0.8561696,0.4868320121648358,0.92255205,0.5078015497178728,1.7834061,0.8282710487523903,0.6165962,0.6076348702116997,0.0049015368783663,0.4083451640021707,-1.3333174306731983
0.0,0.0,1.0,0.43137255,0.5686275,0.0,-0.82015973,0.4876943050705164,0.92222005,0.5077842242175873,1.7285196,0.8274303407148142,0.6101933,0.6076362900009726,0.0049029566676393,0.3987508396458479,-1.2876359813249325
0.0,0.0,1.0,0.4509804,0.49019608,0.05882353,-0.76643276,0.4889808527369848,0.9132458,0.5073158975929027,1.7214862,0.82732260960245,0.62276644,0.6078731199774459,0.0051397866441125,0.413961741706464,-1.219478906538939
0.0,0.0,1.0,0.4509804,0.50980395,0.039215688,-0.78736734,0.4884795526128345,0.9164662,0.5074839549456726,1.7442819,0.8276717752673779,0.6244602,0.6078784276086283,0.0051450942752949,0.4169117359476226,-1.246036142576472
0.0,0.0,1.0,0.4509804,0.5294118,0.019607844,-0.80132014,0.4881454386435095,0.91769063,0.507547854003548,1.7578651,0.8278798314346192,0.6247452,0.6078577080272255,0.0051243746938922,0.4177078433033475,-1.2637364045938455
0.0,0.0,1.0,0.4509804,0.54901963,0.0,-0.7702685,0.4888890020465723,0.9166233,0.5074921542309064,1.7069075,0.8270993049179315,0.6177541,0.6078268203984701,0.0050934870651367,0.4074259260832905,-1.2243448547962432
0.0,0.0,1.0,0.47058824,0.4509804,0.078431375,-0.6856482,0.4909153222216039,0.90082294,0.5066676035004406,1.6695193,0.8265266227581625,0.62823135,0.608036516160069,0.0053031828267356,0.4187546703911975,-1.116997059367021
0.0,0.0,1.0,0.47058824,0.47058824,0.05882353,-0.70736486,0.4903952945647993,0.90581757,0.5069282511883989,1.6933762,0.8268920430394,0.63060963,0.608071862930866,0.0053385295975327,0.4227103815430036,-1.1445464186479783
0.0,0.0,1.0,0.47058824,0.49019608,0.039215688,-0.7267146,0.4899319447771893,0.90888685,0.507088423416712,1.7155275,0.8272313394388647,0.63256663,0.6080839025442554,0.005350569210922,0.4259678335888421,-1.1690931703535694
0.0,0.0,1.0,0.47058824,0.50980395,0.019607844,-0.74465764,0.4895022805698075,0.9110603,0.5072018447887788,1.7322644,0.8274877011413195,0.63288903,0.6080639421666353,0.0053306088333019,0.4269533562208107,-1.1918553705258883
0.0,0.0,1.0,0.47058824,0.5294118,0.0,-0.719695,0.4901000372640956,0.9102616,0.5071601640520057,1.6843534,0.8267538386298451,0.6249733,0.6080046799819822,0.0052713466486487,0.4155956098362698,-1.1601881818330233
0.0,0.0,1.0,0.49019608,0.4117647,0.09803922,-0.60136026,0.4929336838018576,0.88303965,0.5057395725646786,1.6121019,0.8256471497796458,0.63126045,0.6081068020487274,0.0053734687153939,0.4199830023241562,-1.0100708841805652
0.0,0.0,1.0,0.49019608,0.43137255,0.078431375,-0.6250935,0.4923653664863156,0.8899924,0.5061024064887915,1.6401384,0.8260765897308936,0.63501245,0.6081814542353335,0.0054481209020002,0.4259125854799121,-1.0401784711648052
0.0,0.0,1.0,0.49019608,0.4509804,0.05882353,-0.6474468,0.4918300938957193,0.89508736,0.5063682891528684,1.6646391,0.8264518719737901,0.63742656,0.6082167516741259,0.0054834183407925,0.4299369727100253,-1.0685354570262835
0.0,0.0,1.0,0.49019608,0.47058824,0.039215688,-0.6688024,0.4913187127896974,0.8992889,0.5065875484913115,1.6863844,0.8267849491839546,0.63895696,0.6082304034883212,0.0054970701549878,0.4327123911707938,-1.0956267504122124
0.0,0.0,1.0,0.49019608,0.49019608,0.019607844,-0.6870156,0.4908825786558221,0.90272546,0.5067668876375347,1.7059019,0.8270839011948145,0.64053726,0.6082444558293904,0.0055111224960571,0.4354449627437635,-1.1187317060652453
0.0,0.0,1.0,0.49019608,0.50980395,0.0,-0.66726595,0.4913555041630097,0.9024963,0.506754927754483,1.6619234,0.8264102749827601,0.6323846,0.6081735689667509,0.0054402356334176,0.4239256887314145,-1.0936776641500563
0.0,0.0,1.0,0.50980395,0.37254903,0.11764706,-0.51027906,0.4951147170040667,0.8562555,0.5043418246095054,1.5470681,0.824651014962145,0.6310148,0.6080358521919057,0.0053025188585723,0.4163009392640293,-0.8945269001152465
0.0,0.0,1.0,0.50980395,0.39215687,0.09803922,-0.53667086,0.4944827380667748,0.86666113,0.5048848499575934,1.5784953,0.8251323904393076,0.63616186,0.608166659487892,0.0054333261545586,0.4243026905601199,-0.9280070709746832
0.0,0.0,1.0,0.50980395,0.4117647,0.078431375,-0.5622439,0.4938703658756206,0.87533146,0.505337316128785,1.6073997,0.8255751251402016,0.6401624,0.608260935714869,0.0055276023815357,0.4306764517857187,-0.9604485407446512
0.0,0.0,1.0,0.50980395,0.43137255,0.05882353,-0.58605134,0.493300271578282,0.88137686,0.5056527988696219,1.6331187,0.8259690686029009,0.64281476,0.6083073796836016,0.0055740463502682,0.4350938143440888,-0.990650266395004
0.0,0.0,1.0,0.50980395,0.4509804,0.039215688,-0.6103857,0.4927175599965394,0.887148,0.5059539701873325,1.6569724,0.8263344395834599,0.6445782,0.6083353232557772,0.0056019899224438,0.4383173785013541,-1.0215204143814494
0.0,0.0,1.0,0.50980395,0.47058824,0.019607844,-0.63316417,0.4921721065134484,0.8921497,0.5062149849146146,1.6781132,0.8266582573958142,0.64569956,0.6083484496079591,0.0056151162746257,0.4406071732628844,-1.050416750528374
0.0,0.0,1.0,0.50980395,0.49019608,0.0,-0.61842996,0.4925249323151869,0.89332515,0.5062763271392342,1.6398582,0.8260722987459096,0.6382511,0.6082911860667769,0.0055578527334435,0.4302191862129645,-1.031725197014827
0.0,0.0,1.0,0.5294118,0.3529412,0.11764706,-0.44217092,0.4967456366062641,0.83371633,0.5031656066597786,1.5105377,0.8240914723461823,0.6340277,0.608000905204075,0.0052675718707416,0.4177678239774824,-0.8081261299035654
0.0,0.0,1.0,0.5294118,0.37254903,0.09803922,-0.4722417,0.4960255607633994,0.84605765,0.5038096455844866,1.5452423,0.8246230486957556,0.6396861,0.6081527516812139,0.0054194183478805,0.4266242586819637,-0.84627338581398
0.0,0.0,1.0,0.5294118,0.39215687,0.078431375,-0.4959881,0.4954569287293946,0.85519636,0.5042865540862426,1.5728066,0.8250452560548666,0.64400494,0.6082629129568345,0.0055295796235012,0.4333952185321698,-0.8763976455499293
0.0,0.0,1.0,0.5294118,0.4117647,0.05882353,-0.51890576,0.4949081417997283,0.86263555,0.5046747728232513,1.5982203,0.8254345232569088,0.6473167,0.6083391459599629,0.0056058126266294,0.4387269705773968,-0.9054705767608748
0.0,0.0,1.0,0.5294118,0.43137255,0.039215688,-0.54283696,0.4943350844387672,0.869073,0.5050107133406373,1.6222099,0.8258019758216728,0.64948195,0.6083825912003591,0.0056492578670257,0.4425048807007983,-0.9358292758014684
0.0,0.0,1.0,0.5294118,0.4509804,0.019607844,-0.5682173,0.493727326691106,0.87448096,0.5052929323651271,1.645964,0.8261658221330992,0.6507426,0.6083953603964442,0.0056620270631107,0.4450654770739191,-0.9680262874930894
0.0,0.0,1.0,0.5294118,0.47058824,0.0,-0.5626222,0.493861306836694,0.876114,0.5053781539193144,1.6146333,0.8256859238503417,0.64270836,0.60830846153545,0.0055751282021166,0.4341457004947073,-0.9609284589083592
0.0,0.0,1.0,0.54901963,0.33333334,0.11764706,-0.36921558,0.4984926273748573,0.80008537,0.5014105552543718,1.4720968,0.8235026652126287,0.6343222,0.6078019492806193,0.0050686159472859,0.4150519832233644,-0.7155762900734578
0.0,0.0,1.0,0.54901963,0.3529412,0.09803922,-0.4019148,0.4977096106940237,0.81687266,0.5022866096892772,1.5089182,0.8240666649751216,0.64129204,0.6080209617861408,0.0052876284528075,0.4259021066462385,-0.757057945098919
0.0,0.0,1.0,0.54901963,0.37254903,0.078431375,-0.42851633,0.4970726098206261,0.8294948,0.5029453021924134,1.5377289,0.8245079644784847,0.64623576,0.6081752921638414,0.005441958830508,0.433713496019217,-0.7908041616585302
0.0,0.0,1.0,0.54901963,0.39215687,0.05882353,-0.45326605,0.4964799521363531,0.8393515,0.5034596798102268,1.564286,0.8249147443771149,0.6501238,0.6082847921078982,0.0055514587745649,0.4399555230942021,-0.8222012215283535
0.0,0.0,1.0,0.54901963,0.4117647,0.039215688,-0.47795314,0.4958887945387213,0.8458739,0.503800055904526,1.5890406,0.8252939158957628,0.65232044,0.6083275887796701,0.0055942554463367,0.4437987374472982,-0.8535188117290328
0.0,0.0,1.0,0.54901963,0.43137255,0.019607844,-0.5039504,0.4952662628644916,0.8519974,0.504119613403958,1.6133468,0.8256662181865343,0.6537979,0.6083506981516612,0.0056173648183279,0.4466931401688105,-0.8864984975836508
0.0,0.0,1.0,0.54901963,0.4509804,0.0,-0.5028184,0.4952933700438355,0.8544999,0.5042502078616758,1.588271,0.8252821275557387,0.64665085,0.60827523515375,0.0055419018204166,0.4371176950471564,-0.8850624481484619
0.0,0.0,1.0,0.5686275,0.3137255,0.11764706,-0.29514083,0.5002664234499832,0.7645391,0.4995555540642837,1.4319667,0.8228879843525971,0.6337883,0.6075699872889547,0.0048366539556213,0.4111225848789833,-0.6216063930393924
0.0,0.0,1.0,0.5686275,0.33333334,0.09803922,-0.32841775,0.4994695734297329,0.77962756,0.500342952949972,1.4704195,0.8234769740812564,0.6405431,0.6077631668203205,0.0050298334869871,0.4216383670848698,-0.6638208930061894
0.0,0.0,1.0,0.5686275,0.3529412,0.078431375,-0.36059466,0.4986990641316179,0.7941461,0.5011006123189224,1.503166,0.8239785573587671,0.6455725,0.6079260779364358,0.0051927446031024,0.4297792834046101,-0.7046399479263136
0.0,0.0,1.0,0.5686275,0.37254903,0.05882353,-0.38873073,0.4980253168446884,0.8070852,0.5017758464756527,1.5322976,0.8244247723223758,0.65021735,0.6080753118809056,0.0053419785475722,0.4372395329737923,-0.7403328689264081
0.0,0.0,1.0,0.5686275,0.39215687,0.039215688,-0.41469485,0.4974035794599125,0.8174736,0.5023179697779449,1.5578349,0.8248159312097131,0.65353787,0.6081791601491902,0.0054458268158567,0.4427674267167537,-0.7732704759314747
0.0,0.0,1.0,0.5686275,0.4117647,0.019607844,-0.4396897,0.4968050520265318,0.82675534,0.502802343486287,1.5801141,0.825157186854662,0.6557266,0.6082548607891604,0.0055215274558269,0.4467052054750975,-0.8049784958530153
0.0,0.0,1.0,0.5686275,0.43137255,0.0,-0.443544,0.4967127567338465,0.8292838,0.5029342910126987,1.5634464,0.8249018842038203,0.6497287,0.6081829773167885,0.0054496439834551,0.4388115634669922,-0.809867997680194
0.0,0.0,1.0,0.5882353,0.27450982,0.13725491,-0.19413142,0.5026851979049382,0.710764,0.4967492678199174,1.3460163,0.8215714663366802,0.6208829,0.6070019773538452,0.0042686440205119,0.3891637970331941,-0.4934676573255807
0.0,0.0,1.0,0.5882353,0.29411766,0.11764706,-0.22641826,0.5019120563187278,0.727544,0.4976249427734879,1.3893684,0.822235499001881,0.6301647,0.607257499364699,0.0045241660313655,0.4031190615190569,-0.5344261622336406
0.0,0.0,1.0,0.5882353,0.3137255,0.09803922,-0.2598391,0.5011117600956277,0.7409653,0.4983253408974192,1.4316509,0.8228831474082471,0.6375924,0.6074400828004314,0.004706749467098,0.4144869009372936,-0.576823230721984
0.0,0.0,1.0,0.5882353,0.33333334,0.078431375,-0.29154134,0.5003526170581858,0.7558844,0.4991039028448111,1.4684098,0.8234461903723861,0.6442509,0.607634236758461,0.0049009034251276,0.4248254029671639,-0.6170401384392296
0.0,0.0,1.0,0.5882353,0.3529412,0.05882353,-0.32226545,0.499616896639037,0.76958066,0.4998186497179017,1.4996147,0.8239241622767784,0.6489766,0.6077865695445724,0.005053236211239,0.4324896493428407,-0.6560161926783642
0.0,0.0,1.0,0.5882353,0.37254903,0.039215688,-0.35153818,0.4989159308437836,0.7820522,0.5004694850911059,1.5279176,0.8243576832286387,0.6528106,0.6079143663878428,0.0051810330545093,0.4388703716508179,-0.6931510609577898
0.0,0.0,1.0,0.5882353,0.39215687,0.019607844,-0.37743613,0.4982957777560313,0.7920552,0.5009914958826537,1.5508336,0.8247086912781831,0.6551509,0.6079986549722894,0.005265321638956,0.4430617633159466,-0.7260047371039126
0.0,0.0,1.0,0.5882353,0.4117647,0.0,-0.38515788,0.4981108724521978,0.79786026,0.5012944370764257,1.5387107,0.8245230030113904,0.65047103,0.6079761041800046,0.0052427708466712,0.4371622756339905,-0.7358004135099793
0.0,0.0,1.0,0.60784316,0.19607843,0.19607843,-0.038461484,0.5064128748498702,0.6069157,0.4913298855461283,1.1667382,0.8188254294977315,0.57839745,0.6055227299645767,0.0027893966312433,0.3241260386078454,-0.295987561612396
0.0,0.0,1.0,0.60784316,0.21568628,0.1764706,-0.06975646,0.5056634843381264,0.6290671,0.4924858696755036,1.2144065,0.8195555743728539,0.59123904,0.6059016427954945,0.0031683094621612,0.34304244210499,-0.3356878125117996
0.0,0.0,1.0,0.60784316,0.23529412,0.15686275,-0.10238318,0.504882203961193,0.64953244,0.4935538639032492,1.2630253,0.8203002775557539,0.60339147,0.6062454484733987,0.0035121151400653,0.3610058324021175,-0.3770774838526587
0.0,0.0,1.0,0.60784316,0.25490198,0.13725491,-0.13475704,0.5041069785248435,0.667592,0.4944963120192309,1.3094006,0.8210106163397607,0.6140785,0.6065379689612783,0.003804635627945,0.3769025371713983,-0.4181463843049149
0.0,0.0,1.0,0.60784316,0.27450982,0.11764706,-0.16591,0.5033609887209338,0.68438345,0.4953725841893283,1.3535393,0.8216866984559867,0.6240043,0.606806757122083,0.0040734237887496,0.3916962655497137,-0.4576664768594582
0.0,0.0,1.0,0.60784316,0.29411766,0.09803922,-0.19805211,0.5025913129628744,0.70035225,0.4962059252005494,1.3964351,0.8223437413805412,0.63291174,0.6070469931813217,0.0043136598479883,0.4051146656208028,-0.4984413735619039
0.0,0.0,1.0,0.60784316,0.3137255,0.078431375,-0.22885212,0.5018537748840324,0.71474224,0.4969568752150805,1.4367124,0.8229606754641772,0.64086753,0.6072571085210967,0.0045237751877633,0.4171591300901061,-0.5375137214486645
0.0,0.0,1.0,0.60784316,0.33333334,0.05882353,-0.25741845,0.5011697246709185,0.7305142,0.4977799453462401,1.4677533,0.8234361348599151,0.6469497,0.6074619349590246,0.0047286016256912,0.4266678087388046,-0.5737524576787489
0.0,0.0,1.0,0.60784316,0.3529412,0.039215688,-0.28514528,0.5005057771888213,0.743276,0.4984459257573061,1.495893,0.8238671560847782,0.65134126,0.6076062863436352,0.0048729530103018,0.4337695183666009,-0.6089262171675751
0.0,0.0,1.0,0.60784316,0.37254903,0.019607844,-0.31317866,0.4998344891305149,0.75438225,0.4990255119546502,1.5210571,0.8242525997453071,0.6540869,0.607704200276824,0.0049708669434907,0.4386025680560543,-0.6444888563028377
0.0,0.0,1.0,0.60784316,0.39215687,0.0,-0.32514587,0.4995479219130797,0.7625917,0.4994539277186231,1.5141795,0.8241472533250233,0.6505418,0.607716367652242,0.0049830343189086,0.4344294508016816,-0.6596702473845683
0.0,0.0,1.0,0.627451,0.19607843,0.1764706,-0.017187975,0.5069222909280297,0.57907796,0.4898771563444474,1.1818354,0.819056677069348,0.5812418,0.6052853747806083,0.002552041447275,0.3264175898363355,-0.2690003689562469
0.0,0.0,1.0,0.627451,0.21568628,0.15686275,-0.047961194,0.5061853945073234,0.6003426,0.4909868624139936,1.2297809,0.819791067280678,0.5940541,0.6056544414006649,0.0029211080673316,0.3452495005435845,-0.3080387238999677
0.0,0.0,1.0,0.627451,0.23529412,0.13725491,-0.07754525,0.5054769738630855,0.62031597,0.4920291856625908,1.2743351,0.8204735128363377,0.605702,0.6059932241206715,0.003259890787338,0.362434967257674,-0.3455685256225874
0.0,0.0,1.0,0.627451,0.25490198,0.11764706,-0.10778554,0.5047528389727453,0.6390376,0.4930061852430558,1.3172761,0.8211312477963428,0.61617607,0.6062967573373813,0.0035634240040479,0.3780116210148653,-0.3839308165523515
0.0,0.0,1.0,0.627451,0.27450982,0.09803922,-0.13926202,0.5039991021704845,0.65555894,0.4938683606147162,1.360377,0.8217914313567154,0.62555796,0.606552964713972,0.0038196313806386,0.3920713138050978,-0.4238613196651203
0.0,0.0,1.0,0.627451,0.29411766,0.078431375,-0.17132758,0.5032312594155355,0.6710604,0.4946773121739196,1.4030668,0.8224453190378433,0.63426656,0.6067846302090995,0.0040512968757661,0.4052030933650455,-0.4645391098760343
0.0,0.0,1.0,0.627451,0.3137255,0.05882353,-0.20198505,0.5024971347117672,0.6854741,0.4954295001685428,1.441278,0.82303060756371,0.641589,0.6069857474813399,0.0042524141480066,0.4163910638150886,-0.5034306283491367
0.0,0.0,1.0,0.627451,0.33333334,0.039215688,-0.22836109,0.5018655332939012,0.70165926,0.4962741323047256,1.4698571,0.8234683592441694,0.6477184,0.6072026749475987,0.0044693416142653,0.4259200300530187,-0.5368907994678641
0.0,0.0,1.0,0.627451,0.3529412,0.019607844,-0.2531972,0.5012708071029062,0.71528536,0.4969852181160862,1.4926802,0.8238179448778404,0.65158945,0.6073579900322776,0.0046246566989442,0.4322741156920596,-0.568397442037978
0.0,0.0,1.0,0.627451,0.37254903,0.0,-0.26561514,0.5009734466835861,0.72406507,0.4974433920598135,1.4879107,0.823744890402,0.6487869,0.6073872430484665,0.0046539097151332,0.4291339073096067,-0.5841506215479332
0.0,0.0,1.0,0.64705884,0.19607843,0.15686275,0.0008579707,0.5073544196940879,0.5472122,0.488214222477812,1.1978133,0.8193014129414228,0.58196115,0.6049566850377742,0.0022233517044408,0.3257884079032607,-0.2461076045503552
0.0,0.0,1.0,0.64705884,0.21568628,0.13725491,-0.02886387,0.5066426996130293,0.56904745,0.4893537085006318,1.2436213,0.8200030638503003,0.59460163,0.6053331573213204,0.0025998239879871,0.3443810406114114,-0.2838121996117724
0.0,0.0,1.0,0.64705884,0.23529412,0.11764706,-0.05702536,0.5059683436741521,0.5890755,0.4903988840802455,1.2860634,0.8206531572051318,0.60603786,0.6056734616531765,0.0029401283198431,0.3612455421357909,-0.3195373649953447
0.0,0.0,1.0,0.64705884,0.25490198,0.09803922,-0.084936485,0.5052999830863087,0.6079938,0.4913861452092637,1.3267019,0.8212756239204705,0.6165864,0.6059872507386811,0.0032539174053476,0.3768678501941001,-0.3549449163491905
0.0,0.0,1.0,0.64705884,0.27450982,0.078431375,-0.1145965,0.504589743444289,0.62519383,0.4922837398756731,1.3683102,0.8219129465736091,0.62630254,0.6062621432978571,0.0035288099645237,0.3913539118306703,-0.3925710826069857
0.0,0.0,1.0,0.64705884,0.29411766,0.05882353,-0.14419524,0.5038809710611344,0.63985926,0.4930490635233854,1.4077401,0.8225169017971318,0.634468,0.6064823121272171,0.0037489787938838,0.4036590834994895,-0.4301195183035189
0.0,0.0,1.0,0.64705884,0.3137255,0.039215688,-0.17401296,0.5031669551543848,0.65355784,0.493763931706083,1.4433043,0.8230616450797773,0.6409497,0.606664177313415,0.0039308439800817,0.4136663494274636,-0.4679457386784751
0.0,0.0,1.0,0.64705884,0.33333334,0.019607844,-0.20185667,0.502500208747546,0.67128503,0.4946890356587627,1.4709989,0.8234858482033935,0.6468091,0.6068916975365674,0.004158364203234,0.4229243865634626,-0.503267776018102
0.0,0.0,1.0,0.64705884,0.3529412,0.0,-0.21761835,0.5021227792412197,0.6821829,0.4952577475385128,1.4708136,0.8234830106754509,0.64512604,0.6069545124850612,0.0042211791517278,0.4214561846540663,-0.5232627530870297
0.0,0.0,1.0,0.6666667,0.21568628,0.11764706,-0.012207045,0.5070415644306094,0.5355082,0.4876034441589484,1.2557886,0.8201894313708863,0.5930299,0.6049448133201482,0.0022114799868147,0.3406415337428464,-0.2626816500722176
0.0,0.0,1.0,0.6666667,0.23529412,0.09803922,-0.03997752,0.5063765717897284,0.55646974,0.4886973333220401,1.2969489,0.8208198920999527,0.6044804,0.6052979324039071,0.0025645990705736,0.3575477597046959,-0.297910778644717
0.0,0.0,1.0,0.6666667,0.25490198,0.078431375,-0.06677387,0.5057349056254671,0.57487077,0.4896576015082436,1.337518,0.8214412961117762,0.615205,0.6056112677484956,0.0028779344151622,0.3733596822731425,-0.3319041470095676
0.0,0.0,1.0,0.6666667,0.27450982,0.05882353,-0.0919508,0.5051320181638587,0.59176546,0.4905392610690941,1.3752332,0.8220189868552946,0.6250159,0.6058967553627491,0.0031634220294157,0.3878443294369068,-0.3638431469233275
0.0,0.0,1.0,0.6666667,0.29411766,0.039215688,-0.1185649,0.5044947161312971,0.60686666,0.4913273256023697,1.4107552,0.822563083751266,0.633019,0.6061283751616443,0.0033950418283109,0.3998668861097438,-0.3976053179074737
0.0,0.0,1.0,0.6666667,0.3137255,0.019607844,-0.14637855,0.5038286896161802,0.62163335,0.4920979339942445,1.4436634,0.823067144844361,0.6396394,0.6063312561515953,0.0035979228182619,0.4100457573519555,-0.4328892177453147
0.0,0.0,1.0,0.6666667,0.33333334,0.0,-0.16635905,0.5033502358401218,0.63622826,0.4928595779172104,1.4512074,0.8231826983310536,0.64035887,0.6064641706961287,0.0037308373627952,0.4120575755927602,-0.4582361292095175
0.0,0.0,1.0,0.6862745,0.21568628,0.09803922,0.0023014667,0.5073889856920792,0.5010556,0.485805514473212,1.2685548,0.8203849742955338,0.59063727,0.6045264914869417,0.0017931581536083,0.3358201998101691,-0.2442764113722466
0.0,0.0,1.0,0.6862745,0.23529412,0.078431375,-0.022611022,0.5067924304899385,0.5205408,0.4868223595938309,1.3073645,0.8209794290957068,0.60176474,0.6048647397264921,0.0021314063931587,0.3521634976840084,-0.275879948952701
0.0,0.0,1.0,0.6862745,0.25490198,0.05882353,-0.048470978,0.5061731872132978,0.53890395,0.4877806526107919,1.346231,0.8215747548745339,0.6122213,0.6051761982328746,0.0024428648995412,0.3675880891900973,-0.3086854262908051
0.0,0.0,1.0,0.6862745,0.27450982,0.039215688,-0.07377494,0.5055672577408336,0.55551475,0.4886474968470715,1.3820186,0.8221229199894603,0.6212528,0.6054458915257884,0.0027125581924551,0.3810153897058752,-0.3407855819602418
0.0,0.0,1.0,0.6862745,0.29411766,0.019607844,-0.09828782,0.5049802715901284,0.57185453,0.4895001976273729,1.4133989,0.8226035778678575,0.6289885,0.6056946823617863,0.0029613490284529,0.392665697778311,-0.3718821825873883
0.0,0.0,1.0,0.6862745,0.3137255,0.0,-0.11805189,0.5045070006776438,0.58408624,0.4901385163375342,1.4301078,0.822859512297765,0.6320474,0.6058350097709809,0.0031016764376476,0.3977418823895276,-0.3969545229420947
0.0,0.0,1.0,0.7058824,0.21568628,0.078431375,0.017466366,0.5077521248347926,0.46486485,0.4839168794169501,1.2805442,0.8205686174971427,0.5876251,0.6040792072496285,0.0013458739162951,0.3300852449364488,-0.2251354666736256
0.0,0.0,1.0,0.7058824,0.23529412,0.05882353,-0.006798771,0.5071710711226507,0.48394883,0.4849127877435974,1.3182324,0.8211458955757223,0.59846085,0.6044099181473235,0.0016765848139901,0.3460040537097881,-0.2558208103810055
0.0,0.0,1.0,0.7058824,0.25490198,0.039215688,-0.031388193,0.5065822520803426,0.50231355,0.4858711616336297,1.3534682,0.8216856083632057,0.6081312,0.6047130073590593,0.0019796740257259,0.3603353501455433,-0.2870145115923838
0.0,0.0,1.0,0.7058824,0.27450982,0.019607844,-0.056731537,0.5059753796121668,0.5202306,0.4868061725375498,1.3865304,0.8221920285850665,0.6166765,0.604991193578261,0.0022578602449276,0.37315436056526,-0.3191646240810724
0.0,0.0,1.0,0.7058824,0.29411766,0.0,-0.07806796,0.5054644570245402,0.53401804,0.4875256784798391,1.4092364,0.8225398211347995,0.62172884,0.6051766522130596,0.0024433188797262,0.3810139034067172,-0.3462316266666074
0.0,0.0,1.0,0.7254902,0.21568628,0.05882353,0.028077818,0.5080062269873079,0.42955688,0.4820743124615821,1.2955554,0.8207985467320961,0.58439666,0.6036263620603287,0.0008930287269953,0.3242102361363762,-0.2764556427259362
0.0,0.0,1.0,0.7254902,0.23529412,0.039215688,0.0060224915,0.5074780894647977,0.4482062,0.4830475374469669,1.3296002,0.8213200182685199,0.5946096,0.6039485483934282,0.0012152150600947,0.3392159086291648,-0.2493488516033968
0.0,0.0,1.0,0.7254902,0.25490198,0.019607844,-0.018260464,0.5068966090807716,0.46740925,0.4840496605580972,1.3628612,0.8218294823507927,0.6040033,0.6042585839965539,0.0015252506632204,0.3531956834118932,-0.2703609089734028
0.0,0.0,1.0,0.7254902,0.27450982,0.0,-0.03923223,0.5063944185031929,0.48322725,0.4848751319973753,1.3868544,0.8221969915200394,0.61028314,0.6044888473402025,0.0017555140068692,0.3627715775697393,-0.2969653183123976
0.0,0.0,1.0,0.74509805,0.23529412,0.019607844,0.014929996,0.507691388832483,0.41432464,0.4812794094880232,1.3448981,0.8215543389157653,0.59138423,0.6035083790787572,0.0007750457454238,0.3334402863804269,-0.298595712278741
0.0,0.0,1.0,0.74509805,0.25490198,0.0,-0.0051381337,0.5072108367995305,0.43107396,0.4821534825326805,1.3703778,0.8219446158687421,0.5987712,0.6037696450669844,0.001036311733651,0.3445173706617107,-0.2742505548863843
0.0,0.0,1.0,0.7647059,0.21568628,0.019607844,0.0446221,0.50840239687194,0.36113715,0.4785037896902126,1.326858,0.8212780159163552,0.5775391,0.602728067492836,-5.265840497407452e-06,0.3121211279280658,-0.3759037830996842
0.0,0.0,1.0,0.7647059,0.23529412,0.0,0.023994625,0.507908450704886,0.37946504,0.4794602412895489,1.3560743,0.8217255273052143,0.5865113,0.6030314064332164,0.000298073099883,0.3254053705774659,-0.3492641734396646
0.0,0.019607844,0.98039216,0.60784316,0.3137255,0.078431375,-0.15795158,0.5035515614548631,0.64447564,0.4932899719609286,1.3628,0.8218285456379004,0.6164413,0.6062233596845641,0.0034900263512307,0.3798870481830323,-0.4475705585992001
0.0,0.019607844,0.98039216,0.627451,0.37254903,0.0,-0.19336468,0.5027035582660525,0.6537103,0.4937718883721029,1.4057852,0.8224869580257477,0.6220436,0.6063208015546343,0.003587468221301,0.3886997525224592,-0.4924949856258184
0.019607844,0.0,0.98039216,0.39215687,0.5882353,0.019607844,-0.87024873,0.4864948723309252,0.9226392,0.507806097272885,1.7243673,0.8273667391875961,0.59225255,0.6072225695971354,0.004489236263802,0.3759076088730055,-1.3511779930698158
0.019607844,0.0,0.98039216,0.39215687,0.60784316,0.0,-0.831037,0.4874338380760736,0.9226135,0.5078047566462022,1.6659467,0.8264719008309346,0.5858411,0.6072368318510701,0.0045034985177367,0.3662278363194702,-1.3014346682156044
0.019607844,0.0,0.98039216,0.4117647,0.54901963,0.039215688,-0.8095387,0.4879486361254058,0.9186769,0.5075993234924573,1.6915195,0.8268636038516869,0.60021925,0.6074705211565167,0.0047371878231833,0.3849012146195908,-1.2741623563825482
0.019607844,0.0,0.98039216,0.4117647,0.5686275,0.019607844,-0.8190736,0.4877203132330061,0.9200391,0.5076704109221747,1.7035441,0.8270477875348087,0.6015032,0.6074795038966632,0.0047461705633298,0.3869319595254001,-1.286258154197299
0.019607844,0.0,0.98039216,0.4117647,0.5882353,0.0,-0.7774866,0.4887161566685953,0.91866004,0.5075984432201807,1.6447448,0.826147146305688,0.5953061,0.607487248731488,0.0047539153981546,0.3774306536584808,-1.2335016358936206
0.019607844,0.0,0.98039216,0.43137255,0.50980395,0.05882353,-0.73928547,0.4896309226335323,0.9121255,0.5072574356938243,1.6443688,0.8261413872560541,0.60573626,0.6076765818611369,0.0049432485278035,0.390249513539015,-1.1850403360064286
0.019607844,0.0,0.98039216,0.43137255,0.5294118,0.039215688,-0.7542149,0.4892734224419269,0.9142367,0.5073676097010261,1.6652212,0.8264607880928015,0.60841435,0.6077006067452516,0.0049672734119181,0.3943283614917261,-1.203979523360553
0.019607844,0.0,0.98039216,0.43137255,0.54901963,0.019607844,-0.76418203,0.4890347488089732,0.9152126,0.5074185348519552,1.6785156,0.8266644199806317,0.6098487,0.6077059012138534,0.00497256788052,0.3965596106365505,-1.2166236694537365
0.019607844,0.0,0.98039216,0.43137255,0.5686275,0.0,-0.7277356,0.4899074966477147,0.9134243,0.5073252135486218,1.6220874,0.8258000987439862,0.60259205,0.6076776029801075,0.0049442696467742,0.3857517004839523,-1.1703883520498284
0.019607844,0.0,0.98039216,0.4509804,0.49019608,0.05882353,-0.6832128,0.4909736400523121,0.90409434,0.5068383234435595,1.6173942,0.8257282128768223,0.6127586,0.6078467254575646,0.0051133921242312,0.3979496117951226,-1.1139075720106402
0.019607844,0.0,0.98039216,0.4509804,0.50980395,0.039215688,-0.70122504,0.4905423187558813,0.907164,0.5069985143348891,1.6391429,0.8260613412136164,0.61502725,0.6078673914347956,0.0051340581014622,0.4015918964901635,-1.1367575593246115
0.019607844,0.0,0.98039216,0.4509804,0.5294118,0.019607844,-0.71266645,0.4902683424178997,0.9084576,0.5070660215759478,1.6529827,0.8262733286534835,0.61625797,0.6078692308824437,0.0051358975491103,0.4035987843181996,-1.1512719269178984
0.019607844,0.0,0.98039216,0.4509804,0.54901963,0.0,-0.6807249,0.4910332153295768,0.9068217,0.5069806538281315,1.5995002,0.825454126667457,0.60853237,0.6078226652750551,0.0050893319417217,0.3922832532394862,-1.1107514692608094
0.019607844,0.0,0.98039216,0.47058824,0.4509804,0.078431375,-0.60643214,0.4928122324484074,0.8898711,0.5060960766157069,1.5629678,0.8248945530103263,0.6154689,0.6079342873581468,0.0052009540248135,0.399072113043023,-1.0165049784591615
0.019607844,0.0,0.98039216,0.47058824,0.47058824,0.05882353,-0.6274684,0.4923084973596425,0.8951932,0.5063738134057422,1.5892696,0.8252974235477434,0.6189981,0.6079932447710427,0.0052599114377093,0.4045727257022502,-1.043191210933954
0.019607844,0.0,0.98039216,0.47058824,0.49019608,0.039215688,-0.6448395,0.4918925280440996,0.89817184,0.5065292545593812,1.6115797,0.825639150288065,0.62163734,0.6080203109638487,0.0052869776305152,0.4086942304897619,-1.0652279006634215
0.019607844,0.0,0.98039216,0.47058824,0.50980395,0.019607844,-0.6603788,0.491520423773985,0.9002276,0.5066365357990309,1.627051,0.8258761276940985,0.6222999,0.6080110290890381,0.0052776957557047,0.4100705899547764,-1.0849407641875572
0.019607844,0.0,0.98039216,0.47058824,0.5294118,0.0,-0.6340707,0.4921503987896362,0.89886856,0.5065656132259589,1.5767722,0.8251059981427294,0.61385673,0.6079406700527749,0.0052073367194415,0.3979464706058451,-1.0515667545226763
0.019607844,0.0,0.98039216,0.49019608,0.4117647,0.09803922,-0.5245794,0.4947722804798367,0.8710747,0.5051151733542979,1.5056316,0.8240163235044795,0.6173756,0.6079679257795381,0.0052345924462047,0.3988162902020485,-0.9126680637889272
0.019607844,0.0,0.98039216,0.49019608,0.43137255,0.078431375,-0.54753375,0.4942226150503344,0.87821674,0.5054878862351265,1.5335224,0.8244435321435356,0.6214018,0.6080513444763321,0.0053180111429988,0.4051015118612432,-0.9417875350392242
0.019607844,0.0,0.98039216,0.49019608,0.4509804,0.05882353,-0.57033795,0.4936765449759694,0.88390577,0.5057847712800555,1.5589831,0.8248335187702943,0.62418365,0.6080982783421064,0.005364945008773,0.409654385058299,-0.9707165361690892
0.019607844,0.0,0.98039216,0.49019608,0.47058824,0.039215688,-0.5901186,0.4932028772755816,0.8878619,0.5059912246787005,1.582113,0.8251878044019861,0.6266188,0.608127302118756,0.0053939687854227,0.4135989983211565,-0.9958098970452248
0.019607844,0.0,0.98039216,0.49019608,0.49019608,0.019607844,-0.60764414,0.4927832098396891,0.8907707,0.5061430203231233,1.601091,0.8254784939843129,0.6280725,0.6081349080490418,0.0054015747157084,0.4161242717990154,-1.0180425010589476
0.019607844,0.0,0.98039216,0.49019608,0.50980395,0.0,-0.5848625,0.4933287403966893,0.88965356,0.5060847232806903,1.5540367,0.8247577545830853,0.6196093,0.6080570727534883,0.0053237394201549,0.4040749424050261,-0.9891420817891552
0.019607844,0.0,0.98039216,0.50980395,0.39215687,0.09803922,-0.46132433,0.4962869883271186,0.85232276,0.5041365936384389,1.4741306,0.8235338177636126,0.62170964,0.6079857999097235,0.00525246657639,0.402325646334063,-0.8324238111142368
0.019607844,0.0,0.98039216,0.50980395,0.4117647,0.078431375,-0.48577124,0.4957015820131413,0.8615913,0.5046202768151719,1.5018145,0.8239578565516337,0.62587816,0.6080932384599823,0.0053599051266489,0.4089170096446548,-0.863436717174273
0.019607844,0.0,0.98039216,0.50980395,0.43137255,0.05882353,-0.50863343,0.4951541231811151,0.8688747,0.5050003678085099,1.5267788,0.8243402399181909,0.6290067,0.6081649103026053,0.0054315769692719,0.4139948303688494,-0.89243929012914
0.019607844,0.0,0.98039216,0.50980395,0.4509804,0.039215688,-0.5311857,0.4946140862810912,0.87507,0.5053236703532459,1.5504025,0.824702088639161,0.63142896,0.6082132817578326,0.0054799484244993,0.418074134065693,-0.9210486734745408
0.019607844,0.0,0.98039216,0.50980395,0.47058824,0.019607844,-0.5525672,0.4941020843019114,0.8794474,0.5055521087852873,1.5716337,0.8250272905224165,0.63283795,0.6082271612032051,0.0054938278698717,0.4206928007504596,-0.9481728586835696
0.019607844,0.0,0.98039216,0.50980395,0.49019608,0.0,-0.53598547,0.4944991505275622,0.8790841,0.505533150271061,1.5302635,0.8243936161194898,0.6244541,0.6081419723060377,0.0054086389727043,0.4089408709191205,-0.9271375926440578
0.019607844,0.0,0.98039216,0.5294118,0.3529412,0.11764706,-0.37634477,0.4983219115204471,0.8201316,0.5024566795373225,1.4151614,0.8226305745542356,0.6196494,0.6078030552040018,0.0050697218706684,0.3961685628312644,-0.7246202559982727
0.019607844,0.0,0.98039216,0.5294118,0.37254903,0.09803922,-0.4032098,0.4976786005775529,0.8315665,0.5030534170467985,1.4481181,0.8231353788094109,0.6254916,0.6079557988112542,0.0052224654779207,0.4051561167644646,-0.7587007593393167
0.019607844,0.0,0.98039216,0.5294118,0.39215687,0.078431375,-0.42416224,0.4971768729786652,0.84037596,0.5035131431313952,1.4730453,0.8235171943051894,0.62975305,0.6080690701384167,0.0053357368050832,0.411764190226428,-0.7852806415860871
0.019607844,0.0,0.98039216,0.5294118,0.4117647,0.05882353,-0.4439955,0.4967019449771316,0.84740394,0.5038799025099713,1.4955875,0.8238624761722191,0.63299865,0.6081481078864407,0.0054147745531073,0.4169107488579458,-0.8104407690824453
0.019607844,0.0,0.98039216,0.5294118,0.43137255,0.039215688,-0.4638936,0.4962254647927033,0.85365564,0.5042061507008061,1.5156679,0.8241700521499212,0.63514334,0.6082005558811435,0.0054672225478101,0.4205477516518625,-0.8356831261365526
0.019607844,0.0,0.98039216,0.5294118,0.4509804,0.019607844,-0.48736703,0.4956633690543917,0.8589863,0.5044843354032366,1.5377812,0.8245087660709988,0.6364668,0.6082188235095424,0.005485490176209,0.4231400214433795,-0.865461114369319
0.019607844,0.0,0.98039216,0.5294118,0.47058824,0.0,-0.4818367,0.4957957984443796,0.8595603,0.5045142895446638,1.5055676,0.8240153429687619,0.6277637,0.6081084769859352,0.0053751436526017,0.411283021889221,-0.8584454397289515
0.019607844,0.0,0.98039216,0.54901963,0.33333334,0.11764706,-0.31353402,0.4998259796000153,0.79191506,0.5009841830907019,1.3849926,0.8221684738164309,0.62112457,0.6076595455023828,0.0049262121690493,0.3955029630738083,-0.6449396633127681
0.019607844,0.0,0.98039216,0.54901963,0.3529412,0.09803922,-0.34359896,0.499106043632023,0.8087195,0.5018611333503976,1.4194944,0.8226969442232562,0.628205,0.6078880404018924,0.0051547070685589,0.4064331517289538,-0.683079509111312
0.019607844,0.0,0.98039216,0.54901963,0.37254903,0.078431375,-0.3662064,0.4985646850571848,0.8181918,0.5023554513360132,1.4459002,0.823101406989995,0.6326285,0.6080071811277311,0.0052738477943976,0.4133268589273773,-0.7117589104525525
0.019607844,0.0,0.98039216,0.54901963,0.39215687,0.05882353,-0.38720608,0.498061826327314,0.8252004,0.5027211966906947,1.4695692,0.8234639495723667,0.6358545,0.6080823241967918,0.0053489908634584,0.4184770883348148,-0.7383987163080732
0.019607844,0.0,0.98039216,0.54901963,0.4117647,0.039215688,-0.40699214,0.4975880287431162,0.8302661,0.5029855552084269,1.4904221,0.8237833577129183,0.6378987,0.6081189805548205,0.0053856472214871,0.4219339426737221,-0.7634989580023743
0.019607844,0.0,0.98039216,0.54901963,0.43137255,0.019607844,-0.42715448,0.4971052206480086,0.8343135,0.5031967707867734,1.5102422,0.8240869458135119,0.63913375,0.6081296457494313,0.0053963124160979,0.424274240848692,-0.7890765470052447
0.019607844,0.0,0.98039216,0.54901963,0.4509804,0.0,-0.42437524,0.4971717725413555,0.83480984,0.5032226719431249,1.4821995,0.8236574109128092,0.63087803,0.6080172851324298,0.0052839517990965,0.413090330755609,-0.7855508460225155
0.019607844,0.0,0.98039216,0.5686275,0.29411766,0.13725491,-0.21446966,0.5021981778634192,0.7411543,0.4983352043016213,1.307503,0.820981550850835,0.6113959,0.6071716443386252,0.0044383110052918,0.3779835935125941,-0.5192683814318232
0.019607844,0.0,0.98039216,0.5686275,0.3137255,0.11764706,-0.2484357,0.5013848258196445,0.7575052,0.4991884836354331,1.3526353,0.8216728504431703,0.6205682,0.6074153866327493,0.0046820532994159,0.3918206853593934,-0.5623571044692431
0.019607844,0.0,0.98039216,0.5686275,0.33333334,0.09803922,-0.27850586,0.5006647649633732,0.7726109,0.4999767845669173,1.3900639,0.8222461516003476,0.6280563,0.6076292337102127,0.0048959003768793,0.4032406596533811,-0.6005035664391032
0.019607844,0.0,0.98039216,0.5686275,0.3529412,0.078431375,-0.30722567,0.4999770394666236,0.7865953,0.5007065676102737,1.420229,0.8227081957336696,0.6331995,0.6077972676035223,0.0050639342701889,0.4114248305903397,-0.6369370071392539
0.019607844,0.0,0.98039216,0.5686275,0.37254903,0.05882353,-0.33385548,0.4993393613419308,0.79886633,0.5013469392522462,1.4465685,0.8231116432716207,0.63719314,0.6079326479552659,0.0051993146219325,0.4179438485994506,-0.6707191022507288
0.019607844,0.0,0.98039216,0.5686275,0.39215687,0.039215688,-0.35433257,0.4988490164176043,0.80539006,0.5016873837776058,1.4679735,0.8234395073915174,0.639677,0.6079919691955759,0.0052586358622424,0.4220629318541771,-0.6966959677406737
0.019607844,0.0,0.98039216,0.5686275,0.4117647,0.019607844,-0.3745667,0.4983644891461319,0.8094144,0.5018973955913902,1.4878398,0.8237438039611211,0.64089584,0.6080018962328811,0.0052685628995477,0.424382476919137,-0.722364633067506
0.019607844,0.0,0.98039216,0.5686275,0.43137255,0.0,-0.37482563,0.4983582889783208,0.8100103,0.5019284943978274,1.4664247,0.8234157846353846,0.6338698,0.6079008560038442,0.0051675226705109,0.414939873228862,-0.7226930976181831
0.019607844,0.0,0.98039216,0.5882353,0.23529412,0.1764706,-0.08810615,0.5052240822348163,0.6648354,0.4943524574883142,1.1777756,0.8189944924801501,0.584835,0.6061903440677602,0.0034570107344268,0.3361545174147702,-0.3589658944647483
0.019607844,0.0,0.98039216,0.5882353,0.25490198,0.15686275,-0.11795526,0.5045093145006279,0.68602747,0.4954583780760206,1.2236959,0.8196978616089723,0.597256,0.6065551847285403,0.0038218513952069,0.3544321051379387,-0.3968319441910082
0.019607844,0.0,0.98039216,0.5882353,0.27450982,0.13725491,-0.1513608,0.5037093845570085,0.7040288,0.4963977872308211,1.2702675,0.82041120773437,0.60764515,0.6068394598407333,0.0041061265073998,0.3699525558754639,-0.4392096083940597
0.019607844,0.0,0.98039216,0.5882353,0.29411766,0.11764706,-0.18364498,0.5029363064854087,0.7203407,0.4972490354063409,1.3147806,0.8210930233369151,0.6171588,0.6070927884095549,0.0043594550762215,0.3842037890253917,-0.4801647485064203
0.019607844,0.0,0.98039216,0.5882353,0.3137255,0.09803922,-0.21651238,0.5021492626928165,0.7345565,0.4979908934213505,1.3581892,0.8217579215029169,0.6254111,0.6072993592056947,0.0045660258723613,0.3966965629245761,-0.5218597467017131
0.019607844,0.0,0.98039216,0.5882353,0.33333334,0.078431375,-0.24762018,0.5014043544214019,0.74877256,0.4987327669888738,1.393782,0.8223031030138162,0.6316448,0.6074800748080306,0.0047467414746972,0.4064218809762532,-0.5613225432126862
0.019607844,0.0,0.98039216,0.5882353,0.3529412,0.05882353,-0.27463585,0.5007574363481898,0.7618645,0.4994159764746403,1.4215534,0.8227284820499131,0.6362607,0.6076339649575812,0.0049006316242477,0.413818765982939,-0.5955941404845986
0.019607844,0.0,0.98039216,0.5882353,0.37254903,0.039215688,-0.29800957,0.5001977284737705,0.7722176,0.4999562583593079,1.4454592,0.8230946527970351,0.63988906,0.6077495465433712,0.0050162132100378,0.4196919559477592,-0.6252456275218579
0.019607844,0.0,0.98039216,0.5882353,0.39215687,0.019607844,-0.32135093,0.4996387956203277,0.7808517,0.5004068364553337,1.4659284,0.8234081832011342,0.64180976,0.6078179384255985,0.0050846050922651,0.4232018982551879,-0.6548560564902796
0.019607844,0.0,0.98039216,0.5882353,0.4117647,0.0,-0.3261239,0.4995245021493759,0.7846263,0.5006038152626197,1.449667,0.8231591033914948,0.6360565,0.6077624736011634,0.00502914026783,0.4157060902442205,-0.6609109496359004
0.019607844,0.0,0.98039216,0.60784316,0.23529412,0.15686275,-0.066660255,0.5057376262274167,0.63889813,0.4929989066666342,1.1917123,0.8192079625922755,0.58798337,0.6059814984954421,0.0032481651621087,0.3389182841275522,-0.3317600184433469
0.019607844,0.0,0.98039216,0.60784316,0.25490198,0.13725491,-0.09596988,0.5050357771152079,0.65970075,0.4940845032294096,1.2360951,0.8198877824303152,0.59994197,0.6063360209249776,0.0036026875916442,0.3565445336101491,-0.3689416819573081
0.019607844,0.0,0.98039216,0.60784316,0.27450982,0.11764706,-0.12565465,0.5043249446106871,0.6786843,0.4950751703589328,1.2795326,0.8205531224764728,0.6108541,0.6066510791486975,0.0039177458153642,0.372706066143452,-0.4065992561254903
0.019607844,0.0,0.98039216,0.60784316,0.29411766,0.09803922,-0.15742187,0.503564245822114,0.6940772,0.4958784576926389,1.3230491,0.8212196731281812,0.6199015,0.6068874588809781,0.0041541255476446,0.3862828575492154,-0.446898582433945
0.019607844,0.0,0.98039216,0.60784316,0.3137255,0.078431375,-0.18914795,0.5028045322236494,0.70761913,0.4965851514741246,1.3639505,0.8218461678915517,0.6274739,0.607078617196442,0.0043452838631085,0.3978052886296686,-0.4871457166024167
0.019607844,0.0,0.98039216,0.60784316,0.33333334,0.05882353,-0.21639293,0.5021521229912266,0.72197396,0.4973342662920365,1.3953542,0.8223271836563562,0.63364506,0.607271190979873,0.0045378576465397,0.4073490837214935,-0.5217082174752957
0.019607844,0.0,0.98039216,0.60784316,0.3529412,0.039215688,-0.24093696,0.5015643909006728,0.73380035,0.4979514335835368,1.4211372,0.822722107654773,0.6380002,0.6074126440463276,0.0046793107129942,0.4142846383586176,-0.5528443355485261
0.019607844,0.0,0.98039216,0.60784316,0.37254903,0.019607844,-0.2650834,0.5009861795788539,0.7440762,0.4984876842566478,1.4428375,0.823054494655438,0.6406101,0.6075094528303132,0.0047761194969799,0.418802667231071,-0.5834760745275394
0.019607844,0.0,0.98039216,0.60784316,0.39215687,0.0,-0.27351162,0.5007843572655863,0.7507719,0.4988371025824247,1.4318911,0.822886826699627,0.6363838,0.6075027621825461,0.0047694288492126,0.4135645383887771,-0.5941679585963365
0.019607844,0.0,0.98039216,0.627451,0.23529412,0.13725491,-0.046006978,0.5062321902346275,0.6083346,0.4914039310639554,1.207136,0.8194442114438372,0.5898212,0.6056934442474734,0.00296011091414,0.3397736260036778,-0.3055596397831009
0.019607844,0.0,0.98039216,0.627451,0.25490198,0.11764706,-0.074752465,0.5055438499307221,0.62822366,0.4924418529511695,1.2497805,0.8200974052635635,0.60108393,0.6060277027151517,0.0032943693818183,0.3564147807639886,-0.3420256509494632
0.019607844,0.0,0.98039216,0.627451,0.27450982,0.09803922,-0.10358586,0.5048534045456702,0.647216,0.4934329804350989,1.2912952,0.8207332927191713,0.6116418,0.6063398925666468,0.0036065592333134,0.372076664077525,-0.3786031824091444
0.019607844,0.0,0.98039216,0.627451,0.29411766,0.078431375,-0.1316922,0.5041803693003423,0.6634162,0.4942783964179733,1.3311732,0.8213441116927173,0.6209657,0.606600959137011,0.0038676258036775,0.3859578417263431,-0.4142583817810756
0.019607844,0.0,0.98039216,0.627451,0.3137255,0.05882353,-0.16110872,0.5034759605136518,0.67566234,0.4949174678697987,1.3684962,0.8219157950572581,0.6276832,0.6067697411469029,0.0040364078135695,0.3962212859690292,-0.4515756484519323
0.019607844,0.0,0.98039216,0.627451,0.33333334,0.039215688,-0.18756844,0.5028423551741452,0.68991584,0.4956612948330454,1.3977538,0.822363940051134,0.63336706,0.6069558633527748,0.0042225300194415,0.4050838403547694,-0.4851419807652157
0.019607844,0.0,0.98039216,0.627451,0.3529412,0.019607844,-0.21227267,0.5022507868724878,0.70291144,0.4963394777463771,1.4202572,0.8227086284840701,0.63696533,0.6070996310343116,0.0043662977009783,0.4110445640422544,-0.5164813287178375
0.019607844,0.0,0.98039216,0.627451,0.37254903,0.0,-0.22446224,0.5019588951324883,0.71231717,0.4968303213004274,1.4141212,0.822614641305312,0.633992,0.6071346192460759,0.0044012859127425,0.4076902148699983,-0.5319447955376667
0.019607844,0.0,0.98039216,0.64705884,0.23529412,0.11764706,-0.027434107,0.5066769367534206,0.5761015,0.4897218271689071,1.2197934,0.8196380872751696,0.5894869,0.6053456170658325,0.0026122837324991,0.3376973961980443,-0.2819984282304803
0.019607844,0.0,0.98039216,0.64705884,0.25490198,0.09803922,-0.055340808,0.5060086820529965,0.5956116,0.4907399724796732,1.262158,0.820286993761814,0.6008096,0.6056785494314946,0.0029452160981612,0.3543838704186792,-0.3174003700162217
0.019607844,0.0,0.98039216,0.64705884,0.27450982,0.078431375,-0.08209032,0.5053681374746856,0.6131229,0.4916538101914131,1.3021208,0.8208991109865615,0.61105114,0.6059736862175534,0.00324035288422,0.369512119248317,-0.351334320436842
0.019607844,0.0,0.98039216,0.64705884,0.29411766,0.05882353,-0.1084646,0.5047365781620108,0.6292183,0.492493757910463,1.3398762,0.8214774170755862,0.62020993,0.60623591771602,0.0035025843826866,0.3831212426074981,-0.3847922609606666
0.019607844,0.0,0.98039216,0.64705884,0.3137255,0.039215688,-0.1339528,0.5041262370110949,0.6414384,0.493131473183092,1.372557,0.8219779960800155,0.6266809,0.6064119020914008,0.0036785687580674,0.3929475120447858,-0.4171261328817365
0.019607844,0.0,0.98039216,0.64705884,0.33333334,0.019607844,-0.16021903,0.503497265026735,0.65808505,0.4940001868315208,1.3981832,0.8223705171268414,0.6320164,0.6066226563283658,0.0038893229950323,0.4014197310363048,-0.4504470052393011
0.019607844,0.0,0.98039216,0.6666667,0.23529412,0.09803922,-0.01033898,0.5070862971819583,0.5402162,0.4878491334392096,1.2320292,0.8198255047176134,0.58730215,0.6049203117795937,0.0021869784462604,0.3330373712513136,-0.2603118556537668
0.019607844,0.0,0.98039216,0.6666667,0.25490198,0.078431375,-0.036100622,0.5064694081162789,0.55874425,0.4888160301067611,1.2718217,0.8204350144842515,0.5981551,0.6052401509024304,0.0025068175690971,0.3489994745437412,-0.2929926146182479
0.019607844,0.0,0.98039216,0.6666667,0.27450982,0.05882353,-0.06236778,0.5058404140088525,0.57598174,0.4897155781688939,1.3112075,0.821038294105883,0.6082738,0.6055314287612098,0.0027980954278764,0.3639397895615897,-0.3263146589832993
0.019607844,0.0,0.98039216,0.6666667,0.29411766,0.039215688,-0.08658421,0.5052605265971251,0.5914759,0.4905241502467625,1.3455181,0.8215638356872129,0.6168032,0.6057828375103669,0.0030495041770334,0.3766223354510196,-0.3570351917071703
0.019607844,0.0,0.98039216,0.6666667,0.3137255,0.019607844,-0.11126735,0.5046694633793497,0.60667485,0.4913173160045387,1.3761735,0.8220333899572324,0.6238603,0.606006723113707,0.0032733897803735,0.387322209154422,-0.3883477819726736
0.019607844,0.0,0.98039216,0.6666667,0.33333334,0.0,-0.1277874,0.5042738738683908,0.62163526,0.4920980335303324,1.379919,0.822090761339444,0.62458897,0.6061542229127225,0.003420889579389,0.3892677376677231,-0.4093048165122405
0.019607844,0.0,0.98039216,0.6862745,0.25490198,0.05882353,-0.019141711,0.5068755067082884,0.52118605,0.4868560338965403,1.2827235,0.8206019995343672,0.5949226,0.6047778467130653,0.0020445133797319,0.3428719705119709,-0.2714788434401823
0.019607844,0.0,0.98039216,0.6862745,0.27450982,0.039215688,-0.042973995,0.506304818121154,0.5380517,0.4877361786425544,1.3175457,0.8211353762716828,0.6042078,0.605058791011797,0.0023254576784637,0.3566112810618962,-0.3017120526143144
0.019607844,0.0,0.98039216,0.6862745,0.29411766,0.019607844,-0.06809175,0.5057033476062756,0.55453545,0.4885963912869832,1.3497355,0.8216284341837082,0.6120598,0.6053093910256556,0.0025760576923223,0.3684392847452344,-0.3335759873386857
0.019607844,0.0,0.98039216,0.6862745,0.3137255,0.0,-0.08648227,0.5052629676277418,0.5667903,0.4892359168722093,1.3642429,0.8218506469494946,0.6148503,0.6054498438164819,0.0027165104831485,0.3731183292539961,-0.356905873913017
0.019607844,0.0,0.98039216,0.7058824,0.23529412,0.05882353,0.018401269,0.5077745120400478,0.46541703,0.4839456951143729,1.2580159,0.8202235474404357,0.5806114,0.6039812515316187,0.0012479181982854,0.3206261144235834,-0.2243328762111717
0.019607844,0.0,0.98039216,0.7058824,0.25490198,0.039215688,-0.0035069743,0.5072498965900168,0.4831179,0.484869425780091,1.2923585,0.8207495802025999,0.59065646,0.6042896341909026,0.0015563008575692,0.3353682637882453,-0.2516448957108066
0.019607844,0.0,0.98039216,0.7058824,0.27450982,0.019607844,-0.02708853,0.5066852119399855,0.5010622,0.4858058597390166,1.3234726,0.8212261607322868,0.59914875,0.604572410803763,0.0018390774704296,0.348070184461311,-0.2815600359934336
0.019607844,0.0,0.98039216,0.7058824,0.29411766,0.0,-0.0473903,0.5061990651351538,0.5155163,0.4865601535439978,1.344572,0.8215493431136733,0.6042326,0.6047695205976084,0.0020361872642749,0.3559683234146908,-0.3073144988846855
0.019607844,0.0,0.98039216,0.7254902,0.25490198,0.019607844,0.006845367,0.5074977940698224,0.44782907,0.4830278572961039,1.3040057,0.8209279829246752,0.5862267,0.6038178780968672,0.0010845447635338,0.3278815219380719,-0.2498969938590041
0.019607844,0.0,0.98039216,0.7254902,0.27450982,0.0,-0.012713528,0.5070294361730232,0.46374923,0.4838586601370857,1.3277241,0.8212912814507844,0.59291995,0.6040597925869645,0.0013264592536311,0.3379808504837414,-0.2633241653717848
0.019607844,0.0,0.98039216,0.74509805,0.25490198,0.0,0.016911544,0.5077388390412729,0.41155836,0.4811350495004106,1.3128077,0.8210628038469214,0.58042586,0.6033122307962017,0.0005788974628683,0.3185196654459772,-0.3026165050958522
0.039215688,0.0,0.9607843,0.4117647,0.5686275,0.019607844,-0.72457314,0.4899832246181468,0.9107396,0.5071851102840147,1.5928404,0.8253521180857054,0.5930023,0.6075068176626224,0.0047734843292889,0.3726475424586878,-1.1663765326057034
0.039215688,0.0,0.9607843,0.4117647,0.5882353,0.0,-0.68420315,0.4909499255522701,0.90752864,0.5070175443906785,1.5353087,0.8244708940201251,0.5862114,0.6074794546543579,0.0047461213210245,0.3623136276711484,-1.1151638884262711
0.039215688,0.0,0.9607843,0.43137255,0.50980395,0.05882353,-0.65654093,0.4916123258470037,0.9000222,0.5066258170065742,1.5345831,0.824459779456041,0.59268814,0.6075659741032062,0.0048326407698729,0.3700479992884497,-1.0800720938483417
0.039215688,0.0,0.9607843,0.43137255,0.54901963,0.019607844,-0.6768272,0.4911265504063898,0.9036404,0.5068146338546592,1.5687579,0.8249832412791169,0.5985237,0.6076414751800553,0.0049081418467219,0.378577533991655,-1.105806883081612
0.039215688,0.0,0.9607843,0.43137255,0.5686275,0.0,-0.6378256,0.4920604835107228,0.9004405,0.5066476465148334,1.5122021,0.8241169662748404,0.59160566,0.6076083654334655,0.0048750321001322,0.3681088497235321,-1.056330171027973
0.039215688,0.0,0.9607843,0.4509804,0.49019608,0.05882353,-0.60507786,0.4928446620093736,0.892253,0.5062203754158704,1.511548,0.8241069472813906,0.5995744,0.6077239949022116,0.0049906615688781,0.3776958335145613,-1.0147869667059537
0.039215688,0.0,0.9607843,0.4509804,0.50980395,0.039215688,-0.6197437,0.4924934733145594,0.89505166,0.5063664259617245,1.5302768,0.8243938188000571,0.60186154,0.6077512393587804,0.005017906025447,0.381265032279842,-1.0333917916652586
0.039215688,0.0,0.9607843,0.4509804,0.5294118,0.019607844,-0.628563,0.4922822865213174,0.89565486,0.5063979042494965,1.5427818,0.8245853610659387,0.6032912,0.6077551839455841,0.0050218506122508,0.3834464939752247,-1.0445797751624613
0.039215688,0.0,0.9607843,0.4509804,0.54901963,0.0,-0.59301573,0.4931335021934845,0.8926509,0.5062411411321911,1.4885914,0.8237553165825356,0.59607553,0.6077099866360705,0.004976653302737,0.3726747894072341,-0.999485161306324
0.039215688,0.0,0.9607843,0.47058824,0.4509804,0.078431375,-0.53975695,0.4944088384607456,0.8801355,0.5055880164289671,1.4684932,0.823447468538126,0.60295725,0.6078147744759462,0.0050814411426129,0.3801019501513666,-0.931922029670784
0.039215688,0.0,0.9607843,0.47058824,0.47058824,0.05882353,-0.5560155,0.4940195110265018,0.8845836,0.5058201439172633,1.4912299,0.8237957303572807,0.60659933,0.6078784617670153,0.0051451284336819,0.3855975857451064,-0.9525473199290408
0.039215688,0.0,0.9607843,0.47058824,0.49019608,0.039215688,-0.57072383,0.4936673046706265,0.8867314,0.5059322277731501,1.5101253,0.824085154555525,0.60871094,0.6078948956664338,0.0051615623331005,0.3889083389783912,-0.9712060572328748
0.039215688,0.0,0.9607843,0.47058824,0.50980395,0.019607844,-0.58265376,0.4933816302259735,0.8874762,0.5059710966154424,1.5219142,0.824265728333407,0.6089122,0.6078728183916077,0.0051394850582743,0.3895213050669883,-0.9863401521413896
0.039215688,0.0,0.9607843,0.47058824,0.5294118,0.0,-0.5499746,0.4941641659085216,0.88485485,0.5058342998152524,1.4672338,0.8234281773652086,0.60070467,0.6078088810296608,0.0050755476963275,0.3775019689907535,-0.9448839788271572
0.039215688,0.0,0.9607843,0.49019608,0.39215687,0.11764706,-0.4453768,0.496668868138057,0.8519264,0.5041159087951895,1.3945379,0.8223146813694687,0.6003625,0.6076998194342385,0.004966486100905,0.3731160648297172,-0.8121930715064022
0.039215688,0.0,0.9607843,0.49019608,0.43137255,0.078431375,-0.4891232,0.4956213159594782,0.86861616,0.5049868744476053,1.448126,0.8231354993221807,0.6092063,0.6079145632430881,0.0051812299097547,0.3867808238129348,-0.8676889493805706
0.039215688,0.0,0.9607843,0.49019608,0.4509804,0.05882353,-0.5069307,0.4951948967064055,0.8743092,0.5052839678962181,1.4696896,0.8234657937829343,0.612356,0.6079815527951861,0.0052482194618526,0.3916975748401851,-0.8902792425188281
0.039215688,0.0,0.9607843,0.49019608,0.47058824,0.039215688,-0.52138317,0.494848817726316,0.8771801,0.5054337883713983,1.4883269,0.8237512647971401,0.61470795,0.6080112902982848,0.0052779569649514,0.3953509250690843,-0.9086133715546932
0.039215688,0.0,0.9607843,0.49019608,0.49019608,0.019607844,-0.5349083,0.4945249445958595,0.8784676,0.5055009783411771,1.5024526,0.8239676308676419,0.6153373,0.6079978512682263,0.0052645179348928,0.3966021835618449,-0.9257711075243896
0.039215688,0.0,0.9607843,0.49019608,0.50980395,0.0,-0.51152825,0.4950848037635081,0.87578255,0.5053608564135535,1.4521865,0.8231976948670849,0.60548025,0.6078811183480489,0.0051477850147155,0.3826031131249572,-0.8961116054681683
0.039215688,0.0,0.9607843,0.50980395,0.37254903,0.11764706,-0.3864814,0.4980791793752533,0.8314334,0.5030464712941706,1.3673124,0.8218976633632619,0.6040881,0.6076744380108953,0.0049411046775619,0.3758593128707462,-0.7374794087557865
0.039215688,0.0,0.9607843,0.50980395,0.39215687,0.09803922,-0.41049966,0.4975040374505057,0.8419262,0.5035940441972707,1.3971777,0.8223551152296754,0.60953474,0.6078177322924839,0.0050843989591506,0.3842052089447969,-0.7679485411472695
0.039215688,0.0,0.9607843,0.50980395,0.4117647,0.078431375,-0.4329579,0.4969662521077383,0.8512678,0.5040815408503682,1.4238117,0.8227630728667373,0.61404055,0.607936955274948,0.0052036219416145,0.3912012006082908,-0.7964386443755679
0.039215688,0.0,0.9607843,0.50980395,0.43137255,0.05882353,-0.45189592,0.4965127613576872,0.85823464,0.5044451088531287,1.445545,0.8230959656558451,0.61729455,0.608017945288887,0.0052846119555536,0.3963332775771858,-0.8204630966143533
0.039215688,0.0,0.9607843,0.50980395,0.4509804,0.039215688,-0.47020367,0.4960743635345511,0.8634278,0.5047161176257281,1.4647341,0.8233898889974939,0.6193194,0.6080601233859243,0.005326790052591,0.3997294455435813,-0.8436879750982734
0.039215688,0.0,0.9607843,0.50980395,0.47058824,0.019607844,-0.48651558,0.4956837579579788,0.8664358,0.5048730922572201,1.4801836,0.8236265322544839,0.62003464,0.6080611274898943,0.0053277941565609,0.4012306529722454,-0.8643809771440834
0.039215688,0.0,0.9607843,0.50980395,0.49019608,0.0,-0.46808943,0.4961249911018692,0.8635199,0.504720923352468,1.4361776,0.8229524842477354,0.61053604,0.6079327995673575,0.0051994662340241,0.3878376279571133,-0.8410058926680086
0.039215688,0.0,0.9607843,0.5294118,0.3529412,0.11764706,-0.32651633,0.4995151048416252,0.8083867,0.5018437643030736,1.3381728,0.8214513260609324,0.60668105,0.607603398401877,0.0048700650685437,0.3769575545817236,-0.6614087881721937
0.039215688,0.0,0.9607843,0.5294118,0.37254903,0.09803922,-0.35276744,0.4988864950332741,0.82010007,0.5024550340813708,1.3715961,0.8219632770885449,0.61297625,0.6077682687343966,0.0050349354010632,0.3865492720905649,-0.6947104736329488
0.039215688,0.0,0.9607843,0.5294118,0.39215687,0.078431375,-0.37349334,0.4983901918675738,0.8291887,0.5029293297608216,1.3965211,0.8223450578912533,0.6174055,0.6078881931732162,0.0051548598398829,0.3933873842111928,-0.7210029872045698
0.039215688,0.0,0.9607843,0.5294118,0.4117647,0.05882353,-0.39223307,0.4979414497267095,0.83645386,0.5033084658298171,1.4186052,0.8226833244543219,0.620942,0.6079777466702828,0.0052444133369495,0.3989054829289023,-0.7447758737066834
0.039215688,0.0,0.9607843,0.5294118,0.43137255,0.039215688,-0.4097582,0.4975217922818793,0.84175056,0.5035848775456834,1.4379312,0.8229793439877842,0.6233079,0.6080286712717823,0.0052953379384489,0.4027442353112311,-0.7670079484267012
0.039215688,0.0,0.9607843,0.5294118,0.4509804,0.019607844,-0.42952713,0.4970484050448835,0.84427434,0.503716582452881,1.4560446,0.8232567899470944,0.62359726,0.6080072591482863,0.0052739258149529,0.403745872525412,-0.792086451272402
0.039215688,0.0,0.9607843,0.5294118,0.47058824,0.0,-0.4211574,0.497248827182133,0.8428839,0.5036440206448628,1.4192187,0.8226927207984613,0.61364836,0.6078618562084858,0.0051285228751523,0.3900655023066382,-0.7814687439356983
0.039215688,0.0,0.9607843,0.54901963,0.29411766,0.15686275,-0.20263442,0.5024815846937514,0.75233,0.4989184142346625,1.2196012,0.8196351420161146,0.5897656,0.6070117136481762,0.0042783803148428,0.348908452825495,-0.5042544172910067
0.039215688,0.0,0.9607843,0.54901963,0.3137255,0.13725491,-0.23656458,0.5016690922381589,0.7685001,0.499762259413651,1.2660289,0.8203462842185866,0.5993214,0.6072592119567988,0.0045258786234654,0.3632551820605912,-0.5472976021664502
0.039215688,0.0,0.9607843,0.54901963,0.33333334,0.11764706,-0.26753816,0.5009273978773956,0.7824868,0.5004921637666143,1.3083493,0.8209945132773888,0.607766,0.6074713583071328,0.0047380249737995,0.3759488398294817,-0.586590136234512
0.039215688,0.0,0.9607843,0.54901963,0.3529412,0.09803922,-0.29430553,0.5002864255567294,0.79629105,0.5012125468706775,1.3442338,0.8215441628905246,0.61540645,0.6076810451059771,0.0049477117726438,0.3874410953058976,-0.6205467470418808
0.039215688,0.0,0.9607843,0.54901963,0.37254903,0.078431375,-0.3166084,0.4997523604573781,0.80619866,0.5017295808578345,1.3707364,0.8219501083295216,0.6201089,0.6078106832149114,0.005077349881578,0.3947179882371394,-0.6488397639784342
0.039215688,0.0,0.9607843,0.54901963,0.39215687,0.05882353,-0.3368701,0.4992671730621459,0.81224513,0.5020451195877208,1.3945376,0.8223146758916156,0.6233042,0.6078756561804941,0.0051423228471607,0.3997735457406579,-0.6745434004964931
0.039215688,0.0,0.9607843,0.54901963,0.4117647,0.039215688,-0.35600027,0.4988090814279007,0.81593716,0.502237790348706,1.415497,0.8226357146064611,0.6251446,0.6078941954610225,0.0051608621276892,0.4028900177549916,-0.6988115924864545
0.039215688,0.0,0.9607843,0.54901963,0.43137255,0.019607844,-0.37591046,0.4983323115026654,0.81870425,0.5023821923281057,1.4343331,0.8229242313070301,0.625709,0.6078795783792671,0.0051462450459336,0.4042745421060529,-0.7240692990580082
0.039215688,0.0,0.9607843,0.5686275,0.25490198,0.1764706,-0.10792144,0.5047495847410212,0.69591266,0.4959742425141457,1.1362501,0.8183584388629961,0.57474715,0.6063607553727209,0.0036274220393876,0.3241748957098633,-0.3841032150734251
0.039215688,0.0,0.9607843,0.5686275,0.27450982,0.15686275,-0.13641085,0.504067376451609,0.7156512,0.4970043103819305,1.1813275,0.8190488966918941,0.58685595,0.6067068611751446,0.0039735278418112,0.3419444880420175,-0.4202443722283111
0.039215688,0.0,0.9607843,0.5686275,0.29411766,0.13725491,-0.16851608,0.5032985834752696,0.7337917,0.4979509825606389,1.2274631,0.8197555653142763,0.59757954,0.6070017104500616,0.0042683771167282,0.3578863425564975,-0.4609725020512433
0.039215688,0.0,0.9607843,0.5686275,0.3137255,0.11764706,-0.20332359,0.5024650819565795,0.7506105,0.4988286793409932,1.2740672,0.8204694080983616,0.607118,0.6072543897986448,0.0045210564653114,0.3722555756946336,-0.5051286781683257
0.039215688,0.0,0.9607843,0.5686275,0.33333334,0.09803922,-0.23532006,0.5016988934360902,0.765727,0.4996175432734741,1.3146477,0.8210909874014866,0.6150182,0.6074691413703502,0.0047358080370169,0.3842823633293,-0.5457188324643606
0.039215688,0.0,0.9607843,0.5686275,0.3529412,0.078431375,-0.2630205,0.5010355782455078,0.778557,0.5002870852101823,1.3456745,0.8215662313349997,0.6204037,0.6076296315968966,0.0048962982635632,0.3927254960492345,-0.5808590952229957
0.039215688,0.0,0.9607843,0.5686275,0.37254903,0.05882353,-0.28386438,0.5005364497501155,0.7852726,0.5006375424438757,1.3707243,0.8219499239084649,0.6240442,0.6077079720341519,0.0049746387008186,0.398420055648454,-0.6073012854930694
0.039215688,0.0,0.9607843,0.5686275,0.39215687,0.039215688,-0.30272782,0.500084745259276,0.7891224,0.5008384467056249,1.3923794,0.8222816188736792,0.62625796,0.6077349369461934,0.00500160361286,0.4020383404109044,-0.6312311075787306
0.039215688,0.0,0.9607843,0.5686275,0.4117647,0.019607844,-0.3231311,0.499596167325684,0.7924645,0.5010128557049985,1.4120421,0.8225827967188776,0.6271252,0.6077306065831868,0.0049972732498533,0.4038643302013436,-0.6571143636962647
0.039215688,0.0,0.9607843,0.5686275,0.43137255,0.0,-0.32265553,0.4996075557094237,0.79271513,0.5010259353690382,1.3888757,0.8222279523461623,0.6196451,0.6076204811415414,0.004887147808208,0.3937781647954209,-0.6565110444858935
0.039215688,0.0,0.9607843,0.5882353,0.25490198,0.15686275,-0.08348176,0.5053348179955264,0.6718919,0.4947207067977048,1.1502539,0.8185729369855665,0.5795547,0.6062094872595992,0.0034761539262658,0.3291633295389115,-0.3530994771364899
0.039215688,0.0,0.9607843,0.5882353,0.27450982,0.13725491,-0.1139375,0.5046055239703853,0.69208103,0.4957742869557335,1.1956123,0.819267700407057,0.5912519,0.6065491704443919,0.0038158371110585,0.3464460282529504,-0.3917350821032032
0.039215688,0.0,0.9607843,0.5882353,0.29411766,0.11764706,-0.14323443,0.5039039786935179,0.7106583,0.4967437528985518,1.2387965,0.8199291603072184,0.60207343,0.6068589639664294,0.004125630633096,0.3624609104808092,-0.4289006494175216
0.039215688,0.0,0.9607843,0.5882353,0.3137255,0.09803922,-0.17362149,0.5031763292685979,0.7266626,0.4975789446589058,1.281623,0.8205851423542088,0.6115547,0.6071134720939041,0.0043801387605708,0.3766075134404207,-0.4674491288597128
0.039215688,0.0,0.9607843,0.5882353,0.33333334,0.078431375,-0.20297924,0.5024733277943988,0.7399867,0.4982742726633639,1.3173909,0.8211330061872107,0.61813277,0.6072935355483245,0.0045602022149911,0.3867194032430294,-0.5046918407315379
0.039215688,0.0,0.9607843,0.5882353,0.3529412,0.05882353,-0.22923672,0.5018445652655237,0.75116545,0.498857641232045,1.344821,0.8215531575254315,0.6222499,0.6074184546743334,0.004685121341,0.3933566092675016,-0.5380016168246445
0.039215688,0.0,0.9607843,0.5882353,0.37254903,0.039215688,-0.25227484,0.5012928937734389,0.7611369,0.4993780065676411,1.3687234,0.8219192753199728,0.6258618,0.6075300585536842,0.0047967252203509,0.3991852508410687,-0.5672273626895741
0.039215688,0.0,0.9607843,0.5882353,0.39215687,0.019607844,-0.27235028,0.5008121666738812,0.7659673,0.499630084820539,1.3892376,0.8222334959335714,0.62761825,0.6075585824759973,0.0048252491426638,0.4022535587694795,-0.5926947073750211
0.039215688,0.0,0.9607843,0.5882353,0.4117647,0.0,-0.27416727,0.5007686570248122,0.76635104,0.4996501102372065,1.3719778,0.8219691237838295,0.6213872,0.607462630348616,0.0047292970152827,0.3939162757035432,-0.5949997058471305
0.039215688,0.0,0.9607843,0.60784316,0.25490198,0.13725491,-0.06360191,0.5058108614278022,0.6452835,0.4933321317151244,1.1664493,0.8188210052183204,0.5827103,0.6059879994537489,0.0032546661204156,0.3319545778943207,-0.327880257778635
0.039215688,0.0,0.9607843,0.60784316,0.27450982,0.11764706,-0.09362343,0.5050919652439375,0.6642854,0.4943237568794928,1.2100092,0.8194882205162135,0.59355706,0.6063013142132146,0.0035679808798812,0.3480376162912227,-0.3659650192251575
0.039215688,0.0,0.9607843,0.60784316,0.29411766,0.09803922,-0.12298857,0.5043887867852059,0.6815997,0.4952273112691602,1.2525164,0.8201393108403221,0.60370916,0.6065851362982294,0.003851802964896,0.3631075511106745,-0.4032171071569065
0.039215688,0.0,0.9607843,0.60784316,0.3137255,0.078431375,-0.14978586,0.5037470979626426,0.6950235,0.4959278400342068,1.2900801,0.8207146808000471,0.61177254,0.6067965395989655,0.0040632062656321,0.3751572816382044,-0.4372116758842662
0.039215688,0.0,0.9607843,0.60784316,0.33333334,0.05882353,-0.17379336,0.5031722136645732,0.70956826,0.4966868680243647,1.3190442,0.8211583303024206,0.618273,0.6070058039971195,0.0042724706637861,0.3850660475313477,-0.4676671600594975
0.039215688,0.0,0.9607843,0.60784316,0.3529412,0.039215688,-0.19803622,0.5025916933368896,0.7221466,0.4973432743079839,1.3447939,0.8215527430345415,0.6229681,0.6071625702264717,0.0044292368931383,0.3924782588699674,-0.4984212225944158
0.039215688,0.0,0.9607843,0.60784316,0.37254903,0.019607844,-0.22004876,0.502064580589612,0.73196477,0.4978556425410245,1.3658121,0.8218746819432582,0.6259094,0.6072649683579648,0.0045316350246315,0.3973704282683923,-0.5263459267256404
0.039215688,0.0,0.9607843,0.60784316,0.39215687,0.0,-0.2275651,0.5018845940998483,0.7378592,0.4981632463784102,1.3537613,0.8216900983768549,0.6213518,0.6072459796183711,0.0045126462850377,0.3916334946421646,-0.535881020498704
0.039215688,0.0,0.9607843,0.627451,0.27450982,0.09803922,-0.072130166,0.5056066435789337,0.6319025,0.4926338362910482,1.223131,0.8196892084269131,0.5943011,0.6059765627656316,0.0032432294322983,0.3473323540331921,-0.3386990494648936
0.039215688,0.0,0.9607843,0.627451,0.29411766,0.078431375,-0.100363694,0.5049305626653073,0.64644873,0.493392938933272,1.2631402,0.8203020377725728,0.6030751,0.6062085131237174,0.003475179790384,0.3604173703834596,-0.3745155983518106
0.039215688,0.0,0.9607843,0.627451,0.3137255,0.05882353,-0.12625688,0.5043105235827124,0.65908617,0.4940524308356135,1.29774,0.820832009111167,0.61018974,0.6063983211764977,0.0036649878431643,0.3711367330863242,-0.4073632348786897
0.039215688,0.0,0.9607843,0.627451,0.33333334,0.039215688,-0.14861315,0.5037751796273854,0.67499727,0.4948827608801782,1.3240947,0.8212356885449024,0.61682624,0.6066312096841553,0.0038978763508219,0.3812332710739359,-0.4357240014094896
0.039215688,0.0,0.9607843,0.627451,0.3529412,0.019607844,-0.17012428,0.5032600736392399,0.6891796,0.4956228739031482,1.3439832,0.8215403247414027,0.62101287,0.6068077574279304,0.0040744240945969,0.3879443474112325,-0.463012626830668
0.039215688,0.0,0.9607843,0.627451,0.37254903,0.0,-0.18190612,0.5029779453080598,0.6990396,0.4961374225986125,1.3366766,0.8214284085492157,0.6179367,0.6068479254852961,0.0041145921519626,0.3844565776187822,-0.4779588602805861
0.039215688,0.0,0.9607843,0.64705884,0.25490198,0.09803922,-0.023333497,0.5067751300734882,0.5786133,0.4898529068650532,1.1926391,0.8192221593617438,0.58263963,0.6052833987667617,0.0025500654334283,0.3284478716117756,-0.2767964682613636
0.039215688,0.0,0.9607843,0.64705884,0.27450982,0.078431375,-0.05061258,0.5061219043393392,0.59531486,0.4907244883970122,1.2336167,0.8198498209078398,0.592773,0.6055654045480637,0.0028320712147304,0.3434158350918328,-0.311402224717118
0.039215688,0.0,0.9607843,0.64705884,0.3137255,0.039215688,-0.10277714,0.5048727702574296,0.62303907,0.4921712920909653,1.3045914,0.8209369538222183,0.6082845,0.6059936720568712,0.0032603387235377,0.3666789214173956,-0.3775772505303092
0.039215688,0.0,0.9607843,0.64705884,0.33333334,0.019607844,-0.12587388,0.5043196950210901,0.640466,0.4930807253308193,1.3281398,0.8212976485421203,0.614244,0.6062326896313431,0.0034993562980098,0.3759358753948581,-0.4068773621608013
0.039215688,0.0,0.9607843,0.6666667,0.25490198,0.078431375,-0.0066210264,0.5071753274044011,0.540198,0.4878481847358726,1.2048546,0.8194092663925079,0.57947725,0.6048109261775939,0.0020775928442605,0.3223911554517804,-0.255595326536814
0.039215688,0.0,0.9607843,0.6666667,0.29411766,0.039215688,-0.05614605,0.5059893996595604,0.5715106,0.4894822500265385,1.2777125,0.8205252438557342,0.5976923,0.6053322978472777,0.0025989645139443,0.3493550688414384,-0.3184218879636215
0.039215688,0.0,0.9607843,0.6666667,0.3137255,0.019607844,-0.08130013,0.5053870592978195,0.58497095,0.4901846855297673,1.3082942,0.8209936696880005,0.60398835,0.605521804838529,0.0027884715051957,0.3589803437552617,-0.3503319043211883
0.039215688,0.0,0.9607843,0.6862745,0.29411766,0.019607844,-0.03818548,0.5064194840267947,0.5343007,0.4875404284838524,1.2832452,0.8206099898961927,0.59312016,0.6048566341356133,0.0021233008022799,0.3414075344753378,-0.295637429100668
0.05882353,0.0,0.9411765,0.4117647,0.5882353,0.0,-0.60139054,0.4929329587361927,0.89454776,0.5063401297715245,1.4314547,0.8228801418928072,0.57487065,0.6073844101335082,0.0046510768001748,0.3443808029227269,-1.0101092957808746
0.05882353,0.0,0.9411765,0.43137255,0.5294118,0.039215688,-0.60412216,0.4928675472512439,0.89288473,0.5062533436344568,1.4681704,0.8234425238626636,0.5856443,0.6075211382494548,0.0047878049161214,0.3589164081601397,-1.0135745816678416
0.05882353,0.0,0.9411765,0.43137255,0.54901963,0.019607844,-0.6075929,0.4927844373130587,0.89310867,0.506265029793267,1.477093,0.8235791926473796,0.5875363,0.6075428865845685,0.004809553251235,0.3615662009003599,-1.0179774735466127
0.05882353,0.0,0.9411765,0.43137255,0.5686275,0.0,-0.5632471,0.4938463430799416,0.8878136,0.5059887051714776,1.4163105,0.8226481767224253,0.5802924,0.6074944083246149,0.0047610749912815,0.350443211177163,-0.9617211896517524
0.05882353,0.0,0.9411765,0.4509804,0.47058824,0.078431375,-0.5310572,0.4946171635282829,0.879467,0.5055531321406902,1.4085629,0.8225295045113273,0.5856576,0.6075666000601001,0.0048332667267668,0.3565300878506816,-0.9208856510133852
0.05882353,0.0,0.9411765,0.4509804,0.49019608,0.05882353,-0.5476954,0.4942187442273363,0.8836991,0.5057739871670411,1.4301722,0.8228604983113358,0.5887253,0.6076177432352378,0.0048844099019044,0.3612539899213361,-0.941992598543238
0.05882353,0.0,0.9411765,0.4509804,0.50980395,0.039215688,-0.5618994,0.4938786142112055,0.88646317,0.5059182305108009,1.4488966,0.8231473040957643,0.59115344,0.6076480496059236,0.0049147162725902,0.3649997662750014,-0.9600115709844388
0.05882353,0.0,0.9411765,0.4509804,0.5294118,0.019607844,-0.5655443,0.4937913337181529,0.8858536,0.5058864193992353,1.4581743,0.8232894123886791,0.59282786,0.6076557218353558,0.0049223885020224,0.3673316329894567,-0.9646354051783752
0.05882353,0.0,0.9411765,0.4509804,0.54901963,0.0,-0.52527696,0.4947555768509477,0.88022476,0.505592675962078,1.4010136,0.8224138706827883,0.5853205,0.6075873744986047,0.0048540411652713,0.3559495424974565,-0.9135529672503856
0.05882353,0.0,0.9411765,0.47058824,0.4509804,0.078431375,-0.48326877,0.4957615062639396,0.8702231,0.5050707336015906,1.3882838,0.8222188864991642,0.59174603,0.6076837087882315,0.0049503754548981,0.363147846801333,-0.8602621269514584
0.05882353,0.0,0.9411765,0.47058824,0.47058824,0.05882353,-0.49936002,0.4953761845320352,0.87482595,0.5053109359550109,1.4101399,0.8225536600178607,0.59520197,0.6077469268349689,0.0050135935016355,0.3683935327902694,-0.880675208240683
0.05882353,0.0,0.9411765,0.47058824,0.49019608,0.039215688,-0.5115944,0.4950832194664845,0.8773132,0.5054407341240262,1.4274752,0.8228191879946217,0.59773135,0.6077810471950441,0.0050477138617108,0.3722139336988381,-0.896195536327112
0.05882353,0.0,0.9411765,0.47058824,0.50980395,0.019607844,-0.5213279,0.4948501408284249,0.8775694,0.5054541030648211,1.4384184,0.8229868066497542,0.59821993,0.6077636835143334,0.005030350181,0.3731389238606528,-0.9085432779454672
0.05882353,0.0,0.9411765,0.47058824,0.5294118,0.0,-0.4879879,0.4956485016400259,0.8708509,0.5051034965269959,1.3853865,0.8221745067587233,0.5894165,0.6076421683085816,0.0049088349752483,0.3601546877446557,-0.8662487412091276
0.05882353,0.0,0.9411765,0.49019608,0.39215687,0.11764706,-0.393834,0.497903114020623,0.8411198,0.5035519622056436,1.3127298,0.8210616115008812,0.5866719,0.607505562575716,0.0047722292423825,0.3529192196809156,-0.746806773652963
0.05882353,0.0,0.9411765,0.49019608,0.4117647,0.09803922,-0.41650474,0.4973602396589028,0.85069996,0.5040519070907236,1.3412186,0.8214979791104393,0.59180456,0.607636708620022,0.0049033752866885,0.360774270665377,-0.7755664764105983
0.05882353,0.0,0.9411765,0.49019608,0.43137255,0.078431375,-0.43609607,0.4968911050462148,0.85838705,0.5044530624086457,1.3674694,0.821900068140804,0.59658676,0.6077480785318882,0.0050147451985548,0.3680088057939099,-0.8004196891714135
0.05882353,0.0,0.9411765,0.49019608,0.4509804,0.05882353,-0.45247805,0.4964988216848217,0.863674,0.5047289640020619,1.3887442,0.8222259383221464,0.59998006,0.60781790800301,0.0050845746696766,0.3732018322343851,-0.8212015747529788
0.05882353,0.0,0.9411765,0.49019608,0.47058824,0.039215688,-0.4647979,0.4962038098787919,0.8660099,0.5048508646046096,1.4062206,0.8224936263990079,0.6024775,0.6078494336274698,0.0051161002941364,0.376976130062589,-0.8368303324355568
0.05882353,0.0,0.9411765,0.49019608,0.49019608,0.019607844,-0.4762258,0.495930157536688,0.8657105,0.5048352405493252,1.4195106,0.8226971925526,0.60299844,0.6078208635462045,0.005087530212871,0.377969910376588,-0.8513275357901228
0.05882353,0.0,0.9411765,0.49019608,0.50980395,0.0,-0.4502229,0.4965528233766116,0.85999024,0.5045367256009582,1.368931,0.8219224561267141,0.5928995,0.6076706683680947,0.0049373350347612,0.3634685759672593,-0.8183407422771797
0.05882353,0.0,0.9411765,0.50980395,0.37254903,0.11764706,-0.33607832,0.4992861332438226,0.81954944,0.5024262992570193,1.2872164,0.8206708178037553,0.5902292,0.6074610834348658,0.0047277501015324,0.3554277551412587,-0.6735389522710797
0.05882353,0.0,0.9411765,0.50980395,0.39215687,0.09803922,-0.3586133,0.49874650954559,0.8297941,0.5029609231371951,1.316203,0.8211148105849275,0.5957946,0.6076074144225708,0.0048740810892375,0.3638858457179129,-0.7021264455411075
0.05882353,0.0,0.9411765,0.50980395,0.4117647,0.078431375,-0.37998888,0.4982346495822245,0.8392084,0.5034522146036405,1.3429043,0.8215237998843367,0.60070795,0.6077368880234005,0.0050035546900672,0.3714051448801225,-0.7292431072181856
0.05882353,0.0,0.9411765,0.50980395,0.43137255,0.05882353,-0.39750022,0.4978153225560979,0.8458672,0.5037997075282187,1.364064,0.821847906196958,0.6041437,0.6078209787604248,0.0050876454270915,0.3767335368211327,-0.7514576774392435
0.05882353,0.0,0.9411765,0.50980395,0.4509804,0.039215688,-0.4144138,0.4974103091540261,0.84895396,0.5039607911338359,1.3824521,0.8221295609734547,0.6056641,0.6078335537537722,0.0051002204204388,0.3793387962458407,-0.7729139588144298
0.05882353,0.0,0.9411765,0.50980395,0.47058824,0.019607844,-0.42887118,0.4970641124221308,0.8501772,0.5040246279816564,1.3984401,0.8223744520513693,0.60658205,0.6078210641517189,0.0050877308183854,0.3810014418844347,-0.7912543259546758
0.05882353,0.0,0.9411765,0.50980395,0.49019608,0.0,-0.41051793,0.497503599984706,0.8468539,0.5038511987906472,1.3528577,0.8216762576678427,0.5963979,0.6076770188143986,0.0049436854810652,0.3666719179969682,-0.767971716650212
0.05882353,0.0,0.9411765,0.5294118,0.29411766,0.1764706,-0.18712229,0.5028530388311684,0.7555278,0.4990852927068922,1.1257021,0.8181968732356176,0.5647026,0.6067117349245593,0.003978401591226,0.314828292376407,-0.4845759956643955
0.05882353,0.0,0.9411765,0.5294118,0.3529412,0.11764706,-0.27738962,0.5006914946232912,0.7953833,0.5011651739138824,1.2584329,0.8202299346172331,0.59214216,0.607362201051469,0.0046288677181355,0.3556038883749873,-0.5990875167446235
0.05882353,0.0,0.9411765,0.5294118,0.37254903,0.09803922,-0.30127874,0.5001194449323288,0.8069815,0.5017704342008776,1.2915348,0.8207369628807959,0.5990792,0.6075422806713341,0.0048089473380007,0.3659942022898576,-0.6293928327343933
0.05882353,0.0,0.9411765,0.5294118,0.39215687,0.078431375,-0.32150793,0.4996350361263096,0.8153427,0.5022067693048374,1.3170489,0.8211277675336282,0.6036279,0.6076565243215918,0.0049231909882583,0.3729546209518213,-0.6550552221501514
0.05882353,0.0,0.9411765,0.5294118,0.4117647,0.05882353,-0.3399581,0.499193227782689,0.8212821,0.5025167184612923,1.3396424,0.8214738363855634,0.6069888,0.6077279275431816,0.0049945942098482,0.3781816848851747,-0.6784607788209599
0.05882353,0.0,0.9411765,0.5294118,0.43137255,0.039215688,-0.35776842,0.4987667414467694,0.8246332,0.5026915971465803,1.3591948,0.8217733234000829,0.6086865,0.6077438873311443,0.0050105539978108,0.3810589076392583,-0.7010546257883797
0.05882353,0.0,0.9411765,0.54901963,0.29411766,0.15686275,-0.1574337,0.5035639625041327,0.740714,0.4983122270178494,1.1369493,0.8183691480659455,0.57340986,0.6067484458626425,0.0040151125293092,0.3252585098405603,-0.4469135916911554
0.05882353,0.0,0.9411765,0.54901963,0.3137255,0.13725491,-0.18830894,0.5028246231794855,0.7555605,0.4990870003728988,1.1835154,0.8190824101975946,0.583589,0.606998011249993,0.0042646779166596,0.3403179522657085,-0.4860813636715981
0.05882353,0.0,0.9411765,0.54901963,0.33333334,0.11764706,-0.21982321,0.5020699814724383,0.76837635,0.4997558020099539,1.2284392,0.8197705162015312,0.59233075,0.6071987665613078,0.0044654332279744,0.3533854020773099,-0.5260598056713672
0.05882353,0.0,0.9411765,0.54901963,0.3529412,0.09803922,-0.24644127,0.5014325845247848,0.78140444,0.5004356801472812,1.265817,0.8203430395035582,0.6002601,0.6074037680585415,0.004670434725208,0.3652356967965446,-0.5598270049457144
0.05882353,0.0,0.9411765,0.54901963,0.37254903,0.078431375,-0.26571456,0.5009710659561669,0.78976196,0.5008718224000709,1.2912304,0.8207323012277473,0.6050926,0.6075250631946617,0.0047917298613283,0.3725532825864738,-0.5842767446765081
0.05882353,0.0,0.9411765,0.54901963,0.39215687,0.05882353,-0.28440884,0.5005234121274472,0.79467887,0.5011284139924507,1.3155041,0.8211041050338802,0.6085914,0.6075853103845926,0.0048519770512593,0.3779366278137434,-0.6079919759714645
0.05882353,0.0,0.9411765,0.54901963,0.4117647,0.039215688,-0.3036875,0.5000617643886666,0.7978626,0.5012945583860328,1.3366312,0.821427712861863,0.6102688,0.6075946785455207,0.0048613452121874,0.3808193875106642,-0.6324485587137336
0.05882353,0.0,0.9411765,0.5686275,0.29411766,0.13725491,-0.1320481,0.5041718469241911,0.7209911,0.4972829741017836,1.1511832,0.8185871721000071,0.58004206,0.6066806643753273,0.0039473310419939,0.3328326467421968,-0.4147098693114838
0.05882353,0.0,0.9411765,0.5686275,0.3137255,0.11764706,-0.16167992,0.5034622823925247,0.73916996,0.4982316494442593,1.1958057,0.8192706620996715,0.59109855,0.6069881979788184,0.0042548646454851,0.3491591063728474,-0.4523002704374948
0.05882353,0.0,0.9411765,0.5686275,0.33333334,0.09803922,-0.1886758,0.5028158381811251,0.751291,0.4988641919508245,1.2353399,0.819876215030369,0.5993183,0.6071854150541062,0.0044520817207728,0.3613790270291995,-0.4865467640651105
0.05882353,0.0,0.9411765,0.5686275,0.3529412,0.078431375,-0.2133926,0.5022239690771273,0.76021594,0.4993299461897395,1.2654117,0.8203368312699644,0.60407835,0.607296915512277,0.0045635821789437,0.3687627411674389,-0.517902047538928
0.05882353,0.0,0.9411765,0.5686275,0.37254903,0.05882353,-0.23471422,0.5017134008153891,0.7667739,0.4996721761436744,1.2916291,0.820738407208082,0.60789627,0.6073746613890485,0.0046413280557151,0.3747034789943808,-0.5449502791012848
0.05882353,0.0,0.9411765,0.5686275,0.39215687,0.039215688,-0.25292182,0.5012774012040313,0.77043176,0.4998630645865871,1.313457,0.821072749802329,0.6103223,0.6074044051976492,0.0046710718643157,0.3785837693974461,-0.5680481081926445
0.05882353,0.0,0.9411765,0.5882353,0.29411766,0.11764706,-0.1109557,0.5046769261676605,0.69430846,0.4958905264432866,1.1674687,0.818836618925809,0.58360714,0.6064680238455854,0.003734690512252,0.3361411205625526,-0.387952427930017
0.05882353,0.0,0.9411765,0.5882353,0.3137255,0.09803922,-0.13917294,0.5040012352622879,0.70973593,0.4966956178685843,1.2091228,0.8194746427441535,0.5932286,0.6067238319583419,0.0039904986250085,0.3503990256526904,-0.423748315459089
0.05882353,0.0,0.9411765,0.5882353,0.33333334,0.078431375,-0.16372891,0.5034132173559872,0.72469866,0.497476456703985,1.2419081,0.8199768212817088,0.6009593,0.6069554984472271,0.0042221651138936,0.3619952036159319,-0.4548995751129605
0.05882353,0.0,0.9411765,0.5882353,0.3529412,0.05882353,-0.18339275,0.5029423464393992,0.73581296,0.4980564628191996,1.2658908,0.8203441697672625,0.60610366,0.6071143263419537,0.0043809930086204,0.3698405108494679,-0.479844771558372
0.05882353,0.0,0.9411765,0.5882353,0.37254903,0.039215688,-0.20283374,0.502476811820556,0.7423925,0.4983998187751279,1.2892511,0.8207019831363965,0.6096033,0.6071928712440268,0.0044595379106934,0.3753032532542823,-0.5045072684552482
0.05882353,0.0,0.9411765,0.5882353,0.39215687,0.019607844,-0.22259481,0.5020036126296258,0.7462858,0.4986029937038804,1.3097172,0.8210154660657681,0.611136,0.6072073574664247,0.0044740241330914,0.3780288298907008,-0.5295758092372904
0.05882353,0.0,0.9411765,0.5882353,0.4117647,0.0,-0.22367886,0.5019776540656241,0.74688405,0.4986342138199246,1.290314,0.8207182633160209,0.6045064,0.6071100437338566,0.0043767104005232,0.3691423882591891,-0.5309510087997408
0.05882353,0.0,0.9411765,0.60784316,0.29411766,0.09803922,-0.08883585,0.5052066087588938,0.66130966,0.4941684650299855,1.1806403,0.8190383719100014,0.5843714,0.6061378152329603,0.0034044818996268,0.3354248578438192,-0.3598915818965177
0.05882353,0.0,0.9411765,0.60784316,0.3137255,0.078431375,-0.11603284,0.5045553488554604,0.67501694,0.4948837873460838,1.2198207,0.8196385054179617,0.5929349,0.6063592138731687,0.0036258805398352,0.3481693126109065,-0.3943931950899679
0.05882353,0.0,0.9411765,0.60784316,0.33333334,0.05882353,-0.13926984,0.5039989148380661,0.6901651,0.4956743029555219,1.2483034,0.8200747799040159,0.5997329,0.6065826658992014,0.0038493325658679,0.3584798945323983,-0.4238712439220914
0.05882353,0.0,0.9411765,0.60784316,0.3529412,0.039215688,-0.15913503,0.5035232225202658,0.70491546,0.4964440590696448,1.2698897,0.8204054212954703,0.60522336,0.6067909009617937,0.0040575676284603,0.3669249994884517,-0.4490718623868832
0.05882353,0.0,0.9411765,0.60784316,0.37254903,0.019607844,-0.17671062,0.5031023568705433,0.71684647,0.4970666852934612,1.2870955,0.8206689662893835,0.60907716,0.606946002817796,0.0042126694844626,0.3730041537191164,-0.4713679438385218
0.05882353,0.0,0.9411765,0.627451,0.29411766,0.078431375,-0.06939055,0.5056722464997729,0.6266052,0.4923573934701545,1.1943892,0.8192489661492119,0.58386797,0.6057595353730465,0.0030262020397131,0.3330105887030984,-0.3352236219324702
0.05882353,0.0,0.9411765,0.627451,0.3137255,0.05882353,-0.093974374,0.5050835615116512,0.6391713,0.4930131621007111,1.2269014,0.8197469614328956,0.59069943,0.605947895015086,0.0032145616817526,0.3433111042520063,-0.3664102213928234
0.05882353,0.0,0.9411765,0.627451,0.33333334,0.039215688,-0.11628719,0.504549258232511,0.65482,0.4938297997121956,1.2534512,0.8201536299485113,0.597328,0.6061775626310726,0.0034442292977392,0.3533865756230941,-0.3947158563132376
0.05882353,0.0,0.9411765,0.627451,0.37254903,0.0,-0.1448923,0.5038642792074259,0.6799899,0.4951433028110432,1.2629126,0.820298552032005,0.59933674,0.6064353780168247,0.0037020446834913,0.35773641801769,-0.4310037979545377
0.05882353,0.0,0.9411765,0.64705884,0.3137255,0.039215688,-0.07432367,0.5055541178881884,0.60286576,0.4911185362161638,1.2374265,0.8199081764776711,0.5886562,0.605526943527341,0.0027936101940077,0.3387595116792709,-0.341481688247444
0.078431375,0.0,0.92156863,0.4117647,0.5882353,0.0,-0.53562045,0.4945078912797896,0.8805693,0.5056106546679399,1.34559,0.8215649367357003,0.563513,0.6072278275611432,0.0044944942278099,0.3268406907672609,-0.9266745362655248
0.078431375,0.0,0.92156863,0.43137255,0.5294118,0.039215688,-0.53996694,0.494403810101814,0.88079494,0.5056224310313296,1.3829209,0.8221367406130109,0.574583,0.6073876605820515,0.0046543272487181,0.3418848779110935,-0.9321884156311974
0.078431375,0.0,0.92156863,0.43137255,0.54901963,0.019607844,-0.5426681,0.4943391279644138,0.8809372,0.5056298558013802,1.3922441,0.8222795464192295,0.5768377,0.6074161767283411,0.0046828433950078,0.3450005401736793,-0.9356150630776956
0.078431375,0.0,0.92156863,0.4509804,0.47058824,0.078431375,-0.46954414,0.4960901565494753,0.86769956,0.504939041136404,1.322998,0.8212188916211288,0.57371783,0.6074160297690027,0.0046826964356693,0.3383957877663732,-0.8428513129773612
0.078431375,0.0,0.92156863,0.4509804,0.49019608,0.05882353,-0.48548108,0.4957085300833312,0.87165457,0.5051454354354968,1.3447831,0.8215525768729953,0.57698554,0.6074688474639411,0.0047355141306077,0.3433609257058646,-0.8630686312091034
0.078431375,0.0,0.92156863,0.4509804,0.50980395,0.039215688,-0.497709,0.4954157198792464,0.8736289,0.5052484677283978,1.362293,0.8218207798680549,0.5794043,0.6074949891585663,0.004761655825233,0.3470140287890907,-0.8785807552431041
0.078431375,0.0,0.92156863,0.4509804,0.54901963,0.0,-0.4614283,0.4962844984116613,0.86391956,0.5047417792733683,1.3158948,0.8211100905014451,0.57279533,0.6073787893954915,0.0046454560621582,0.336804757319618,-0.8325557186668741
0.078431375,0.0,0.92156863,0.47058824,0.43137255,0.09803922,-0.4078101,0.4975684419791031,0.8518774,0.5041133519619337,1.2777381,0.8205256364352115,0.5739351,0.6074024767920828,0.0046691434587494,0.3364994807006707,-0.764536600504433
0.078431375,0.0,0.92156863,0.47058824,0.4509804,0.078431375,-0.42484695,0.4971604769317658,0.8575558,0.5044096833373742,1.3025547,0.8209057574484091,0.5784212,0.6074919725725164,0.004758639239183,0.3431966076932646,-0.7861492503627685
0.078431375,0.0,0.92156863,0.47058824,0.47058824,0.05882353,-0.43960473,0.4968070866350067,0.86126804,0.5046034085587897,1.3240818,0.8212354913421882,0.581915,0.6075486621786615,0.0048153288453282,0.3484268376874413,-0.804870708970651
0.078431375,0.0,0.92156863,0.47058824,0.49019608,0.039215688,-0.4515767,0.4965204052340022,0.8627409,0.5046802690816005,1.3411381,0.8214967465934758,0.5841008,0.6075658069696929,0.0048324736363595,0.3517413860167056,-0.8200581491232964
0.078431375,0.0,0.92156863,0.47058824,0.5294118,0.0,-0.424066,0.4971791773458224,0.8537345,0.5042102658959368,1.2993112,0.8208560751460986,0.57632655,0.6074151727959526,0.0046818394626192,0.3402180701247126,-0.7851585637736864
0.078431375,0.0,0.92156863,0.49019608,0.37254903,0.13725491,-0.31406203,0.499813335910661,0.8160957,0.5022460642860057,1.1918067,0.8192094087455126,0.56461346,0.6070896029807265,0.0043562696473931,0.3201965019241378,-0.6456094844965098
0.078431375,0.0,0.92156863,0.49019608,0.39215687,0.11764706,-0.33888042,0.4992190339829905,0.82781094,0.502857430489888,1.2276517,0.8197584539688485,0.5721941,0.6072783061472423,0.0045449728139089,0.3314830441978832,-0.6770936509875071
0.078431375,0.0,0.92156863,0.49019608,0.4117647,0.09803922,-0.36087996,0.4986922323859392,0.8377637,0.5033768222381251,1.2564527,0.820199603744225,0.5777788,0.6074228861227631,0.0046895527894297,0.3399427468523305,-0.7050018714004886
0.078431375,0.0,0.92156863,0.49019608,0.43137255,0.078431375,-0.3801315,0.4982312340662088,0.8452505,0.5037675231563238,1.2818689,0.8205889092912394,0.58232933,0.6075292221712574,0.0047958888379239,0.3468489195495807,-0.7294240500519266
0.078431375,0.0,0.92156863,0.49019608,0.4509804,0.05882353,-0.39459145,0.497884975960645,0.8488865,0.5039572700447293,1.3019661,0.8208967409020895,0.58542037,0.6075796623024879,0.0048463289691546,0.351525697567856,-0.7477676685677893
0.078431375,0.0,0.92156863,0.49019608,0.47058824,0.039215688,-0.40593073,0.4976134452919876,0.8494779,0.5039881324529579,1.3191645,0.8211601726870371,0.58757055,0.6075872501439942,0.0048539168106608,0.3547445810396268,-0.7621524726234185
0.078431375,0.0,0.92156863,0.49019608,0.50980395,0.0,-0.38996506,0.4979957597141365,0.8417056,0.5035825322266142,1.2833141,0.8206110452959037,0.57835156,0.6073964457455515,0.0046631124122181,0.3416225295943667,-0.7418987087394142
0.078431375,0.0,0.92156863,0.50980395,0.33333334,0.15686275,-0.23070365,0.5018094381177335,0.77989,0.500356648493555,1.1209857,0.8181246313079976,0.556724,0.6067635726397621,0.0040302393064286,0.3060838585490521,-0.5398625378782165
0.078431375,0.0,0.92156863,0.50980395,0.3529412,0.13725491,-0.2576922,0.5011631698203953,0.7926482,0.5010224422744564,1.1632721,0.8187723399707486,0.56607604,0.6069859840218667,0.0042526506885334,0.3198521572257276,-0.5740997121559525
0.078431375,0.0,0.92156863,0.50980395,0.37254903,0.11764706,-0.2822503,0.5005751008883121,0.80458444,0.5016453422225143,1.2021278,0.8193674995880296,0.5748207,0.6071959808996187,0.0044626475662853,0.3327085295241145,-0.6052536749883876
0.078431375,0.0,0.92156863,0.50980395,0.39215687,0.09803922,-0.3041997,0.5000494996460327,0.81490576,0.5021839662092192,1.2318832,0.8198232679275685,0.58086306,0.6073522445942735,0.0046189112609401,0.3417967933577759,-0.6330983045433766
0.078431375,0.0,0.92156863,0.50980395,0.4117647,0.078431375,-0.32472578,0.4995579814855321,0.823326,0.5026233807108959,1.2586315,0.8202329766516941,0.5857439,0.6074714462827074,0.004738112949374,0.3492147743756181,-0.6591373242369686
0.078431375,0.0,0.92156863,0.50980395,0.43137255,0.05882353,-0.34235212,0.4991359004944442,0.8279372,0.5028640185347003,1.2795025,0.8205526623368065,0.5883625,0.6075175271219836,0.0047841937886503,0.3533728012352712,-0.6814977904871544
0.078431375,0.0,0.92156863,0.50980395,0.4509804,0.039215688,-0.357892,0.4987637819513835,0.8301589,0.50297995941399,1.2984332,0.8208426270165636,0.5902334,0.6075287894606457,0.0047954561273123,0.3563835903502485,-0.7012114101451544
0.078431375,0.0,0.92156863,0.50980395,0.47058824,0.019607844,-0.37179843,0.4984307784172695,0.8311607,0.5030322407441156,1.3150221,0.8210967227137567,0.5914615,0.6075199139583806,0.0047865806250472,0.3584419304599938,-0.7188528449478809
0.078431375,0.0,0.92156863,0.5294118,0.33333334,0.13725491,-0.20301735,0.5024724150394919,0.76491773,0.4995753119777152,1.134665,0.8183341591917909,0.5655218,0.606793962069666,0.0040606287363326,0.3166833506382735,-0.5047401954921666
0.078431375,0.0,0.92156863,0.5294118,0.3529412,0.11764706,-0.22688279,0.5019009326981394,0.7791074,0.5003158075925228,1.1740016,0.8189366846956359,0.57540876,0.6070511416620994,0.004317808328766,0.3311404681697805,-0.5350154551608252
0.078431375,0.0,0.92156863,0.5294118,0.37254903,0.09803922,-0.24926332,0.5013650078339037,0.78977454,0.5008724787161499,1.2069103,0.8194407530925352,0.5824738,0.607226079880863,0.0044927465475295,0.3416307741938298,-0.5634069963399044
0.078431375,0.0,0.92156863,0.5294118,0.39215687,0.078431375,-0.26743236,0.5009299313253387,0.7968727,0.501242899156456,1.2329239,0.8198392084802963,0.58745474,0.607337346320697,0.0046040129873636,0.3490748038175649,-0.5864559224735884
0.078431375,0.0,0.92156863,0.5294118,0.4117647,0.05882353,-0.28443044,0.5005228947331489,0.80240524,0.5015316191316813,1.2557843,0.8201893656366482,0.59125304,0.6074146265004928,0.0046812931671594,0.3548387261702894,-0.6080193858240504
0.078431375,0.0,0.92156863,0.5294118,0.4509804,0.019607844,-0.3194173,0.4996850984849598,0.8064375,0.5017420446423307,1.2929988,0.8207593873857272,0.5933397,0.6073955101710059,0.0046621768376725,0.3587183267198114,-0.6524030826209152
0.078431375,0.0,0.92156863,0.54901963,0.33333334,0.11764706,-0.17781444,0.5030759248015527,0.74685496,0.4986326958945854,1.149859,0.8185668876097146,0.5729665,0.6067585027686175,0.0040251694352842,0.3254159139165076,-0.4727682281419266
0.078431375,0.0,0.92156863,0.54901963,0.3529412,0.09803922,-0.1997245,0.5025512659305434,0.7599239,0.4993147047262926,1.1845604,0.8190984164845605,0.5815866,0.6069881290471322,0.0042547957137988,0.3380743255625422,-0.50056293395852
0.078431375,0.0,0.92156863,0.54901963,0.37254903,0.078431375,-0.2156738,0.5021693433007666,0.76896507,0.499786524445559,1.2088735,0.8194708246804933,0.5873883,0.6071422308089396,0.0044088974756062,0.3466343574594856,-0.5207959419679477
0.078431375,0.0,0.92156863,0.54901963,0.39215687,0.05882353,-0.23242255,0.5017682774387785,0.77504355,0.5001037335154189,1.2324932,0.8198326113191273,0.5917047,0.6072348740911083,0.0045015407577749,0.3531093437255528,-0.5420430956196005
0.078431375,0.0,0.92156863,0.5686275,0.3137255,0.11764706,-0.13002492,0.5042202939421598,0.7157902,0.4970115640743301,1.1275367,0.8182249727964341,0.57110065,0.6064856102709747,0.0037522769376413,0.3205438991248591,-0.4121433052323507
0.078431375,0.0,0.92156863,0.5686275,0.33333334,0.09803922,-0.1533322,0.5036621771444136,0.72551703,0.4975191639066638,1.1657379,0.818810107942412,0.57930756,0.6066638163311632,0.0039304829978298,0.3325646768112804,-0.4417105022470763
0.078431375,0.0,0.92156863,0.5686275,0.37254903,0.05882353,-0.18829273,0.502825011403621,0.74423254,0.498495843105346,1.2131324,0.8195360586079564,0.58969074,0.6069523043723078,0.0042189710389744,0.3481433368846813,-0.4860607968304875
0.078431375,0.0,0.92156863,0.5882353,0.3137255,0.09803922,-0.1108843,0.5046786358881984,0.6903054,0.4956816250789819,1.1455338,0.8185006384534638,0.57498497,0.6062869664735481,0.0035536331402146,0.3243764662301898,-0.387861852544741
0.078431375,0.0,0.92156863,0.5882353,0.33333334,0.078431375,-0.13337922,0.5041399718671831,0.70079726,0.4962291482140381,1.1774651,0.8189897358776466,0.58162767,0.6064529519862892,0.0037196186529559,0.3342943242613128,-0.4163985052640646
0.078431375,0.0,0.92156863,0.5882353,0.3529412,0.05882353,-0.15112177,0.5037151083652417,0.7108996,0.4967563442136606,1.1998707,0.8193329270307159,0.5865495,0.6066014598698727,0.0038681265365393,0.3417531626170046,-0.4389063798111041
0.078431375,0.0,0.92156863,0.60784316,0.33333334,0.05882353,-0.11329685,0.5046208648897399,0.6723241,0.4947432610531034,1.1880566,0.8191519679771608,0.5823613,0.6061720313066681,0.0034386979733347,0.33374990332387,-0.390922370522443
0.09803922,0.0,0.9019608,0.4509804,0.4509804,0.09803922,-0.3898935,0.4979974731813228,0.845627,0.5037871722021593,1.2091627,0.8194752544377576,0.55496544,0.6070866332737466,0.0043532999404132,0.310236370319856,-0.741807934868998
0.09803922,0.0,0.9019608,0.4509804,0.47058824,0.078431375,-0.406142,0.4976083862462218,0.8508049,0.5040573846860562,1.2334889,0.8198478634883066,0.5593839,0.6071712114735283,0.0044378781401948,0.3168040220295816,-0.7624204842716402
0.09803922,0.0,0.9019608,0.4509804,0.49019608,0.05882353,-0.42083138,0.4972566337700343,0.8550894,0.5042809738443194,1.2552859,0.8201817313352788,0.56318134,0.6072397796498775,0.0045064463165441,0.3224616982419271,-0.7810551765185877
0.09803922,0.0,0.9019608,0.47058824,0.4117647,0.11764706,-0.33042926,0.4994214058046852,0.83075875,0.5030112635136083,1.158337,0.818696747422939,0.5528888,0.6070431389137442,0.0043098055804108,0.3053417178771505,-0.6663726557649321
0.09803922,0.0,0.9019608,0.47058824,0.43137255,0.09803922,-0.34940016,0.4989671279016535,0.8368243,0.5033277976043727,1.1879841,0.8191508577989182,0.5584694,0.6071485944349815,0.0044152611016481,0.3135789177626742,-0.690438808786337
0.09803922,0.0,0.9019608,0.47058824,0.4509804,0.078431375,-0.36471957,0.4986002889213767,0.8409003,0.5035405062240365,1.2129536,0.8195333196813709,0.5630448,0.6072247049422613,0.004491371608928,0.3202945824025494,-0.709872734527911
0.09803922,0.0,0.9019608,0.47058824,0.47058824,0.05882353,-0.37892264,0.4982601817419598,0.8435351,0.5036780059978466,1.2352233,0.8198744292502352,0.56661195,0.6072708723300139,0.0045375389966805,0.3255710549501608,-0.7278904971549286
0.09803922,0.0,0.9019608,0.49019608,0.37254903,0.13725491,-0.25935334,0.5011233918330994,0.80257833,0.5015406520316507,1.1000695,0.8178042535874347,0.54776484,0.6068227658173949,0.0040894324840615,0.295563844614724,-0.5762070194292284
0.09803922,0.0,0.9019608,0.49019608,0.39215687,0.11764706,-0.28132606,0.5005972325186252,0.8138333,0.5021279989333417,1.1361295,0.8183565910005264,0.55621225,0.607027274150831,0.0042939408174977,0.3079272816901322,-0.6040812138183138
0.09803922,0.0,0.9019608,0.49019608,0.4117647,0.09803922,-0.30291212,0.5000803320643239,0.8218299,0.5025453070920148,1.1666814,0.8188245603450284,0.5618664,0.6071500665004557,0.0044167331671223,0.3164007678011358,-0.6314649041695901
0.09803922,0.0,0.9019608,0.49019608,0.43137255,0.078431375,-0.32233703,0.4996151824582034,0.82661885,0.5027952204350027,1.193246,0.8192314552785751,0.5658426,0.6072139527239271,0.0044806193905937,0.3224424882125103,-0.6561070043554736
0.09803922,0.0,0.9019608,0.49019608,0.4509804,0.05882353,-0.33629543,0.4992809343231845,0.82894105,0.5029164056219192,1.2149403,0.8195637509816872,0.56919533,0.607253696975597,0.0045203636422636,0.3274124189875351,-0.6738143740311722
0.09803922,0.0,0.9019608,0.49019608,0.47058824,0.039215688,-0.3477847,0.4990058118676263,0.82935494,0.5029380049529754,1.2329646,0.8198398329555578,0.5715116,0.6072612165920531,0.0045278832587198,0.3308529453248157,-0.6883894591737671
0.09803922,0.0,0.9019608,0.49019608,0.49019608,0.019607844,-0.35765913,0.4987693583914475,0.8287522,0.5029065515492254,1.247008,0.8200549372938792,0.5727003,0.6072436157448508,0.0045102824115173,0.3326951057821027,-0.7009159886443497
0.09803922,0.0,0.9019608,0.50980395,0.37254903,0.11764706,-0.23641235,0.5016727375486078,0.78790766,0.5007750546596968,1.1201842,0.8181123536130902,0.5572265,0.606853381940465,0.0041200486071315,0.3071942910581799,-0.5471044855774931
0.09803922,0.0,0.9019608,0.50980395,0.39215687,0.09803922,-0.25202313,0.5012989212386015,0.7966493,0.5012312409921705,1.1464398,0.8185145156814971,0.56368864,0.607014892637423,0.0042815593040897,0.3166251035229632,-0.5669080473586556
0.09803922,0.0,0.9019608,0.50980395,0.4117647,0.078431375,-0.2682533,0.5009102731965949,0.8027852,0.501551448586676,1.170532,0.8188835403901212,0.56835467,0.6071150873911306,0.0043817540577973,0.3235595292018382,-0.5874973456449688
0.09803922,0.0,0.9019608,0.50980395,0.43137255,0.05882353,-0.2848947,0.5005117775353862,0.8071203,0.501777678561769,1.1910759,0.8191982156655331,0.57110053,0.6071625572542295,0.0044292239208961,0.3278533109835704,-0.6086083384909989
0.09803922,0.0,0.9019608,0.50980395,0.4509804,0.039215688,-0.29981914,0.5001543965228813,0.8095284,0.50190334598314,1.2114025,0.819509562232168,0.57370394,0.6071891015793964,0.004455768246063,0.3318418500006444,-0.627541212127353
0.09803922,0.0,0.9019608,0.5294118,0.37254903,0.09803922,-0.2117551,0.5022631807852843,0.76862216,0.4997686297232712,1.1351991,0.8183423394525263,0.56402206,0.6067913833203606,0.0040580499870272,0.3150232523491258,-0.515824739876725
0.09803922,0.0,0.9019608,0.5294118,0.39215687,0.078431375,-0.22557628,0.501932218282471,0.774767,0.5000893007826855,1.1582336,0.8186951643233725,0.56914145,0.6069055611295098,0.0041722277961763,0.3225054520734763,-0.5333580475368482
0.09803922,0.0,0.9019608,0.5294118,0.4117647,0.05882353,-0.2376634,0.5016427797050924,0.77962923,0.5003430400440488,1.1751827,0.8189547762187088,0.57238287,0.6069801986559501,0.0042468653226166,0.327365281110569,-0.5486915538487425
0.09803922,0.0,0.9019608,0.5294118,0.43137255,0.039215688,-0.24903435,0.5013704907861704,0.7837322,0.500557154610953,1.1893417,0.8191716517295555,0.57467985,0.6070330990422262,0.0042997657088929,0.3309064784361816,-0.5631165275159142
0.09803922,0.0,0.9019608,0.5294118,0.47058824,0.0,-0.24586032,0.5014464960085816,0.78102475,0.5004158662448003,1.1649194,0.8187975709624545,0.56669456,0.6068866444052788,0.0041533110719454,0.3199639308080345,-0.5590900201714726
0.11764706,0.0,0.88235295,0.4509804,0.43137255,0.11764706,-0.31353077,0.4998260573875719,0.8247326,0.5026967854651577,1.0873101,0.8176088147419974,0.53283733,0.6067105525315757,0.0039772191982423,0.2776552507827635,-0.6449355423832073
0.11764706,0.0,0.88235295,0.4509804,0.4509804,0.09803922,-0.3278896,0.4994822206873238,0.83000034,0.5029716854766902,1.1137387,0.8180136262653881,0.5386165,0.6068225108098008,0.0040891774764673,0.286010092212987,-0.6631508827889817
0.11764706,0.0,0.88235295,0.4509804,0.47058824,0.078431375,-0.34260565,0.4991298294967958,0.83344966,0.5031516902705008,1.1383694,0.8183909006208878,0.54307115,0.6068908067960614,0.0041574734627281,0.2925250942344058,-0.6818194120263591
0.11764706,0.0,0.88235295,0.47058824,0.4117647,0.11764706,-0.2826311,0.5005659819030116,0.8154839,0.5022141380858386,1.0773544,0.8174563222654213,0.5367358,0.6067454807514238,0.0040121474180904,0.2817674371232321,-0.6057367689143259
0.11764706,0.0,0.88235295,0.47058824,0.43137255,0.09803922,-0.29656538,0.5002323111086648,0.821871,0.5025474502284056,1.1024357,0.8178404968899655,0.5425804,0.6068734194090121,0.0041400860756786,0.2902387607408379,-0.6234135529752083
0.11764706,0.0,0.88235295,0.47058824,0.4509804,0.078431375,-0.30879244,0.4999395216003519,0.82457966,0.502688803915116,1.1247636,0.8181824975229457,0.54685026,0.6069369410128046,0.0042036076794711,0.2964127297667163,-0.6389245806151057
0.11764706,0.0,0.88235295,0.47058824,0.47058824,0.05882353,-0.32007572,0.4996693318749861,0.8247009,0.5026951306776978,1.1455753,0.8185012738844316,0.5500668,0.6069552454790385,0.0042219121457051,0.3010509306182342,-0.6532383458941785
0.11764706,0.0,0.88235295,0.49019608,0.4117647,0.09803922,-0.26244265,0.5010494151531609,0.8028218,0.501553358435361,1.0936214,0.8177054860688093,0.5446668,0.606769419885777,0.0040360865524437,0.2914783027415332,-0.5801260612481967
0.11764706,0.0,0.88235295,0.49019608,0.43137255,0.078431375,-0.275197,0.5007439990830291,0.80803496,0.5018254092263797,1.1156344,0.8180426643650479,0.5494908,0.6068706908914856,0.0041373575581522,0.2985012617202236,-0.5963060027111956
0.11764706,0.0,0.88235295,0.49019608,0.47058824,0.039215688,-0.29336375,0.5003089775253068,0.80829114,0.5018387781671746,1.1510978,0.8185858628930992,0.5553417,0.6069112061951936,0.0041778728618601,0.3068771042159646,-0.6193520177295047
0.11764706,0.0,0.88235295,0.50980395,0.43137255,0.05882353,-0.24815221,0.501391614389661,0.7846066,0.5006027856862113,1.124824,0.8181834232801316,0.5537595,0.606725941118668,0.0039926077853346,0.3027152848498252,-0.5619974683000123
0.1764706,0.47058824,0.3529412,0.11764706,0.7647059,0.11764706,-0.99562967,0.4834924967328583,0.9740357,0.5104882526842359,0.79813415,0.8131794527960665,0.25884673,0.6023867340710536,-0.0003465992622797,-0.0683673468778333,-1.510234002813167
0.1764706,0.47058824,0.3529412,0.13725491,0.74509805,0.11764706,-0.91635305,0.4853908570909915,0.98119324,0.5108617742957781,0.7507683,0.8124539412717514,0.2718695,0.6029021908861737,0.0001688575528403,-0.0526580801652984,-1.4096650987046888
0.1764706,0.49019608,0.33333334,0.09803922,0.8039216,0.09803922,-1.1095092,0.4807655333311565,0.9601833,0.5097653594044581,0.8818857,0.8144622911447367,0.2441866,0.6016643946267838,-0.0010689387065495,-0.0856043117259024,-1.6546995778964804
0.43137255,0.43137255,0.13725491,0.15686275,0.7058824,0.13725491,-0.0013338877,0.5073019333877533,0.9760286,0.5105922554539931,0.5432834,0.8092758561104699,0.5059927,0.6090566816507388,0.0063233483174054,0.2385420336195708,-0.2488881568760275
0.43137255,0.43137255,0.13725491,0.15686275,0.7254902,0.11764706,-0.003509677,0.5072498318711266,0.97505355,0.5105413707395997,0.55129236,0.8093985308062849,0.50761205,0.6090632444723371,0.0063299111390037,0.2407479910461278,-0.2516483243052984
0.43137255,0.5686275,0.0,0.7058824,0.25490198,0.039215688,0.58170813,0.5212634751498536,0.49658906,0.4855724258395679,1.0545661,0.8171072698094589,0.7109544,0.6079810569329601,0.0052477235996267,0.4825190534921178,-0.179024288122424
0.4509804,0.43137255,0.11764706,0.1764706,0.7058824,0.11764706,0.05408341,0.5086289576799305,0.9640373,0.5099664814013994,0.5705142,0.8096929553714989,0.529545,0.6094294648176096,0.0066961314842762,0.2684008700550911,-0.178586763245561
0.4509804,0.43137255,0.11764706,0.1764706,0.74509805,0.078431375,0.051269006,0.5085615638611721,0.96537477,0.510036277972478,0.55550486,0.8094630544387869,0.5240495,0.6093536320908123,0.0066202987574789,0.261115052711862,-0.1821570666746133
0.4509804,0.54901963,0.0,0.6862745,0.27450982,0.039215688,0.56646174,0.5208983846054812,0.55285627,0.4885087622036718,1.023906,0.8166376425013971,0.714408,0.60868159643685,0.0059482631035167,0.4895577806928204,-0.0972398521671401
0.4509804,0.54901963,0.0,0.7058824,0.25490198,0.039215688,0.60649127,0.5218569328327587,0.50907785,0.4862241601480652,1.0513403,0.8170578595738559,0.72230315,0.60837965085156,0.0056463175182265,0.4976003283726218,-0.1608718300236994
0.47058824,0.43137255,0.09803922,0.11764706,0.74509805,0.13725491,-0.14662336,0.5038228273603693,0.9831674,0.5109647972571708,0.6551997,0.8109900991337252,0.49724793,0.608592574583755,0.0058592412504217,0.2308477313567331,-0.4331997808267547
0.47058824,0.43137255,0.09803922,0.11764706,0.7647059,0.11764706,-0.14224274,0.5039277256645124,0.97972125,0.5107849573200057,0.66084236,0.8110765287010583,0.49944028,0.6085964038951922,0.0058630705618587,0.2335657062379799,-0.4276426127973506
0.47058824,0.43137255,0.09803922,0.19607843,0.7254902,0.078431375,0.096587226,0.5096467553152709,0.95713156,0.5096061016639518,0.5796113,0.8098322973485623,0.54444337,0.6096950514425951,0.0069617181092616,0.2871155726828351,-0.1246671834609089
0.47058824,0.4509804,0.078431375,0.078431375,0.74509805,0.1764706,-0.39708313,0.4978253100501721,0.98171943,0.5108892338140044,0.7333509,0.8121871552147121,0.43932906,0.6069672330262962,0.0042338996929628,0.1593500235948851,-0.7509285727676589
0.47058824,0.4509804,0.078431375,0.11764706,0.7254902,0.15686275,-0.2519518,0.5013006289966093,0.98341787,0.5109778675897022,0.69781053,0.811642777122278,0.47642553,0.6079737579028631,0.0052404245695298,0.2055749197161001,-0.566817575941788
0.47058824,0.4509804,0.078431375,0.11764706,0.74509805,0.13725491,-0.2479023,0.5013975986791616,0.9844658,0.5110325533384491,0.6969792,0.8116300438525818,0.47784758,0.6080200652900641,0.0052867319567307,0.2074215036662722,-0.5616804402740291
0.47058824,0.4509804,0.078431375,0.11764706,0.7647059,0.11764706,-0.24477133,0.5014725730380365,0.983246,0.5109689000102905,0.69177824,0.811550379433915,0.476751,0.6079972841607474,0.0052639508274139,0.205817690911473,-0.5577085446979422
0.47058824,0.4509804,0.078431375,0.1764706,0.7254902,0.09803922,-0.05372297,0.5060474228431363,0.96661526,0.5101010137555916,0.6523997,0.8109472111952979,0.521764,0.6090318825980087,0.0062985492646752,0.2608540938264963,-0.3153480100457025
0.47058824,0.5294118,0.0,0.5882353,0.3529412,0.05882353,0.44430533,0.5179732235051887,0.6906653,0.4957004062945517,0.91100645,0.8149083390338235,0.68199235,0.6095273229445213,0.0067939896111879,0.4539452301843605,0.103065726837344
0.47058824,0.5294118,0.0,0.60784316,0.33333334,0.05882353,0.48405004,0.5189249514051446,0.6574774,0.4939684752560431,0.94954854,0.8154986954868491,0.6970253,0.6094640407160122,0.0067307073826789,0.4719891613700466,0.0548270424585862
0.47058824,0.5294118,0.0,0.6666667,0.27450982,0.05882353,0.6051912,0.5218258006825983,0.53652817,0.4876566710819083,1.0277517,0.8166965476824967,0.723157,0.6087263398156678,0.0059930064823344,0.4997518410986512,-0.1209727570985553
0.47058824,0.5294118,0.0,0.6666667,0.29411766,0.039215688,0.55677307,0.5206663792929727,0.600868,0.4910142814956843,0.99373597,0.8161755225911064,0.71712565,0.6092853944599211,0.0065520611265877,0.4951670795070369,-0.0274547674005133
0.47058824,0.5294118,0.0,0.6862745,0.27450982,0.039215688,0.59247416,0.5215212788125433,0.56196576,0.4889841465590831,1.0200155,0.8165780507627002,0.72481847,0.6090278253781088,0.0062944920447755,0.5032229518634045,-0.0839991887865529
0.47058824,0.5294118,0.0,0.7058824,0.25490198,0.039215688,0.6338279,0.5225115372443007,0.516122,0.486591762472885,1.0490549,0.8170228524401907,0.73300153,0.6087087173857921,0.0059753840524587,0.5115459432695242,-0.1506331703255918
0.49019608,0.4117647,0.09803922,0.11764706,0.74509805,0.13725491,-0.09092133,0.5051566698612279,0.9740521,0.5104891080724906,0.66630894,0.8111602613386801,0.5164799,0.6089353464241328,0.0062020130907995,0.2549769415063778,-0.3625371808678243
0.49019608,0.4117647,0.09803922,0.13725491,0.7254902,0.13725491,-0.02859224,0.5066492040622115,0.96961814,0.5102577208838476,0.64769727,0.8108751829039516,0.5295744,0.6092607026166702,0.0065273692833368,0.2708229722645856,-0.2834676152322704
0.49019608,0.4117647,0.09803922,0.13725491,0.74509805,0.11764706,-0.027605169,0.5066728405070792,0.96735483,0.5101396088736424,0.6511268,0.810927713689911,0.53029215,0.6092467210235442,0.0065133876902108,0.2716846865424951,-0.2822154339237111
0.49019608,0.4117647,0.09803922,0.13725491,0.7647059,0.09803922,-0.027892895,0.5066659505991449,0.96506435,0.5100200784741858,0.65597045,0.8110019048202844,0.5310473,0.6092293112978718,0.0064959779645383,0.2726295365167712,-0.2825804386433849
0.49019608,0.4117647,0.09803922,0.15686275,0.7254902,0.11764706,0.0326547,0.5081158251050033,0.96228236,0.5098748988691001,0.6339266,0.8106642545156976,0.5429545,0.6095516594966003,0.0068183261632669,0.2869805116035703,-0.2057708437083149
0.49019608,0.4117647,0.09803922,0.15686275,0.74509805,0.09803922,0.031955402,0.5080990797277467,0.96072984,0.5097938796041203,0.63756335,0.8107199597175697,0.5434162,0.6095376396831456,0.0068043063498122,0.2875666184671968,-0.2066579588613279
0.49019608,0.4117647,0.09803922,0.15686275,0.78431374,0.05882353,0.05184291,0.5085753065673807,0.96445507,0.509988282915134,0.58338314,0.809890071352982,0.533227,0.6094845536118322,0.0067512202784988,0.2734378933568748,-0.1814290231833131
0.49019608,0.4117647,0.09803922,0.1764706,0.6862745,0.13725491,0.10031986,0.5097361371428217,0.953425,0.509412671940297,0.61387783,0.8103571642409766,0.55587417,0.6098353244413651,0.0071019911080317,0.3022941245107682,-0.1199320274587907
0.49019608,0.4117647,0.09803922,0.1764706,0.7058824,0.11764706,0.09499595,0.5096086506525003,0.95424443,0.5094554351320252,0.61768824,0.8104155289405632,0.55564284,0.6098265382416962,0.0070932049083628,0.3021518946278608,-0.1266858434902599
0.49019608,0.4117647,0.09803922,0.1764706,0.7254902,0.09803922,0.090218104,0.50949424014339,0.954923,0.5094908450952659,0.6195529,0.8104440904669972,0.554898,0.6098097252352177,0.0070763919018843,0.3012980824049614,-0.1327469369335684
0.49019608,0.4117647,0.09803922,0.1764706,0.74509805,0.078431375,0.095221855,0.5096140600990943,0.9574339,0.5096218781338707,0.60407954,0.8102070820197957,0.5522451,0.6098143400842536,0.0070810067509202,0.2976783002133463,-0.1263992687556682
0.49019608,0.4117647,0.09803922,0.1764706,0.7647059,0.05882353,0.10410588,0.5098267972911128,0.95858985,0.509682203224093,0.57564765,0.8097715853888918,0.54611444,0.6097601953013659,0.0070268619680325,0.2892205843064989,-0.1151291502174482
0.49019608,0.4117647,0.09803922,0.19607843,0.74509805,0.05882353,0.15065728,0.510941518489548,0.951915,0.5093338735742766,0.5581849,0.8095041054704508,0.55358577,0.6099264991780918,0.0071931658447584,0.2978253556389937,-0.0560748780225911
0.49019608,0.4117647,0.09803922,0.21568628,0.64705884,0.13725491,0.22483118,0.5127176888692674,0.9229831,0.5078240448737193,0.582328,0.8098739098601763,0.5767141,0.610138547867721,0.0074052145343876,0.3260205894582495,0.0380208018798132
0.49019608,0.4117647,0.09803922,0.21568628,0.7058824,0.078431375,0.19755866,0.512064620226732,0.93731016,0.5085717101973525,0.5778344,0.8098050806350818,0.5709011,0.6101471370197221,0.0074138036863887,0.3194105931766562,0.0034233676224008
0.49019608,0.4117647,0.09803922,0.23529412,0.64705884,0.11764706,0.26602077,0.5137040161748292,0.91313773,0.5073102582514274,0.5767079,0.809787825397593,0.58528876,0.6102673666079498,0.0075340332746165,0.3361428339710777,0.0902731868327761
0.49019608,0.43137255,0.078431375,0.078431375,0.74509805,0.1764706,-0.35121882,0.4989235782883353,0.9812175,0.510863040270395,0.74446064,0.8123573256364467,0.4581531,0.6073813147317256,0.0046479813983923,0.183492689840909,-0.6927459244332667
0.49019608,0.43137255,0.078431375,0.09803922,0.74509805,0.15686275,-0.2747463,0.5007547915712667,0.98356533,0.5109855629734915,0.7288925,0.8121188655581549,0.47923717,0.6079530733676376,0.0052197400343043,0.2099726499518686,-0.5957342520896641
0.49019608,0.43137255,0.078431375,0.09803922,0.7647059,0.13725491,-0.26135162,0.5010755410674564,0.9803011,0.5108152162907019,0.7284576,0.8121122044886989,0.482469,0.6080009872822858,0.0052676539489524,0.2138598156547151,-0.5787419960161794
0.49019608,0.43137255,0.078431375,0.11764706,0.74509805,0.13725491,-0.20129463,0.502513667422126,0.9825475,0.5109324480286305,0.7086787,0.8118092472541956,0.49664387,0.6084184542349841,0.0056851209016506,0.23145726295621,-0.5025547795907025
0.49019608,0.43137255,0.078431375,0.11764706,0.7647059,0.11764706,-0.19249085,0.5027244831187679,0.9800908,0.5108042424370202,0.7097108,0.8118250554254717,0.49910355,0.6084512603270866,0.0057179269937532,0.2344534572682184,-0.4913864555739732
0.49019608,0.43137255,0.078431375,0.11764706,0.78431374,0.09803922,-0.18318315,0.5029473655209157,0.97702837,0.5106444279165226,0.7079566,0.8117981865556676,0.50060064,0.6084633266643686,0.0057299933310352,0.2361174210269237,-0.4795788770849734
0.49019608,0.43137255,0.078431375,0.13725491,0.7058824,0.15686275,-0.1335704,0.5041353938197028,0.9761932,0.51060084355207,0.69116575,0.811540997697384,0.51126283,0.6087590783563857,0.0060257450230522,0.2491478953015033,-0.4166410352010545
0.49019608,0.43137255,0.078431375,0.13725491,0.7254902,0.13725491,-0.12983193,0.5042249155221259,0.9788534,0.5107396684000493,0.6907175,0.8115341321214096,0.51324636,0.6088329053478615,0.0060995720145282,0.2518162366867087,-0.4118984690870715
0.49019608,0.43137255,0.078431375,0.13725491,0.74509805,0.11764706,-0.13111906,0.5041940938085444,0.9794329,0.510769908707729,0.6901153,0.8115249074166695,0.5128097,0.6088296366443143,0.0060963033109809,0.2512821257081218,-0.4135313023604569
0.49019608,0.43137255,0.078431375,0.13725491,0.7647059,0.09803922,-0.12822555,0.5042633818256699,0.9760265,0.5105921434758943,0.6939328,0.8115833807603441,0.51391125,0.6088129686873028,0.0060796353539694,0.2525704794968306,-0.4098606505159302
0.49019608,0.43137255,0.078431375,0.13725491,0.78431374,0.078431375,-0.11594063,0.5045575568802311,0.97606933,0.5105943799273674,0.66853225,0.8111943162388692,0.5095537,0.6087820843488226,0.0060487510154892,0.2463735621120253,-0.3942762211811517
0.49019608,0.43137255,0.078431375,0.15686275,0.6666667,0.1764706,-0.056508876,0.5059807114496161,0.96299803,0.5099122466755505,0.6658027,0.8111525074375165,0.52409726,0.609015155187561,0.0062818218542276,0.2639454827582694,-0.3188821608243644
0.49019608,0.43137255,0.078431375,0.15686275,0.6862745,0.15686275,-0.057976745,0.5059455618219356,0.9671065,0.5101266505192098,0.6715216,0.8112401047005505,0.5268838,0.6091041056805654,0.0063707723472319,0.2678848471788915,-0.320744272788777
0.49019608,0.43137255,0.078431375,0.15686275,0.7058824,0.13725491,-0.06046247,0.5058860385517184,0.96969754,0.5102618640735029,0.67458063,0.8112869604306248,0.52793854,0.6091449543519487,0.0064116210186153,0.2694635049430157,-0.3238976203758401
0.49019608,0.43137255,0.078431375,0.15686275,0.7254902,0.11764706,-0.064275116,0.5057947408487637,0.97227305,0.5103962688970826,0.6766333,0.8113184014818756,0.5282104,0.609169803742574,0.0064364704092406,0.2700213913707588,-0.3287342731717314
0.49019608,0.43137255,0.078431375,0.15686275,0.74509805,0.09803922,-0.070001155,0.5056576249369048,0.97253513,0.5104099457776491,0.67717224,0.8113266566066044,0.5265687,0.6091314091070528,0.0063980757737194,0.2679692018139477,-0.3359982243664609
0.49019608,0.43137255,0.078431375,0.15686275,0.7647059,0.078431375,-0.061032806,0.5058723813047751,0.9733381,0.5104518504706198,0.65322834,0.8109599033810952,0.52184457,0.60909471171883,0.0063613783854967,0.2613925851595667,-0.3246211365156223
0.49019608,0.43137255,0.078431375,0.1764706,0.6666667,0.15686275,0.014788833,0.5076880085528032,0.9565094,0.5095736342363072,0.6517905,0.810937879672421,0.5410296,0.6093998408205105,0.0066665074871771,0.2846550334445014,-0.2284351611704359
0.49019608,0.43137255,0.078431375,0.1764706,0.6862745,0.13725491,0.008480069,0.5075369386951325,0.9598272,0.5097467741505611,0.65709275,0.8110190952365107,0.5418,0.6094342693607347,0.0067009360274014,0.2859770761910392,-0.2364383466376581
0.49019608,0.43137255,0.078431375,0.1764706,0.7058824,0.11764706,0.0029991204,0.507405691729528,0.96293277,0.5099088406750455,0.6611834,0.8110817527470324,0.54237175,0.6094654283838686,0.0067320950505352,0.2870019958751872,-0.2433913803131976
0.49019608,0.43137255,0.078431375,0.1764706,0.7254902,0.09803922,-0.0048370687,0.507218046109238,0.96473986,0.5100031448972461,0.66154605,0.8110873072901479,0.54048294,0.6094361660988773,0.0067028327655439,0.2847268491809165,-0.253332229695384
0.49019608,0.43137255,0.078431375,0.1764706,0.74509805,0.078431375,-0.0037591,0.5072438591783949,0.96859896,0.5102045343974234,0.63717866,0.8107140673735087,0.5340062,0.609387486983109,0.0066541536497756,0.2761041111900003,-0.2519647379725102
0.49019608,0.43137255,0.078431375,0.19607843,0.6862745,0.11764706,0.0725654,0.5090715279312583,0.9514882,0.509311599264125,0.64286107,0.8108011058955192,0.55563825,0.6097280776969675,0.0069947443636341,0.302641685919834,-0.155140843203901
0.49019608,0.43137255,0.078431375,0.19607843,0.7058824,0.09803922,0.06358489,0.5088564803060804,0.954167,0.5094513945889604,0.6459853,0.8108489604208217,0.5545791,0.6097189451052875,0.0069856117719541,0.3015457894488778,-0.1665333609114125
0.49019608,0.4509804,0.05882353,0.078431375,0.7254902,0.19607843,-0.47956774,0.4958501312685204,0.9739005,0.5104811980640119,0.79166466,0.8130803584322019,0.4286658,0.6064705625882447,0.0037372292549114,0.1468827188156158,-0.8555670649474993
0.49019608,0.4509804,0.05882353,0.078431375,0.74509805,0.1764706,-0.46514112,0.496195591516394,0.977459,0.51066690129885,0.7900978,0.8130563581315084,0.43413854,0.6066396169822508,0.0039062836489174,0.154003266900551,-0.8372657143146542
0.49019608,0.4509804,0.05882353,0.078431375,0.7647059,0.15686275,-0.45134658,0.496525916018514,0.97821355,0.5107062771530896,0.7880416,0.8130248632147015,0.43830284,0.6067523521287683,0.0040190187954349,0.1592781636085849,-0.8197662058382678
0.49019608,0.4509804,0.05882353,0.078431375,0.78431374,0.13725491,-0.43956208,0.4968081078643043,0.9748353,0.5105299800785502,0.791213,0.8130734399036469,0.44216204,0.6068038426155006,0.0040705092821671,0.1640494967066191,-0.8048166075926562
0.49019608,0.4509804,0.05882353,0.09803922,0.7058824,0.19607843,-0.41244775,0.4974573884669293,0.97490674,0.5105337095713406,0.7780683,0.8128721004973689,0.44684243,0.6069543995118796,0.0042210661785462,0.1696437869741809,-0.7704198512628445
0.49019608,0.4509804,0.05882353,0.09803922,0.7254902,0.1764706,-0.4001367,0.4977521890333559,0.9776736,0.5106780991087293,0.77522606,0.8128285652592918,0.45092097,0.6070862844671256,0.0043529511337923,0.1749131552419698,-0.7548022843614589
0.49019608,0.4509804,0.05882353,0.09803922,0.74509805,0.15686275,-0.39019388,0.4979902803301063,0.97914064,0.5107546579127739,0.7713327,0.8127689296977695,0.45342648,0.6071712893135498,0.0044379559802165,0.1780790736863333,-0.7421889885299413
0.49019608,0.4509804,0.05882353,0.09803922,0.7647059,0.13725491,-0.3811094,0.4982078178707415,0.97957796,0.5107774796714085,0.7712078,0.8127670170140373,0.4565588,0.6072507715187291,0.0045174381853957,0.1820763250611722,-0.7306645632697926
0.49019608,0.4509804,0.05882353,0.09803922,0.78431374,0.11764706,-0.37031835,0.4984662202835225,0.976181,0.5106002058990075,0.77059,0.8127575540226842,0.45881757,0.6072746600684047,0.0045413267350714,0.1847160078783865,-0.7169752511426
0.49019608,0.4509804,0.05882353,0.11764706,0.7058824,0.1764706,-0.33387277,0.4993389474264922,0.9752934,0.5105538874026426,0.7624683,0.8126331519771693,0.46796298,0.6075086622687681,0.0047753289354347,0.196048280810263,-0.6707410301327953
0.49019608,0.4509804,0.05882353,0.11764706,0.7254902,0.15686275,-0.32510695,0.4995488539364638,0.9770027,0.5106430872898399,0.7574186,0.8125558046903939,0.46977147,0.6075825819722326,0.0048492486388992,0.1983143080244831,-0.6596208718432256
0.49019608,0.4509804,0.05882353,0.11764706,0.74509805,0.13725491,-0.31911135,0.4996924247882229,0.97869223,0.5107312576006288,0.75598973,0.8125339188410244,0.47185686,0.6076525337432921,0.0049192004099586,0.2010262203439497,-0.6520149591083402
0.49019608,0.4509804,0.05882353,0.11764706,0.7647059,0.11764706,-0.31228635,0.4998558564445612,0.9789308,0.5107437058326113,0.75293255,0.8124870914131916,0.47319233,0.6076955512301213,0.004962217896788,0.202654220016483,-0.6433568861012003
0.49019608,0.4509804,0.05882353,0.13725491,0.7254902,0.13725491,-0.25096306,0.5013243056733441,0.9752578,0.5105520304325043,0.7401222,0.812290872886653,0.488139,0.6080557363308339,0.0053224029975004,0.2210501695995242,-0.5655632632808947
0.49019608,0.4509804,0.05882353,0.13725491,0.74509805,0.11764706,-0.24806288,0.5013937535474665,0.97660214,0.5106221847113984,0.73751444,0.8122509292943051,0.48868456,0.6080889558510566,0.0053556225177233,0.2217561964712188,-0.5618841427370872
0.49019608,0.4509804,0.05882353,0.13725491,0.7647059,0.09803922,-0.24370745,0.5014980488196344,0.9769477,0.5106402194063097,0.731698,0.8121618374903309,0.48831272,0.6081000352387583,0.0053667019054249,0.2211520304087384,-0.5563589213634492
0.49019608,0.4509804,0.05882353,0.15686275,0.7254902,0.11764706,-0.17758264,0.5030814755503137,0.97144336,0.5103529706988824,0.7208295,0.8119953627935357,0.5048967,0.6084766030142439,0.0057432696809105,0.2415635174841614,-0.4724741676820778
0.49019608,0.4509804,0.05882353,0.15686275,0.74509805,0.09803922,-0.17810199,0.5030690391755024,0.97201747,0.5103829310613152,0.71720165,0.8119397945379928,0.50370574,0.6084639215916035,0.0057305882582701,0.2399920697586028,-0.4731330060214352
0.49019608,0.47058824,0.039215688,0.078431375,0.7647059,0.15686275,-0.5589242,0.4939498590492493,0.9708597,0.5103225126560106,0.8302044,0.8136706792791818,0.41404665,0.6059810169948139,0.0032476836614805,0.1291686995569706,-0.9562372531871084
0.49019608,0.47058824,0.039215688,0.09803922,0.74509805,0.15686275,-0.4957382,0.4954629126620715,0.97313315,0.5104411534516823,0.81395566,0.81342179393333,0.4304502,0.606441953349028,0.0037086200156945,0.1496884614624474,-0.876080636427297
0.49019608,0.47058824,0.039215688,0.09803922,0.7647059,0.13725491,-0.4843816,0.4957348586734621,0.9734656,0.5104585038359898,0.810279,0.8133654779508294,0.433121,0.6065196134867604,0.003786280153427,0.1529998891870334,-0.8616738288762151
0.49019608,0.47058824,0.039215688,0.11764706,0.7254902,0.15686275,-0.4344881,0.4969296098867134,0.970751,0.510316839099005,0.8006455,0.8132179191940093,0.44563612,0.6068214560599093,0.0040881227265759,0.1684542838400189,-0.7983798290388413
0.49019608,0.47058824,0.039215688,0.11764706,0.74509805,0.13725491,-0.4247799,0.4971620826382086,0.9722499,0.5103950620220178,0.79725057,0.8131659188468319,0.4482402,0.6069076878356862,0.0041743545023527,0.1717603998439777,-0.7860641853030282
0.49019608,0.50980395,0.0,0.54901963,0.37254903,0.078431375,0.45372015,0.5181986711125849,0.7069392,0.4965496699693207,0.8996738,0.8147347549965878,0.6867778,0.6098276986928312,0.0070943653594977,0.460719338322729,0.1267198801786933
0.49019608,0.50980395,0.0,0.5686275,0.37254903,0.05882353,0.44239685,0.5179275229588844,0.72006196,0.497234487585006,0.8885086,0.8145637355076116,0.6836558,0.6099085820171674,0.007175248683834,0.457272587655135,0.145793792525978
0.49019608,0.50980395,0.0,0.5882353,0.3529412,0.05882353,0.476352,0.5187406141645682,0.68902975,0.4956150540992491,0.92300624,0.81509214200615,0.6961293,0.6098159367566557,0.0070826034233224,0.4720956063217207,0.1006884511152223
0.49019608,0.50980395,0.0,0.60784316,0.33333334,0.05882353,0.5144544,0.5196530158159741,0.65592057,0.4938872320348657,0.95745605,0.8156198162983145,0.709277,0.6097200213830515,0.006986688049718,0.4876445617414702,0.0525642121165272
0.49019608,0.50980395,0.0,0.627451,0.3137255,0.05882353,0.55370694,0.5205929578306397,0.61855406,0.4919372392014704,0.98499376,0.8160416164703397,0.7190849,0.6095239378341499,0.0067906045008166,0.4985115539867559,-0.0017480478635186
0.49019608,0.50980395,0.0,0.64705884,0.29411766,0.05882353,0.5947445,0.5215756444644603,0.57803893,0.4898229340606094,1.0058838,0.8163615933946455,0.72622234,0.609253390639905,0.0065200573065717,0.5056210669048973,-0.0606368235148868
0.49019608,0.50980395,0.0,0.6666667,0.27450982,0.05882353,0.63330936,0.5224991197811429,0.53888386,0.4877796043713671,1.0245143,0.8166469603296411,0.7322359,0.608975228160717,0.0062418948273837,0.5113287014008839,-0.117548752321234
0.49019608,0.50980395,0.0,0.6666667,0.29411766,0.039215688,0.584703,0.5213351909951206,0.6064481,0.4913054836520995,0.98993605,0.8161173185752127,0.7270291,0.6095859977408109,0.0068526644074776,0.507973828824788,-0.0193440467070251
0.49019608,0.50980395,0.0,0.6862745,0.27450982,0.039215688,0.6218249,0.5222241129364487,0.56459016,0.489121101994913,1.017152,0.8165341895923595,0.73452234,0.6092931348412404,0.006559801507907,0.5156191663970998,-0.0801846315691688
0.49019608,0.50980395,0.0,0.7058824,0.25490198,0.039215688,0.6631277,0.5232131510313096,0.5187813,0.486730540663323,1.0471957,0.8169943749075054,0.7430349,0.608979355534046,0.0062460222007126,0.5243887814342355,-0.146767844756416
0.49019608,0.50980395,0.0,0.7254902,0.23529412,0.039215688,0.70828855,0.5242945736247694,0.46967775,0.4841680431820411,1.0752014,0.8174233437633804,0.7510559,0.608628653523397,0.0058953201900636,0.5322778420286057,-0.2181399170113018
0.50980395,0.39215687,0.09803922,0.1764706,0.7254902,0.09803922,0.13786754,0.510635254963238,0.9377927,0.50859689282757,0.6355482,0.8106890929279262,0.5704028,0.6099737469062448,0.0072404135729114,0.3203342373432259,-0.0722997149337907
0.50980395,0.4117647,0.078431375,0.09803922,0.7254902,0.1764706,-0.24188577,0.5015416708681544,0.97072977,0.5103157317600281,0.74373704,0.8123462421135306,0.49086034,0.608067881580571,0.0053345482472376,0.2243189158103585,-0.5540479683371595
0.50980395,0.4117647,0.078431375,0.09803922,0.78431374,0.11764706,-0.2022208,0.5024914894047379,0.9670008,0.5101211324873415,0.7527789,0.8124847377622791,0.50585294,0.6083657865514529,0.0056324532181194,0.2433474922708169,-0.5037296981958383
0.50980395,0.4117647,0.078431375,0.09803922,0.8039216,0.09803922,-0.19188686,0.5027389462519337,0.96508765,0.5100212946807589,0.74713933,0.8123983556696736,0.5067801,0.6083861988674554,0.005652865534122,0.2442565378097531,-0.4906202462258769
0.50980395,0.4117647,0.078431375,0.11764706,0.7254902,0.15686275,-0.16205639,0.5034532675997311,0.9705376,0.5103057034991806,0.72790956,0.8121038096787143,0.51213026,0.6086209269258753,0.0058875935925419,0.2508712108075219,-0.4527778445862234
0.50980395,0.4117647,0.078431375,0.11764706,0.74509805,0.13725491,-0.1502725,0.5037354448157516,0.9694419,0.5102485231272328,0.7317862,0.8121631886941131,0.5169852,0.6087157188790325,0.0059823855456991,0.2570650529422107,-0.4378290213778243
0.50980395,0.4117647,0.078431375,0.11764706,0.7647059,0.11764706,-0.14168742,0.5039410234116245,0.967923,0.5101692581858007,0.734564,0.8122057370056438,0.52026653,0.608772006201023,0.0060386728676896,0.2612075123808007,-0.4269381417792703
0.50980395,0.4117647,0.078431375,0.11764706,0.78431374,0.09803922,-0.13429657,0.5041180050893982,0.966156,0.510077047331947,0.7308396,0.8121486897297449,0.5208997,0.6087812473836967,0.0060479140503633,0.261803336295046,-0.4175622330880021
0.50980395,0.4117647,0.078431375,0.11764706,0.8039216,0.078431375,-0.120630726,0.5044452477056189,0.96753234,0.5101488719508148,0.703613,0.8117316543770029,0.5168382,0.6087752580111455,0.0060419246778122,0.2560159522479583,-0.4002259928162786
0.50980395,0.4117647,0.078431375,0.13725491,0.7254902,0.13725491,-0.08204064,0.5053693271247479,0.96688014,0.5101148368297871,0.71024424,0.8118332265564518,0.5316946,0.6091057968369956,0.0063724635036622,0.2749976287760072,-0.3512712966792448
0.50980395,0.4117647,0.078431375,0.13725491,0.74509805,0.11764706,-0.07757187,0.5054763363976278,0.96578014,0.5100574325016417,0.7139494,0.8118899789412551,0.53405255,0.6091412492801749,0.0064079159468415,0.2780190699657149,-0.3456022964513021
0.50980395,0.4117647,0.078431375,0.13725491,0.7647059,0.09803922,-0.07589144,0.50551657593632,0.9634038,0.5099334229782334,0.71451104,0.8118985819096604,0.5340078,0.6091161936080712,0.0063828602747379,0.2778306815646553,-0.3434705376991912
0.50980395,0.4117647,0.078431375,0.13725491,0.78431374,0.078431375,-0.06622974,0.505747935398015,0.9647043,0.5100012879271077,0.6889992,0.8115078119498982,0.5291579,0.609085678425007,0.0063523450916736,0.2710837904671976,-0.3312138724047951
0.50980395,0.4117647,0.078431375,0.15686275,0.6666667,0.1764706,-0.011356159,0.5070619397748978,0.95257753,0.5093684468122791,0.6815868,0.811394275226148,0.54093605,0.6092748872711083,0.0065415539377749,0.2850818687733473,-0.2616022311741501
0.50980395,0.4117647,0.078431375,0.15686275,0.6862745,0.15686275,-0.013031646,0.5070218185232468,0.95710856,0.5096049010098925,0.68605775,0.8114627575205416,0.5433782,0.6093631590178936,0.0066298256845603,0.2885774568505082,-0.2637277234668609
0.50980395,0.4117647,0.078431375,0.15686275,0.7058824,0.13725491,-0.013227089,0.5070171384242015,0.9593829,0.5097235884631054,0.69114834,0.8115407311085296,0.545768,0.6094271526652788,0.0066938193319454,0.2918839387489252,-0.2639756597609839
0.50980395,0.4117647,0.078431375,0.15686275,0.7254902,0.11764706,-0.014896131,0.5069771714987807,0.96098274,0.5098070774672642,0.69558835,0.811608739568624,0.547225,0.6094643295115564,0.0067309961782229,0.2939481964405143,-0.2660929763562915
0.50980395,0.4117647,0.078431375,0.15686275,0.74509805,0.09803922,-0.016591527,0.5069365735084267,0.9589335,0.5097001352724136,0.69732493,0.8116353391106471,0.5465556,0.6094240159638291,0.0066906826304958,0.2930186581669979,-0.2682437247015259
0.50980395,0.4117647,0.078431375,0.15686275,0.7647059,0.078431375,-0.009140893,0.5071149866065897,0.96025795,0.5097692537538939,0.6730192,0.8112630432107044,0.54137874,0.6093824278570626,0.0066490945237293,0.285890332712536,-0.2587919840538766
0.50980395,0.4117647,0.078431375,0.1764706,0.6666667,0.15686275,0.06236614,0.5088272961454527,0.94484305,0.5089648186446752,0.66627157,0.8111596889030238,0.55782694,0.6096506012310506,0.0069172678977172,0.3056276173135027,-0.1680794420013796
0.50980395,0.4117647,0.078431375,0.1764706,0.6862745,0.13725491,0.05663569,0.5086900746137922,0.949839,0.5092255347636939,0.6733448,0.8112680307960166,0.55993986,0.6097278800578342,0.0069945467245009,0.308802980572354,-0.1753489885867053
0.50980395,0.4117647,0.078431375,0.1764706,0.7058824,0.11764706,0.05138475,0.5085643354889042,0.95221144,0.5093493421044238,0.6792374,0.8113582893827163,0.56094456,0.6097573223253482,0.0070239889920147,0.3103795842163522,-0.1820102349298289
0.50980395,0.4117647,0.078431375,0.1764706,0.7254902,0.09803922,0.044930022,0.5084097703651314,0.9530185,0.5093914583115812,0.6793782,0.8113604458309146,0.5591089,0.609720558169209,0.0069872248358756,0.3081044030797157,-0.1901985881287525
0.50980395,0.4117647,0.078431375,0.1764706,0.74509805,0.078431375,0.0484442,0.5084939209795033,0.9548506,0.5094870689449343,0.6568571,0.811015485331271,0.553384,0.6096654917519029,0.0069321584185695,0.3003592967705998,-0.1857405646395957
0.50980395,0.4117647,0.078431375,0.19607843,0.6862745,0.11764706,0.12376222,0.5102974885469911,0.94057417,0.5087420444381311,0.66179484,0.8110911180500039,0.57537705,0.610043550345042,0.0073102170117086,0.3275099317476616,-0.0901934716070536
0.50980395,0.4117647,0.078431375,0.19607843,0.7058824,0.09803922,0.11321686,0.5100449690857929,0.94280624,0.5088585265448983,0.66382104,0.8111221537401201,0.57328135,0.6100085497902704,0.007275216456937,0.3250425299524246,-0.1035711242587028
0.50980395,0.4117647,0.078431375,0.19607843,0.7254902,0.078431375,0.10870198,0.5099368556221158,0.94704795,0.509079882362191,0.6414915,0.8107801275438251,0.5657471,0.6099322885093773,0.0071989551760439,0.3151557637138607,-0.1092986208927306
0.50980395,0.4117647,0.078431375,0.19607843,0.74509805,0.05882353,0.11582221,0.5101073568470982,0.95211154,0.5093441289018245,0.5916084,0.8100160592369899,0.55318075,0.6098225149953042,0.0070891816619708,0.2982074058531357,-0.1002660253308972
0.50980395,0.4117647,0.078431375,0.21568628,0.6862745,0.09803922,0.18692614,0.5118100137039818,0.92857367,0.5081157913681148,0.64726603,0.8108685775260028,0.5875886,0.6102647941993665,0.0075314608660331,0.3418774089339129,-0.0100648507035656
0.50980395,0.4117647,0.078431375,0.21568628,0.7254902,0.05882353,0.17608835,0.5115504915785747,0.94128156,0.5087789598847,0.57472706,0.809757484481854,0.5640323,0.6100289786483762,0.0072956453150428,0.3108596416475742,-0.0238134815324171
0.50980395,0.4117647,0.078431375,0.23529412,0.7058824,0.05882353,0.2317634,0.5128836878717958,0.92807573,0.5080898062281892,0.564336,0.8095983227190421,0.5747251,0.6101906056063423,0.007457272273009,0.3233354859282004,0.0468148844658
0.50980395,0.4117647,0.078431375,0.29411766,0.627451,0.078431375,0.35421598,0.5158159411990344,0.8777742,0.5054647907522504,0.6249072,0.8105261030587233,0.6189658,0.6106022783366694,0.007868945003336,0.3779594806669482,0.2021560463402591
0.50980395,0.43137255,0.05882353,0.09803922,0.7254902,0.1764706,-0.36359158,0.498627299758334,0.9707117,0.5103147892776966,0.79543424,0.8131380977435516,0.46751812,0.6073600622598607,0.0046267289265273,0.1960731844514272,-0.7084417889963064
0.50980395,0.43137255,0.05882353,0.09803922,0.74509805,0.15686275,-0.34941316,0.4989668167514272,0.973852,0.5104786661147781,0.7931964,0.8131038200773336,0.47254506,0.6075164343145131,0.0047831009811796,0.2025846733469772,-0.69045529250458
0.50980395,0.43137255,0.05882353,0.09803922,0.7647059,0.13725491,-0.33236226,0.4993751179266466,0.97239447,0.5104026049911726,0.7938901,0.81311444619951,0.4779741,0.6076307230391097,0.0048973897057763,0.2094003580816587,-0.6688248356937389
0.50980395,0.43137255,0.05882353,0.09803922,0.78431374,0.11764706,-0.3184602,0.4997080172682535,0.96952456,0.5102528373945391,0.7914304,0.8130767704383749,0.48083162,0.6076792083670558,0.0049458750337224,0.2127833779041312,-0.6511889206682221
0.50980395,0.43137255,0.05882353,0.11764706,0.7058824,0.1764706,-0.29315907,0.5003138788550175,0.9690675,0.5102289860594961,0.78173196,0.8129282174512044,0.48588014,0.607823694121906,0.0050903607885726,0.2189032627614241,-0.6190923613604841
0.50980395,0.43137255,0.05882353,0.11764706,0.7254902,0.15686275,-0.2853133,0.5005017536452993,0.97229457,0.5103973917885732,0.77949095,0.8128938913972834,0.48882404,0.6079310122770519,0.0051976789437186,0.2227775438680702,-0.6091393713039377
0.50980395,0.43137255,0.05882353,0.11764706,0.74509805,0.13725491,-0.27643666,0.5007143142096091,0.97380865,0.510476404779283,0.7771403,0.8128578863813655,0.4915041,0.6080162017900858,0.0052828684567525,0.2262085611191299,-0.5978786099222877
0.50980395,0.43137255,0.05882353,0.11764706,0.7647059,0.11764706,-0.2638654,0.5010153456306811,0.9709926,0.5103294490771303,0.7751313,0.8128271136282015,0.49408618,0.608057302778671,0.0053239694453376,0.2292574214689432,-0.5819309527824196
0.50980395,0.43137255,0.05882353,0.11764706,0.78431374,0.09803922,-0.25086063,0.5013267584791413,0.9682354,0.5101855603306834,0.7678489,0.8127155681040791,0.49507454,0.6080759623046346,0.0053426289713012,0.2301487602554881,-0.5654333216763077
0.50980395,0.43137255,0.05882353,0.13725491,0.7058824,0.15686275,-0.21268213,0.5022409820721243,0.96659863,0.5101001459253259,0.764648,0.812666539492247,0.50618815,0.6083358891632323,0.005602555829899,0.2440617823988473,-0.5170007548759612
0.50980395,0.43137255,0.05882353,0.13725491,0.7254902,0.13725491,-0.20810318,0.5023506296991016,0.96964866,0.5102593134612526,0.7616994,0.8126213745928516,0.5077483,0.6084104392510685,0.0056771059177352,0.2461509507271812,-0.511191983303189
0.50980395,0.43137255,0.05882353,0.13725491,0.74509805,0.11764706,-0.20430773,0.5024415155383538,0.9706695,0.5103125870417536,0.7567629,0.8125457619595803,0.50770825,0.6084332881798958,0.0056999548465625,0.2460325395729952,-0.5063771496951156
0.50980395,0.43137255,0.05882353,0.13725491,0.7647059,0.09803922,-0.19414453,0.5026848839001227,0.9679723,0.5101718305715702,0.7521081,0.8124744631356813,0.5086453,0.6084437258691248,0.0057103925357913,0.2469319305384186,-0.4934842922705966
0.50980395,0.43137255,0.05882353,0.15686275,0.6862745,0.15686275,-0.13523997,0.5040954142270424,0.95934767,0.5097217501559835,0.74717885,0.8123989609724489,0.52376217,0.6087387084518249,0.0060053751184916,0.2654470087481024,-0.418759022865166
0.50980395,0.43137255,0.05882353,0.15686275,0.7058824,0.13725491,-0.13372974,0.504131578304371,0.96320146,0.5099228628214166,0.7451394,0.8123677226017654,0.5248704,0.6088073879091843,0.006074054575851,0.2670364731812847,-0.4168431686863456
0.50980395,0.43137255,0.05882353,0.15686275,0.7254902,0.11764706,-0.13445008,0.5041143290921151,0.9654312,0.5100392236185768,0.74058205,0.8122979164928554,0.52385443,0.6088171564011824,0.006083823067849,0.2657645521032326,-0.4177569753647704
0.50980395,0.43137255,0.05882353,0.15686275,0.74509805,0.09803922,-0.13535026,0.5040927733751795,0.9660237,0.5100701420158548,0.73422885,0.812200603344247,0.5216341,0.6087878395784271,0.0060545062450937,0.2628164518248226,-0.4188989265334144
0.50980395,0.43137255,0.05882353,0.15686275,0.7647059,0.078431375,-0.118732676,0.5044906984753654,0.96784073,0.5101649656920136,0.69899255,0.8116608823399838,0.51603353,0.608772182169121,0.0060388488357876,0.2548920130589616,-0.3978181601386165
0.50980395,0.43137255,0.05882353,0.1764706,0.6666667,0.15686275,-0.05421353,0.5060356758516243,0.9501068,0.5092395102525239,0.72712386,0.8120917748352975,0.5410057,0.6091223203131486,0.0063889869798152,0.2862219654580444,-0.3159703271194173
0.50980395,0.43137255,0.05882353,0.1764706,0.6862745,0.13725491,-0.05777796,0.5059503219386854,0.9542032,0.5094532826641262,0.72633886,0.812079750947587,0.5409214,0.6091611185167994,0.0064277851834661,0.2863467118917495,-0.3204920974191736
0.50980395,0.43137255,0.05882353,0.1764706,0.7058824,0.11764706,-0.06136776,0.5058643604442696,0.9568402,0.5095908975265379,0.72267294,0.8120235993006815,0.5393818,0.6091596190904963,0.0064262857571629,0.284459262121194,-0.3250460553923694
0.50980395,0.43137255,0.05882353,0.1764706,0.7254902,0.09803922,-0.06524223,0.5057715822799745,0.95827395,0.5096657175595484,0.7164389,0.8119281111901545,0.5364902,0.6091218036765591,0.0063884703432257,0.2807145761722214,-0.3299611381733486
0.50980395,0.43137255,0.05882353,0.1764706,0.74509805,0.078431375,-0.05808317,0.5059430133873991,0.96408045,0.5099687334053863,0.67701465,0.811324242699307,0.5276706,0.6090786631640308,0.0063453298306974,0.26884174667117,-0.3208792804902552
0.50980395,0.43137255,0.05882353,0.1764706,0.78431374,0.039215688,0.000116487034,0.507336664104464,1.0115674,0.5124468647207355,0.2832632,0.8052930779702612,0.431649,0.6083588689318202,0.0056255355984868,0.1395464110234244,-0.2470482374405367
0.50980395,0.43137255,0.05882353,0.1764706,0.8039216,0.019607844,0.024485324,0.5079202009970167,1.0695583,0.5154731537137008,-0.10996832,0.7992698768985066,0.3280251,0.607554410536408,0.0048210772030747,0.0012681454838738,-0.4338482283962777
0.50980395,0.43137255,0.05882353,0.19607843,0.6666667,0.13725491,0.021644212,0.5078521676610644,0.94371015,0.508905697319015,0.70463413,0.8117472954737573,0.55666286,0.6095017201512789,0.0067683868179455,0.3050953774351019,-0.2197385501468589
0.50980395,0.43137255,0.05882353,0.19607843,0.6862745,0.11764706,0.013208584,0.5076501678503306,0.94676065,0.5090648897389637,0.7025167,0.811714862018107,0.55416197,0.6094766398691337,0.0067433065358004,0.3020548772740805,-0.2304398374491304
0.50980395,0.43137255,0.05882353,0.19607843,0.7058824,0.09803922,0.005308644,0.5074609956492431,0.94875795,0.5091691195754212,0.6975354,0.8116385628272383,0.550534,0.6094228926839675,0.0066895593506342,0.2974438955834529,-0.2404615600739469
0.50980395,0.43137255,0.05882353,0.19607843,0.7254902,0.078431375,0.0085944915,0.5075396786547653,0.9549243,0.5094909135263263,0.65984935,0.8110613185287533,0.54112273,0.609363970236615,0.0066306369032816,0.2848885469739071,-0.2362931925648835
0.50980395,0.43137255,0.05882353,0.19607843,0.7647059,0.039215688,0.048897017,0.5085047641366998,1.0106624,0.5123996410680721,0.2587813,0.8049180842276317,0.43944693,0.6086074964774678,0.0058741631441345,0.1487355968959148,-0.1851661297428428
0.50980395,0.43137255,0.05882353,0.19607843,0.78431374,0.019607844,0.07119824,0.5090387898962432,1.0689312,0.5154404312248312,-0.13425392,0.7988978898125364,0.33529186,0.6077923703112035,0.0050590369778702,0.0098058450524088,-0.4665828954445661
0.50980395,0.43137255,0.05882353,0.21568628,0.64705884,0.13725491,0.10916845,0.5099480256297793,0.92969793,0.5081744616708771,0.68581396,0.81145902345063,0.5748935,0.6098605035837621,0.0071271702504287,0.3268610845226695,-0.1087068705304839
0.50980395,0.43137255,0.05882353,0.21568628,0.6862745,0.09803922,0.07984556,0.5092458589445186,0.9373643,0.5085745345338443,0.6810552,0.8113861323974093,0.5660884,0.6097355086252573,0.007002175291924,0.3160378128900513,-0.1459053580229181
0.50980395,0.43137255,0.05882353,0.21568628,0.74509805,0.039215688,0.09761606,0.5096713918476348,1.0070164,0.5122093716152055,0.23682258,0.8045817381085874,0.4471517,0.6088208338571426,0.0060875005238092,0.1577043768852607,-0.1233620207976403
0.50980395,0.43137255,0.05882353,0.23529412,0.64705884,0.11764706,0.17283311,0.5114725416672493,0.92149276,0.5077462698631018,0.67527,0.8112975199055875,0.58986527,0.6101721104786462,0.0074387771453128,0.3450695514797268,-0.0279430121158805
0.50980395,0.43137255,0.05882353,0.23529412,0.6666667,0.09803922,0.15324678,0.5110035265904855,0.9259512,0.5079789354683727,0.67183447,0.8112448969090997,0.5836775,0.6100757863226526,0.0073424529893193,0.3374037690907586,-0.0527898922555774
0.50980395,0.43137255,0.05882353,0.25490198,0.64705884,0.09803922,0.2208391,0.5126220943850776,0.91154116,0.5072269403249196,0.66343343,0.8111162166602582,0.59860456,0.6103217504567517,0.0075884171234184,0.3552296493222282,0.032956519709888
0.50980395,0.4509804,0.039215688,0.078431375,0.7647059,0.15686275,-0.5202581,0.4948757579121898,0.9664182,0.510090730433519,0.8513871,0.8139951380003572,0.4325157,0.6063205421153554,0.0035872087820219,0.1528845515403611,-0.9071861688857172
0.50980395,0.4509804,0.039215688,0.078431375,0.78431374,0.13725491,-0.5016608,0.4953210895325695,0.96626395,0.5100826804524169,0.8489279,0.8139574704560019,0.43784368,0.6064537468136627,0.0037204134803294,0.1595689754948626,-0.8835939605704919
0.50980395,0.4509804,0.039215688,0.09803922,0.7254902,0.1764706,-0.4730604,0.4960059561582036,0.9659225,0.510064860382195,0.83710986,0.8137764511460619,0.44332397,0.6066157558954869,0.0038824225621535,0.1661876585496118,-0.8473119734833692
0.50980395,0.4509804,0.039215688,0.09803922,0.74509805,0.15686275,-0.45719412,0.4963858905665806,0.9702497,0.5102906797709258,0.8329601,0.8137128888767915,0.4486719,0.606796486404766,0.0040631530714326,0.1731289508049421,-0.8271842949212466
0.50980395,0.4509804,0.039215688,0.09803922,0.7647059,0.13725491,-0.44242838,0.496739471407171,0.9718613,0.5103747815441252,0.8288146,0.8136493914287836,0.45274916,0.6069212147933599,0.0041878814600265,0.178291037272141,-0.8084527419262749
0.50980395,0.4509804,0.039215688,0.09803922,0.78431374,0.11764706,-0.42814568,0.4970814854521946,0.969719,0.5102629838544909,0.82497543,0.8135905857620166,0.45551625,0.6069783516895674,0.004245018356234,0.181567725439504,-0.7903339598149791
0.50980395,0.4509804,0.039215688,0.11764706,0.74509805,0.13725491,-0.3860884,0.4980885902423028,0.9702859,0.5102925678460916,0.81527454,0.8134419953428493,0.46649066,0.6072743844770813,0.0045410511437478,0.1952681317542215,-0.736980851892322
0.50980395,0.4509804,0.039215688,0.11764706,0.7647059,0.11764706,-0.37599266,0.4983303432633901,0.9701603,0.5102860140168094,0.8096246,0.8133554543925018,0.46793076,0.6073239372242338,0.0045906038909004,0.196937859503616,-0.7241735699179032
0.50980395,0.4509804,0.039215688,0.13725491,0.7647059,0.09803922,-0.30782497,0.4999626887329087,0.96791524,0.510168853820444,0.78581214,0.812990714278033,0.48196745,0.6077074189437953,0.0049740856104619,0.2139765798864671,-0.6376972619331758
0.50980395,0.4509804,0.039215688,0.15686275,0.74509805,0.09803922,-0.24550778,0.5014549380994106,0.9629025,0.5099072605396514,0.7732921,0.8127989428552937,0.49689564,0.6080537138314519,0.0053203804981185,0.2322741312025299,-0.5586427858940528
0.50980395,0.47058824,0.019607844,0.09803922,0.74509805,0.15686275,-0.5612615,0.4938938905454788,0.9635038,0.5099386392913355,0.8697136,0.8142758487601574,0.42398533,0.6060361261989905,0.0033027928656572,0.1423679386759757,-0.9592022809094162
0.50980395,0.47058824,0.019607844,0.09803922,0.7647059,0.13725491,-0.5457027,0.4942664615409327,0.9656643,0.5100513887948096,0.8622439,0.8141614337539489,0.42740187,0.6061597613632305,0.003426428029897,0.1466377684879401,-0.939464691807916
0.50980395,0.49019608,0.0,0.47058824,0.4117647,0.11764706,0.4460705,0.5180154921215893,0.73722154,0.498129970220052,0.87034094,0.8142854578275949,0.6845443,0.6101436400564121,0.0074103067230787,0.4589770869085137,0.1707352614633553
0.50980395,0.49019608,0.0,0.5294118,0.39215687,0.078431375,0.4527459,0.5181753419820891,0.73219556,0.4978676864076503,0.8828521,0.8144770932169804,0.68926454,0.6101733738689066,0.0074400405355732,0.4649860412346165,0.1634299902009372
0.50980395,0.49019608,0.0,0.54901963,0.37254903,0.078431375,0.48769832,0.5190123132539903,0.6999783,0.4961864099063319,0.90562123,0.8148258526077982,0.697766,0.6100081919227068,0.0072748585893734,0.4743869771416178,0.1166021635165946
0.50980395,0.49019608,0.0,0.5686275,0.37254903,0.05882353,0.47385794,0.5186808911623108,0.7153782,0.4969900642793618,0.89864844,0.8147190490785708,0.69596153,0.6101300015067478,0.0073966681734144,0.472862813463911,0.1389859818027882
0.50980395,0.49019608,0.0,0.5882353,0.3529412,0.05882353,0.5114435,0.5195809160284555,0.6824351,0.4952709080756238,0.93291676,0.815243943360251,0.70893174,0.6100319224881101,0.0072985891547767,0.4881921173253565,0.0911031090636351
0.50980395,0.49019608,0.0,0.60784316,0.33333334,0.05882353,0.54903966,0.5204811949530418,0.6457685,0.4933574418759545,0.9634369,0.8157114260887963,0.719415,0.6098500209725976,0.0071166876392641,0.5000378362689059,0.0378082087339126
0.50980395,0.49019608,0.0,0.627451,0.3137255,0.05882353,0.58706015,0.5213916347879982,0.6065612,0.4913113842758054,0.9888187,0.8161002039359553,0.72748,0.609601074333253,0.0068677409999196,0.5085233205396401,-0.0191796993292968
0.50980395,0.49019608,0.0,0.627451,0.33333334,0.039215688,0.54146254,0.5202997529795936,0.67308444,0.4947829386261093,0.92904663,0.8151846638591848,0.7145312,0.610089118488296,0.0073557851549625,0.4946167401433272,0.0775119188036126
0.50980395,0.49019608,0.0,0.64705884,0.29411766,0.05882353,0.62344134,0.5222628197391355,0.56960756,0.4893829378949196,1.0071471,0.8163809429979968,0.7333987,0.6093422335440173,0.0066089002106839,0.5142384116786004,-0.0728918358061672
0.50980395,0.49019608,0.0,0.64705884,0.3137255,0.039215688,0.57622117,0.5211320841166988,0.6346359,0.4927764808363974,0.96380645,0.8157170865370731,0.72488785,0.6098752171633898,0.0071418838300564,0.5063041184418385,0.021626966178389
0.50980395,0.49019608,0.0,0.6666667,0.27450982,0.05882353,0.66081214,0.5231577020627792,0.5312019,0.4873787165566809,1.0266722,0.8166800136956753,0.73956203,0.6090721441050452,0.0063388107717118,0.5202061888242078,-0.1287144975697215
0.50980395,0.49019608,0.0,0.6666667,0.29411766,0.039215688,0.6121788,0.5219931267122959,0.5989234,0.4909128013436527,0.99076027,0.816129943200821,0.7339542,0.6096786237522566,0.0069452904189232,0.5163168405778572,-0.0302812477370374
0.50980395,0.49019608,0.0,0.6862745,0.27450982,0.039215688,0.6488772,0.5228719077253785,0.5615793,0.4889639780592893,1.0153967,0.8165073042889959,0.74195105,0.6094477300245545,0.0067143966912212,0.5248111160867677,-0.0845609328019406
0.50980395,0.49019608,0.0,0.7058824,0.25490198,0.039215688,0.6911172,0.5238833886007788,0.5177412,0.4866762623904356,1.0452044,0.8169638742210489,0.7513543,0.6091745084040877,0.0064411750707544,0.534825833246828,-0.1482796327065263
0.5294118,0.39215687,0.078431375,0.13725491,0.78431374,0.078431375,-0.016073983,0.50694896661837,0.94963026,0.5092146417830835,0.70786387,0.8117967659657452,0.54714006,0.6093201247890662,0.0065867914557328,0.2934652567688074,-0.2675871783929437
0.5294118,0.39215687,0.078431375,0.15686275,0.7254902,0.11764706,0.03504025,0.5081729495390008,0.9416931,0.5088004379061492,0.71692663,0.8119355820689043,0.5645533,0.6096363231713514,0.006902989838018,0.315305827465878,-0.2027445785946683
0.5294118,0.39215687,0.078431375,0.15686275,0.74509805,0.09803922,0.035108652,0.5081745875379843,0.9404953,0.5087379292430004,0.71910733,0.8119689841915904,0.56490374,0.6096271669908583,0.006893833657525,0.3157342007029068,-0.2026578027820621
0.5294118,0.39215687,0.078431375,0.15686275,0.7647059,0.078431375,0.043158863,0.5083673581272101,0.94396156,0.5089188174195903,0.69127214,0.8115426273587024,0.5594642,0.609609600968501,0.0068762676351676,0.3083113250878349,-0.1924454493583668
0.5294118,0.39215687,0.078431375,0.1764706,0.6862745,0.13725491,0.10771949,0.5099133288113158,0.9301736,0.5081992834827763,0.6932572,0.8115730330957039,0.5770501,0.6098952151299321,0.0071618817965986,0.329823089693149,-0.1105449941480424
0.5294118,0.39215687,0.078431375,0.1764706,0.7058824,0.11764706,0.10046543,0.5097396229530973,0.9342832,0.5084137464259878,0.6983295,0.8116507264002046,0.57769275,0.6099346985930966,0.0072013652597632,0.3310257369140252,-0.1197473606657664
0.5294118,0.39215687,0.078431375,0.1764706,0.7254902,0.09803922,0.09610775,0.5096352738005575,0.9345883,0.5084296690895357,0.7009501,0.8116908662822911,0.5772154,0.6099186030574614,0.0071852697241281,0.3305083033527922,-0.1252754364447467
0.5294118,0.39215687,0.078431375,0.1764706,0.74509805,0.078431375,0.10065994,0.5097442805722523,0.93790156,0.5086025726055811,0.6736319,0.8112724285991375,0.5707311,0.609873093925657,0.0071397605923236,0.3217644129468529,-0.1195006152824841
0.5294118,0.39215687,0.078431375,0.19607843,0.6862745,0.11764706,0.17713244,0.5115754934983602,0.92102647,0.5077219364001334,0.6809948,0.8113852075531989,0.59305125,0.6102275458172308,0.0074942124838974,0.3492338075150824,-0.0224889618422209
0.5294118,0.39215687,0.078431375,0.19607843,0.7058824,0.09803922,0.16473375,0.5112785940952009,0.9247238,0.5079148839958628,0.6835051,0.8114236584305576,0.5909875,0.6102057121738738,0.0074723788405404,0.3469101347777679,-0.0382177182283632
0.5294118,0.39215687,0.078431375,0.19607843,0.7254902,0.078431375,0.16214058,0.511216497858821,0.92972785,0.5081760231432547,0.65600824,0.8110024836467695,0.58262557,0.6101316682162817,0.0073983348829483,0.3358836601331209,-0.0415073731219878
0.5294118,0.39215687,0.078431375,0.21568628,0.7254902,0.05882353,0.23023859,0.5128471748209337,0.9229624,0.5078229655292671,0.5876721,0.8099557663330871,0.58029103,0.610208635561096,0.0074753022277626,0.330698257730982,0.044880542813999
0.5294118,0.39215687,0.078431375,0.25490198,0.627451,0.11764706,0.3667043,0.5161149865396485,0.8675521,0.5049313457526147,0.6435397,0.8108115010348869,0.62593204,0.6106192777757167,0.0078859444423833,0.386659318083509,0.2179984874529047
0.5294118,0.39215687,0.078431375,0.25490198,0.6666667,0.078431375,0.33921972,0.5154568402965173,0.88803774,0.5060004006617961,0.6269429,0.8105572839119486,0.6180668,0.6106715082900873,0.0079381749567539,0.3775054836949114,0.1831320585732439
0.5294118,0.39215687,0.078431375,0.27450982,0.60784316,0.11764706,0.4045098,0.5170202788365729,0.8508683,0.5040606911504734,0.6412828,0.8107769312164999,0.6322203,0.6106193004011821,0.0078859670678486,0.3935484331520633,0.2659579034876261
0.5294118,0.39215687,0.078431375,0.27450982,0.627451,0.09803922,0.38692525,0.5165991983790107,0.8637151,0.5047311102489555,0.64740103,0.8108706454155749,0.6326805,0.610733651347847,0.0080003180145136,0.395085838407503,0.2436504422213318
0.5294118,0.39215687,0.078431375,0.27450982,0.64705884,0.078431375,0.37431607,0.5162972584849157,0.8741448,0.5052753891296494,0.6323901,0.8106407198325236,0.6269503,0.6107377891490295,0.0080044558156962,0.3880626504852125,0.2276546571609944
0.5294118,0.39215687,0.078431375,0.29411766,0.60784316,0.09803922,0.41774258,0.5173371510869387,0.8485891,0.5039417517465382,0.6495154,0.8109030313964978,0.63861567,0.6107273114099916,0.0079939780766582,0.4017387120267453,0.282744755796855
0.5294118,0.39215687,0.078431375,0.29411766,0.627451,0.078431375,0.40155634,0.5169495549610639,0.86017764,0.5045465050215862,0.64200264,0.8107879572219576,0.6345789,0.6107613390682025,0.0080280057348692,0.3971333383731147,0.262211184576345
0.5294118,0.39215687,0.078431375,0.3137255,0.5882353,0.09803922,0.44219175,0.5179226116381114,0.8321187,0.5030822327442214,0.65282935,0.8109537919229074,0.64237994,0.6106528787684135,0.00791954543508,0.405586341553328,0.3086683682398576
0.5294118,0.39215687,0.078431375,0.33333334,0.5882353,0.078431375,0.44497862,0.5179893462251691,0.8270986,0.5028202568715913,0.65812624,0.8110349253191996,0.64340115,0.6106148428053201,0.0078815094719866,0.406712468603785,0.3013716738832883
0.5294118,0.39215687,0.078431375,0.3529412,0.5686275,0.078431375,0.4638854,0.5184420883591943,0.8095552,0.5019047425988722,0.66634953,0.8111608830750151,0.6465967,0.6105025713443605,0.0077692380110271,0.4099023379346246,0.2758722728886784
0.5294118,0.4117647,0.05882353,0.11764706,0.7254902,0.15686275,-0.24018428,0.5015824147770815,0.9610686,0.5098115565912159,0.80246085,0.8132457256896811,0.50778174,0.6082132323526594,0.0054798990193261,0.2467422482722917,-0.5518894897046146
0.5294118,0.4117647,0.05882353,0.11764706,0.74509805,0.13725491,-0.225747,0.5019281301538676,0.961023,0.5098091770566165,0.80287606,0.8132520854772127,0.5127173,0.6083297975625657,0.0055964642292322,0.2530116643982869,-0.5335746231789485
0.5294118,0.4117647,0.05882353,0.11764706,0.78431374,0.09803922,-0.20366175,0.5024569842005765,0.95733273,0.5096165996107137,0.79194635,0.8130846731545497,0.5152058,0.60838608565528,0.0056527523219466,0.2556519926799052,-0.5055576707162723
0.5294118,0.4117647,0.05882353,0.13725491,0.7058824,0.15686275,-0.1672051,0.5033299764635211,0.957148,0.5096069601627092,0.7859523,0.8129928615964761,0.5252984,0.6086432660742355,0.0059099327409021,0.2682854641616741,-0.4593094045199356
0.5294118,0.4117647,0.05882353,0.13725491,0.7254902,0.13725491,-0.16190164,0.5034569732133775,0.9592499,0.5097166489314829,0.78364384,0.8129575020542569,0.5269974,0.6087103747330391,0.0059770413997057,0.2705092512761618,-0.452581533331688
0.5294118,0.4117647,0.05882353,0.13725491,0.74509805,0.11764706,-0.1524913,0.5036823134168538,0.9577415,0.5096379314385339,0.78337246,0.8129533452766755,0.52954084,0.6087578633773544,0.006024530044021,0.2736357539835805,-0.4406437485912398
0.5294118,0.4117647,0.05882353,0.13725491,0.78431374,0.078431375,-0.1286537,0.5042531292116207,0.9587796,0.509692103954328,0.73657674,0.8122365663632906,0.5222342,0.6087272665097464,0.005993933176413,0.2631932956011106,-0.4104038003740467
0.5294118,0.4117647,0.05882353,0.15686275,0.6862745,0.15686275,-0.09033846,0.5051706271968642,0.9514779,0.5093110611471502,0.7691824,0.8127359931926029,0.5434406,0.6090725605122058,0.0063392271788724,0.2905074019950238,-0.3617977670135425
0.5294118,0.4117647,0.05882353,0.15686275,0.7058824,0.13725491,-0.08873421,0.5052090426530375,0.95433223,0.5094600169025675,0.76608104,0.8126884892499034,0.54389304,0.6091191829351694,0.0063858496018361,0.2911752685356243,-0.3597626421692966
0.5294118,0.4117647,0.05882353,0.15686275,0.7254902,0.11764706,-0.088181846,0.5052222695706542,0.9554687,0.5095193248583924,0.76269054,0.8126365564629152,0.54332584,0.6091260502973206,0.0063927169639872,0.2904361146345222,-0.3590619234655218
0.5294118,0.4117647,0.05882353,0.15686275,0.74509805,0.09803922,-0.08543124,0.5052881356489382,0.95319504,0.5094006716207097,0.7584691,0.812571895884084,0.5420776,0.609086901051244,0.0063535677179105,0.288600940475646,-0.355572554714978
0.5294118,0.4117647,0.05882353,0.1764706,0.6666667,0.15686275,-0.010916009,0.5070724796319883,0.9412773,0.5087787390390052,0.7506735,0.8124524887276855,0.56034493,0.609434569132893,0.0067012357995596,0.3108337803759926,-0.2610438641220178
0.5294118,0.4117647,0.05882353,0.1764706,0.6862745,0.13725491,-0.014882433,0.5069774995089247,0.9460596,0.5090283040056857,0.7476477,0.8124061424379562,0.5596083,0.6094706486508555,0.0067373153175221,0.3101140586144736,-0.2660755994549194
0.5294118,0.4117647,0.05882353,0.1764706,0.7058824,0.11764706,-0.017528001,0.506914148658276,0.94844943,0.5091530196132169,0.74387497,0.8123483547389035,0.55826545,0.6094718410034655,0.0067385076701321,0.3084581384941505,-0.2694317196966752
0.5294118,0.4117647,0.05882353,0.1764706,0.7254902,0.09803922,-0.020791579,0.5068359989257044,0.9487366,0.5091680060154388,0.73704886,0.812243798042452,0.554998,0.609415934327865,0.0066826009945316,0.3041502581304618,-0.2735718361542397
0.5294118,0.4117647,0.05882353,0.1764706,0.74509805,0.078431375,-0.007996636,0.5071423870057712,0.95247483,0.5093630874160507,0.69412863,0.8115863807979308,0.54620224,0.6093639517399175,0.0066306184065842,0.2920877842380194,-0.2573404007936121
0.5294118,0.4117647,0.05882353,0.1764706,0.78431374,0.039215688,0.049798306,0.5085263464369976,1.0000315,0.5118448580196108,0.3146572,0.80577394583303,0.45482898,0.6087150500965461,0.0059817167632127,0.1690711334548666,-0.1840227702748728
0.5294118,0.4117647,0.05882353,0.19607843,0.6666667,0.13725491,0.06675224,0.5089323258499064,0.93441594,0.5084206735155993,0.7282625,0.8121092154068186,0.5764769,0.6098207382574414,0.007087404924108,0.3302829953413268,-0.1625153128145834
0.5294118,0.4117647,0.05882353,0.19607843,0.6862745,0.11764706,0.057645384,0.5087142528061726,0.9390777,0.5086639490457309,0.72431326,0.8120487243872261,0.5736788,0.6098089754130432,0.0070756420797098,0.3269162853516698,-0.1740681072721566
0.5294118,0.4117647,0.05882353,0.19607843,0.7058824,0.09803922,0.049230266,0.5085127441408969,0.9409408,0.5087611771405111,0.71833843,0.8119572068072726,0.5695031,0.6097437093628936,0.0070103760295601,0.3215760463557625,-0.1847433752992801
0.5294118,0.4117647,0.05882353,0.19607843,0.7647059,0.039215688,0.1007646,0.5097467869015977,0.9987472,0.5117778391274829,0.28920573,0.8053841007174781,0.46290588,0.6089695755821861,0.0062362422488528,0.1785651738820465,-0.1193678381759028
0.5294118,0.4117647,0.05882353,0.19607843,0.78431374,0.019607844,0.12454425,0.5103162150091745,1.0580602,0.5148731190713159,-0.1070362,0.7993147886754367,0.35852274,0.6081680409186424,0.005434707585309,0.0393257067701765,-0.4298960157528743
0.5294118,0.4117647,0.05882353,0.21568628,0.64705884,0.13725491,0.15734415,0.5111016423906142,0.9179835,0.5075631359035305,0.7090664,0.811815185247033,0.594798,0.6101599878470593,0.0074266545137258,0.3520043858444109,-0.0475920390385163
0.5294118,0.4117647,0.05882353,0.21568628,0.6666667,0.11764706,0.14315705,0.5107619177261543,0.9251514,0.5079371987425502,0.7058777,0.8117663437951842,0.5913954,0.6101551534212962,0.0074218200879628,0.3480454129278821,-0.0655895372779691
0.5294118,0.4117647,0.05882353,0.21568628,0.6862745,0.09803922,0.12814812,0.5104025135235314,0.9289543,0.5081356550386397,0.701081,0.8116928711765518,0.5860612,0.610077013246241,0.0073436799129075,0.3413860480476003,-0.0846295928895989
0.5294118,0.4117647,0.05882353,0.21568628,0.74509805,0.039215688,0.14755638,0.5108672642008069,0.99556106,0.5116115672032883,0.26645267,0.8050355878300531,0.4698567,0.6091714730780494,0.006438139744716,0.1865848957393528,-0.0600086266452182
0.5294118,0.4117647,0.05882353,0.23529412,0.627451,0.13725491,0.24347387,0.513164107374497,0.90027267,0.5066388873391056,0.69177,0.811550253443292,0.6118388,0.6104510827189649,0.0077177493856315,0.3720730847863214,0.0616705897888063
0.5294118,0.4117647,0.05882353,0.23529412,0.64705884,0.11764706,0.22520234,0.5127265766328402,0.91007274,0.5071503099793119,0.6941785,0.8115871449584481,0.6098179,0.6104880105235334,0.0077546771902,0.3701770553742498,0.038491646437149
0.5294118,0.4117647,0.05882353,0.23529412,0.6666667,0.09803922,0.20407797,0.5122207320026331,0.91571885,0.507444955462265,0.69156146,0.8115470589419178,0.6037861,0.610404248802272,0.0076709154689386,0.3628040849601459,0.0116936573772045
0.5294118,0.4117647,0.05882353,0.23529412,0.7254902,0.039215688,0.20129894,0.5121541851048173,0.98826045,0.5112305803851599,0.25786006,0.804903973277863,0.48247313,0.6094295795892801,0.0066962462559467,0.2019126906546495,0.0081682210413249
0.5294118,0.4117647,0.05882353,0.23529412,0.74509805,0.019607844,0.20195086,0.512169796139678,1.0502508,0.5144655810017625,-0.14914557,0.7986697915500054,0.36768535,0.608435056230482,0.0057017228971486,0.0493544632622136,-0.4866554220452446
0.5294118,0.4117647,0.05882353,0.25490198,0.627451,0.11764706,0.28881982,0.5142499627882099,0.89268553,0.5062429483342855,0.68706864,0.8114782415855052,0.622858,0.6106570509026669,0.0079237175693335,0.3854597994085866,0.1191956474047115
0.5294118,0.4117647,0.05882353,0.25490198,0.64705884,0.09803922,0.26997766,0.5137987678415483,0.9006935,0.5066608474884801,0.6849747,0.8114461678422131,0.6185486,0.6106352610574138,0.0079019277240804,0.3804312173245559,0.095292819298008
0.5294118,0.4117647,0.05882353,0.27450982,0.6666667,0.05882353,0.29723063,0.5144513683314497,0.9079178,0.5070378528630958,0.58728737,0.8099498730760505,0.5974786,0.6104796980901986,0.0077463647568652,0.3515645648820475,0.1298654523646694
0.5294118,0.4117647,0.05882353,0.27450982,0.6862745,0.039215688,0.28931123,0.5142617301186702,0.965866,0.5100619147360962,0.26866952,0.8050695436723972,0.50794894,0.6097977295090545,0.0070643961757211,0.2331362298186767,0.0765193837996563
0.5294118,0.4117647,0.05882353,0.29411766,0.64705884,0.05882353,0.32467887,0.5151086446385125,0.89761776,0.5065003393258706,0.5938957,0.810051093759921,0.6053974,0.6105533592414346,0.0078200259081013,0.361150094920452,0.1646857948852946
0.5294118,0.4117647,0.05882353,0.3137255,0.627451,0.05882353,0.3500173,0.5157153997117061,0.88695896,0.5059441036726277,0.6011664,0.8101624612538153,0.61271423,0.6106073215460497,0.0078739882127163,0.3699672936722356,0.1968296881729474
0.5294118,0.4117647,0.05882353,0.33333334,0.5686275,0.09803922,0.414292,0.5172545235743337,0.8369929,0.5033365972166363,0.6987187,0.8116566881304058,0.6500012,0.6107492696404586,0.0080159363071252,0.4167683677219251,0.2783674212426992
0.5294118,0.4117647,0.05882353,0.33333334,0.5882353,0.078431375,0.39292717,0.5167429205239991,0.8493582,0.5039818865634474,0.6882352,0.8114961103425492,0.6435068,0.6107403058099986,0.0080069724766652,0.4090147469741063,0.2512643699751824
0.5294118,0.4117647,0.05882353,0.3529412,0.5294118,0.11764706,0.4617323,0.5183905301957866,0.8029222,0.5015585965219823,0.6960974,0.8116165363796375,0.65358394,0.6105218876991355,0.0077885543658021,0.4191439443044675,0.2662312242667806
0.5294118,0.4117647,0.05882353,0.3529412,0.54901963,0.09803922,0.43938255,0.51785534252922,0.81970644,0.5024344923212477,0.70024014,0.8116799918307711,0.6531097,0.6106566088937463,0.0079232755604129,0.4196864393231472,0.290627150010929
0.5294118,0.4117647,0.05882353,0.3529412,0.5686275,0.078431375,0.41660318,0.5173098669230625,0.8337273,0.5031661789922836,0.69582963,0.8116124352935634,0.64872,0.6106961604029698,0.0079628270696364,0.4148654016582483,0.281299330301748
0.5294118,0.43137255,0.039215688,0.09803922,0.74509805,0.15686275,-0.42316288,0.4972008037138415,0.96150327,0.5098342414877298,0.8565188,0.8140737415414598,0.46495306,0.607036262247677,0.0043029289143437,0.1938667181224116,-0.784012869742411
0.5294118,0.43137255,0.039215688,0.09803922,0.7647059,0.13725491,-0.40221527,0.4977024157018653,0.9613288,0.5098251370461974,0.8545354,0.8140433613677731,0.4712163,0.6071903047052786,0.0044569713719452,0.2017489636140319,-0.757439112179942
0.5294118,0.43137255,0.039215688,0.11764706,0.7058824,0.1764706,-0.3714797,0.4984384108752277,0.95889074,0.509697905041946,0.84805304,0.8139440698011944,0.47848806,0.6073601285727893,0.004626795239456,0.2106520534454635,-0.7184485023639154
0.5294118,0.43137255,0.039215688,0.11764706,0.7254902,0.15686275,-0.35947362,0.4987259086887524,0.9640096,0.5099650350176234,0.84228843,0.81385577228593,0.48227477,0.6075155719974353,0.0047822386641019,0.2156189886282606,-0.7032178113542288
0.5294118,0.43137255,0.039215688,0.11764706,0.74509805,0.13725491,-0.345656,0.4990567855538887,0.9669278,0.5101173252319825,0.8368324,0.8137722012449767,0.48603475,0.6076487706769494,0.0049154373436159,0.2204243996963852,-0.6856890404972916
0.5294118,0.43137255,0.039215688,0.11764706,0.7647059,0.11764706,-0.3303897,0.4994223528146628,0.96371895,0.5099498682062423,0.832136,0.8137002651641587,0.48848844,0.6076908287283546,0.0049574953950212,0.2232151040403579,-0.6663224862830319
0.5294118,0.43137255,0.039215688,0.13725491,0.7058824,0.15686275,-0.2893926,0.5004040710290865,0.9602015,0.5097663081077951,0.82937014,0.8136579003607093,0.50005966,0.6079427598325302,0.0052094264991969,0.2376042755395554,-0.6143142758582184
0.5294118,0.43137255,0.039215688,0.13725491,0.7254902,0.13725491,-0.28139666,0.5005955418881528,0.96318936,0.5099222313893595,0.8235267,0.8135683949788206,0.5017731,0.608028722752111,0.0052953894187776,0.2398075860814818,-0.6041707778745441
0.5294118,0.43137255,0.039215688,0.13725491,0.74509805,0.11764706,-0.27444282,0.5007620586418032,0.9641624,0.5099730103466596,0.8160861,0.8134544264176455,0.50193524,0.6080631651353695,0.0053298318020361,0.2398764731741135,-0.5953492665326232
0.5294118,0.43137255,0.039215688,0.13725491,0.7647059,0.09803922,-0.26116884,0.5010799178663958,0.96140844,0.5098292926778637,0.8067379,0.8133112380746805,0.50232583,0.60807348287298,0.0053401495396466,0.2399550524493138,-0.5785101275666769
0.5294118,0.43137255,0.039215688,0.13725491,0.8235294,0.039215688,-0.16499202,0.5033829708421359,1.0289978,0.5133564814802515,0.29572028,0.8054838852908422,0.38657534,0.6074077792044098,0.0046744458710765,0.0837705393270039,-0.4565019361916121
0.5294118,0.43137255,0.039215688,0.13725491,0.84313726,0.019607844,-0.12475716,0.5043464359209532,1.0863634,0.5163501412994295,-0.082532465,0.7996901170235975,0.2930246,0.6067955647479933,0.00406223141466,-0.041371556530385,-0.4054607170109041
0.5294118,0.43137255,0.039215688,0.15686275,0.6862745,0.15686275,-0.21709253,0.5021353704774969,0.9539826,0.5094417706934696,0.8150412,0.8134384210436553,0.51731044,0.6083385207382072,0.0056051874048739,0.2587260451397223,-0.522595710695241
0.5294118,0.43137255,0.039215688,0.15686275,0.7058824,0.13725491,-0.21178971,0.5022623518839362,0.95766443,0.5096339095584855,0.80958647,0.8133548700881635,0.51848704,0.6084170438435285,0.005683710510195,0.2603014366306486,-0.5158686523508961
0.5294118,0.43137255,0.039215688,0.15686275,0.7254902,0.11764706,-0.20859866,0.5023387649557839,0.9597891,0.5097447865393075,0.8020979,0.8132401665816881,0.5177628,0.6084412393589265,0.0057079060255931,0.2593155939021581,-0.5118205384812818
0.5294118,0.43137255,0.039215688,0.15686275,0.74509805,0.09803922,-0.20453998,0.5024359540848833,0.9606157,0.509787922991365,0.79125804,0.8130741301131464,0.5157779,0.6084326690631315,0.0056993357297982,0.2565619604394268,-0.5066717772553598
0.5294118,0.43137255,0.039215688,0.15686275,0.7647059,0.078431375,-0.18184824,0.5029793312111318,0.96404,0.5099666213740229,0.7413747,0.8123100572414336,0.5078555,0.6084186699421962,0.0056853366088627,0.2454038047624442,-0.4778854396823569
0.5294118,0.43137255,0.039215688,0.15686275,0.8039216,0.039215688,-0.11528648,0.504573221260228,1.0324003,0.513534041418905,0.27332163,0.8051408009559098,0.3968118,0.6077493545450142,0.0050160212116809,0.0963738120411901,-0.3934463737166926
0.5294118,0.43137255,0.039215688,0.15686275,0.8235294,0.019607844,-0.07697298,0.505490677497104,1.0906641,0.516574576514439,-0.11108093,0.7992528348408037,0.3008701,0.6071060296174489,0.0043726962841155,-0.0319086713800918,-0.4353479204709847
0.5294118,0.43137255,0.039215688,0.15686275,0.84313726,0.0,-0.04849728,0.5061725574195486,1.1401248,0.5191557090176618,-0.46742195,0.793794692583155,0.2080685,0.6063743196734551,0.0036409863401218,-0.1560082609896332,-0.9156615556616352
0.5294118,0.43137255,0.039215688,0.1764706,0.6862745,0.13725491,-0.1368898,0.5040559074257236,0.94976896,0.5092218799229694,0.79395044,0.8131153701307449,0.5356099,0.6087977191598126,0.0060643858264792,0.2811230185413226,-0.4208519635950132
0.5294118,0.43137255,0.039215688,0.1764706,0.7058824,0.11764706,-0.13684644,0.5040569457825566,0.952362,0.5093571992343559,0.78721446,0.8130121938532923,0.53424335,0.6088087796234015,0.0060754462900682,0.2793711978147072,-0.4207969548563841
0.5294118,0.43137255,0.039215688,0.1764706,0.74509805,0.078431375,-0.12452228,0.5043520603537986,0.96151775,0.5098349973398967,0.7207479,0.8119941129300371,0.5192478,0.6087270568745775,0.0059937235412441,0.2591550347822998,-0.4051627530099827
0.5294118,0.43137255,0.039215688,0.1764706,0.78431374,0.039215688,-0.06518105,0.5057730473978977,1.034843,0.5136615160423704,0.24371523,0.8046873141422165,0.4044591,0.6080406258608283,0.0053072925274948,0.1054427270851363,-0.3298835210321693
0.5294118,0.43137255,0.039215688,0.1764706,0.8039216,0.019607844,-0.026993252,0.506687493470429,1.0939333,0.5167451813689564,-0.14134738,0.7987892379643515,0.3085309,0.6074073042679123,0.0046739709345789,-0.0227890437302872,-0.4761442006851408
0.5294118,0.43137255,0.039215688,0.1764706,0.8235294,0.0,-0.0029560393,0.5072630892971658,1.1435316,0.519333492912513,-0.5006914,0.7932850979453816,0.2132947,0.6066272267183535,0.0038938933850201,-0.1500481023012105,-0.9605056145719048
0.5294118,0.43137255,0.039215688,0.19607843,0.6666667,0.13725491,-0.058775898,0.505926425280168,0.93976444,0.5086997882583503,0.77459955,0.8128189689735117,0.5518627,0.6091483941706767,0.0064150608373432,0.3006127430795354,-0.3217580639932522
0.5294118,0.43137255,0.039215688,0.19607843,0.6862745,0.11764706,-0.063059054,0.5058238606919276,0.94251895,0.5088435339216709,0.7691249,0.8127351130841934,0.5495283,0.6091341692325973,0.0064008358992639,0.2976763673950691,-0.3271915994099997
0.5294118,0.43137255,0.039215688,0.19607843,0.7647059,0.039215688,-0.013052992,0.5070213073733625,1.0356249,0.5137023196173697,0.21396245,0.8042315852888692,0.41217813,0.6083184040932004,0.0055850707598671,0.1144964949272786,-0.263754802510879
0.5294118,0.43137255,0.039215688,0.19607843,0.78431374,0.019607844,0.023059558,0.5078860595745706,1.0950714,0.5168045733083554,-0.17566517,0.7982635859129827,0.3141553,0.6076514062653029,0.0049180729319695,-0.0164913057347663,-0.522401303508828
0.5294118,0.43137255,0.039215688,0.21568628,0.6666667,0.11764706,0.013195322,0.5076498502772785,0.9320789,0.5082987138134994,0.74808156,0.8124127879868283,0.56445193,0.6094537840258688,0.0067204506925353,0.3154083253947479,-0.2304566614276153
0.5294118,0.43137255,0.039215688,0.21568628,0.74509805,0.039215688,0.04275388,0.5083576603739428,1.0331464,0.5135729786922577,0.18850338,0.8038416239971814,0.4214679,0.6085907543544606,0.0058574210211272,0.1254554071323534,-0.1929592045125079
0.5294118,0.43137255,0.039215688,0.21568628,0.7647059,0.019607844,0.0729801,0.5090814583335479,1.0940484,0.5167511846392528,-0.20833713,0.7977631433983949,0.31956378,0.6078652621237318,0.0051319287903985,-0.0105570998818924,-0.5664399804137371
0.5294118,0.43137255,0.039215688,0.23529412,0.7254902,0.039215688,0.102541216,0.5097893297369763,1.025546,0.5131763460453257,0.17870608,0.8036915568400967,0.43559775,0.6088857442074662,0.0061524108741329,0.1426527696798836,-0.1171140583214267
0.5294118,0.43137255,0.039215688,0.25490198,0.64705884,0.09803922,0.16616575,0.5113128848483462,0.9122948,0.507266269521618,0.7162898,0.8119258278383576,0.59825015,0.6101683274027739,0.0074349940694406,0.356224031919278,-0.0364011066192427
0.5294118,0.43137255,0.039215688,0.29411766,0.60784316,0.09803922,0.28203154,0.514087410345355,0.8811603,0.505641498413152,0.7147299,0.811901934355801,0.6259739,0.6105436143714359,0.0078102810381026,0.3894335776665345,0.1105841522436191
0.5294118,0.4509804,0.019607844,0.078431375,0.74509805,0.1764706,-0.60951823,0.4927383328423781,0.9533152,0.5094069423942421,0.9110399,0.8149088512130951,0.41827893,0.6056847088165718,0.0029513754832384,0.1355936434470454,-1.0204199371552625
0.5294118,0.4509804,0.019607844,0.078431375,0.7647059,0.15686275,-0.5870047,0.4932774420009018,0.95535034,0.5095131473999422,0.9075511,0.8148554129294603,0.42529893,0.6058820007767681,0.0031486674434347,0.1445322345948971,-0.9918597025110448
0.5294118,0.4509804,0.019607844,0.09803922,0.74509805,0.15686275,-0.5305949,0.4946282336253233,0.95876133,0.5096911521404882,0.8917921,0.8146140295035262,0.4399862,0.6063111384231126,0.0035778050897792,0.1629578278344896,-0.9202991935881892
0.5294118,0.4509804,0.019607844,0.09803922,0.7647059,0.13725491,-0.51080513,0.4951021197017873,0.9601332,0.5097627434716502,0.88624835,0.8145291145625949,0.44519213,0.6064646592453441,0.0037313259120108,0.1694999813140707,-0.895194263863929
0.5294118,0.4509804,0.019607844,0.11764706,0.74509805,0.13725491,-0.45101783,0.4965337882619676,0.9624146,0.5098818010746896,0.86918664,0.8142677771435098,0.46019447,0.606894455493389,0.0041611221600556,0.1882211832788151,-0.819349160205381
0.5294118,0.4509804,0.019607844,0.11764706,0.7647059,0.11764706,-0.43645692,0.4968824642046106,0.9619774,0.5098589855370604,0.8612772,0.8141466271168274,0.46226588,0.6069626922861662,0.0042293589528328,0.1906128827772368,-0.800877452612896
0.5294118,0.4509804,0.019607844,0.13725491,0.7254902,0.13725491,-0.38900092,0.4980188469181948,0.9599737,0.5097544197663065,0.85751504,0.8140890010144434,0.47616258,0.6072874225663148,0.0045540892329815,0.2080189957683841,-0.7406756244071216
0.5294118,0.4509804,0.019607844,0.13725491,0.74509805,0.11764706,-0.3806362,0.4982191491626966,0.96061295,0.5097877799082388,0.84908533,0.8139598816243727,0.47635403,0.6073222702317693,0.004588936898436,0.2080783566013179,-0.7300642685948786
0.5294118,0.4509804,0.019607844,0.15686275,0.7254902,0.11764706,-0.31731018,0.4997355554905713,0.9562846,0.5095619014199558,0.83647716,0.8137667599108268,0.4918172,0.6076880722737847,0.0049547389404513,0.2270944677491876,-0.6497300359903295
0.5294118,0.4509804,0.019607844,0.19607843,0.8039216,0.0,-0.047122907,0.5062054681572122,1.1717582,0.5208065150340974,-0.593883,0.7918576652714325,0.17691742,0.606289882820914,0.0035565494875806,-0.1969198379965572,-1.086118935780897
0.5294118,0.4509804,0.019607844,0.21568628,0.7254902,0.05882353,-0.09982706,0.5049434129555573,0.99112207,0.511379915621912,0.5299574,0.8090717394326342,0.47375083,0.6084650226700345,0.0057316893367011,0.198218534927389,-0.3738348321303809
0.5294118,0.47058824,0.0,0.078431375,0.7647059,0.15686275,-0.6952056,0.4906864598118394,0.9534628,0.5094146439990369,0.9370028,0.8153065296586814,0.39841998,0.6051358778231859,0.0024025444898525,0.1110964769527352,-1.129121439041845
0.5294118,0.47058824,0.0,0.09803922,0.74509805,0.15686275,-0.6322887,0.4921930706167657,0.9536279,0.5094232600916385,0.92818207,0.8151714211491438,0.4165071,0.6055959172858493,0.0028625839525159,0.1338184104739185,-1.0493061411084048
0.5294118,0.47058824,0.0,0.09803922,0.7647059,0.13725491,-0.61037844,0.4927177341264825,0.95500463,0.5094951064840255,0.91668534,0.8149953236902779,0.4204372,0.6057360547669286,0.0030027214335953,0.138584934797586,-1.021511189548304
0.5294118,0.47058824,0.0,0.11764706,0.7254902,0.15686275,-0.568654,0.4937168689034558,0.95211345,0.5093442284379123,0.9183174,0.8150203218732242,0.43392563,0.6060271397381974,0.003293806404864,0.1555610589114296,-0.9685803067755046
0.5294118,0.47058824,0.0,0.11764706,0.74509805,0.13725491,-0.55134565,0.4941313352777682,0.9547078,0.5094796161803591,0.9061906,0.8148345733500465,0.43651757,0.6061485082693913,0.0034151749360579,0.1586884555422452,-0.946623237941954
0.5294118,0.47058824,0.0,0.11764706,0.7647059,0.11764706,-0.53865844,0.4944351435005154,0.96161556,0.5098401016749,0.8811152,0.8144504891100796,0.4346908,0.6062419114284983,0.0035085780951649,0.1561337857582563,-0.930528474958772
0.5294118,0.47058824,0.0,0.11764706,0.78431374,0.09803922,-0.5206432,0.4948665375889715,0.9706139,0.5103096849426932,0.8349604,0.8137435274225527,0.4283104,0.6063065833180725,0.0035732499847391,0.1473740113953332,-0.9076746313620924
0.5294118,0.47058824,0.0,0.13725491,0.8627451,0.0,-0.27927563,0.5006463321670571,1.177244,0.5210927932646684,-0.539581,0.792689418845025,0.11946243,0.6048095147589169,0.0020761814255834,-0.2680322832740487,-1.0129250607119265
0.5294118,0.47058824,0.0,0.15686275,0.84313726,0.0,-0.23233058,0.5017704797543707,1.1821207,0.5213472883781985,-0.5731369,0.7921754364468615,0.12555106,0.6050977348598102,0.0023644015264769,-0.260895013928533,-1.058155240218508
0.5294118,0.47058824,0.0,0.1764706,0.8235294,0.0,-0.18698952,0.5028562181299252,1.1846904,0.5214813883725092,-0.6041741,0.791700034568582,0.13117558,0.6053458803570054,0.0026125470236721,-0.254422090899091,-1.0999903543570102
0.5294118,0.47058824,0.0,0.19607843,0.78431374,0.019607844,-0.17832683,0.5030636550633878,1.1373135,0.5190089990452259,-0.28371322,0.7966085936320645,0.22509114,0.606227082580226,0.0034937492468927,-0.1297295570043591,-0.6680397499136242
0.5294118,0.47058824,0.0,0.19607843,0.8039216,0.0,-0.14010166,0.503978996228055,1.1864543,0.521573440590723,-0.63523287,0.7912243012801855,0.13703991,0.6055922460329878,0.0028589126996544,-0.2476951873468257,-1.1418546324107193
0.5294118,0.47058824,0.0,0.21568628,0.78431374,0.0,-0.090371065,0.5051698464667094,1.1870455,0.5216042905569406,-0.6659985,0.7907530580054383,0.14355864,0.6058423983430293,0.003109065009696,-0.2402027107474036,-1.183323791635327
0.5294118,0.47058824,0.0,0.25490198,0.5882353,0.15686275,-0.04183584,0.5063320724010492,0.9011745,0.5066859492456263,0.8410308,0.8138365085022784,0.5667898,0.6089515100496512,0.0062181767163179,0.3189268284911472,-0.3002682102744884
0.5294118,0.47058824,0.0,0.27450982,0.5686275,0.15686275,0.046371233,0.5084442816352948,0.8873019,0.5059620015054181,0.83829993,0.8137946796154641,0.5906577,0.6094003209187256,0.0066669875853923,0.3482778985722217,-0.1883702942514307
0.5294118,0.47058824,0.0,0.27450982,0.60784316,0.11764706,0.012944144,0.5076438355685615,0.92250425,0.5077990550946719,0.7794171,0.8128927602206035,0.57162184,0.6094452169612791,0.0067118836279456,0.3247422911716656,-0.2307753009638899
0.5294118,0.47058824,0.0,0.29411766,0.54901963,0.15686275,0.12694441,0.5103736893087647,0.8726645,0.5051981397939956,0.8399524,0.8138199909490166,0.61318713,0.6097972733505923,0.0070639400172589,0.3759997590892293,-0.0861566052286702
0.5294118,0.47058824,0.0,0.29411766,0.5882353,0.11764706,0.08801035,0.5094413731508196,0.9116656,0.5072334350546496,0.7780338,0.8128715718845378,0.5925699,0.6098487933633358,0.0071154600300023,0.350611999543677,-0.135547656767151
0.5294118,0.47058824,0.0,0.3137255,0.54901963,0.13725491,0.18504232,0.5117649037008248,0.8764264,0.5053944560641971,0.81076497,0.8133729214403133,0.62407786,0.6101774270684451,0.0074440937351117,0.3892757595531138,-0.0124546306852176
0.5294118,0.47058824,0.0,0.3137255,0.5686275,0.11764706,0.16238014,0.5112222345127057,0.8975912,0.5064989520416466,0.7792993,0.8128909561809592,0.6130902,0.6102040475784372,0.0074707142451038,0.3758095930812286,-0.0412034640185542
0.5294118,0.47058824,0.0,0.33333334,0.5294118,0.13725491,0.23479411,0.5129562615211269,0.86152464,0.5046167992731038,0.8192618,0.8135030688408291,0.63852686,0.6103587098783533,0.0076253765450199,0.4069115635509028,0.0506595983259019
0.5294118,0.47058824,0.0,0.33333334,0.54901963,0.11764706,0.21398187,0.5124578909191757,0.88377565,0.5057779810525648,0.7853734,0.8129839938651676,0.62771034,0.610406621945636,0.0076732886123026,0.393665397779211,0.0242575587640316
0.5294118,0.47058824,0.0,0.33333334,0.5686275,0.09803922,0.19369437,0.5119720858621986,0.90225667,0.5067424235334511,0.74337006,0.8123406209232016,0.613107,0.6103517101062838,0.0076183767729504,0.3751685107187179,-0.0014787994470059
0.5294118,0.47058824,0.0,0.3529412,0.50980395,0.13725491,0.27489176,0.5139164411461504,0.84760594,0.5038904440037716,0.8265953,0.813615397697955,0.64969766,0.6104740942826257,0.0077407609492923,0.4204186319023471,0.1015267649427087
0.5294118,0.47058824,0.0,0.3529412,0.5294118,0.11764706,0.25093257,0.5133427136703672,0.8721389,0.5051707113807967,0.7927616,0.8130971608338287,0.638611,0.6105368619616642,0.0078035286283308,0.4069719428575204,0.0711325654171866
0.5294118,0.47058824,0.0,0.37254903,0.47058824,0.15686275,0.35433894,0.5158188857078269,0.7987753,0.5013421895145557,0.85456043,0.8140437448174951,0.6692249,0.6104016066799592,0.0076682733466258,0.442920039682758,0.2023120367564762
0.5294118,0.47058824,0.0,0.37254903,0.49019608,0.13725491,0.3190018,0.5149727012491805,0.8306263,0.5030043519765105,0.83432466,0.8137337896255656,0.6613176,0.6105702809504189,0.0078369476170855,0.434317200436539,0.1574839600875251
0.5294118,0.47058824,0.0,0.37254903,0.50980395,0.11764706,0.28933567,0.5142623153094626,0.85852844,0.5044604405211551,0.8016532,0.8132333548712698,0.6498391,0.6106520369006292,0.0079187035672958,0.4206118200097185,0.1198500434576232
0.5294118,0.47058824,0.0,0.39215687,0.4509804,0.15686275,0.40431818,0.517015690084383,0.77219474,0.4999550670367569,0.8618087,0.8141547681196152,0.67944056,0.6103751750802516,0.0076418417469183,0.4544326638972698,0.2215688497207206
0.5294118,0.47058824,0.0,0.39215687,0.5294118,0.078431375,0.26828146,0.5137581506050184,0.89333606,0.5062768963612364,0.69341207,0.811575405006127,0.6183432,0.6105368173241273,0.0078034839907939,0.3799402235840259,0.0931410513535137
0.5294118,0.47058824,0.0,0.4117647,0.4509804,0.13725491,0.41131625,0.5171832658906383,0.7796089,0.500341979362613,0.85904974,0.8141125083083515,0.683325,0.6105459178538677,0.0078125845205342,0.4597444198134368,0.2323453420603329
0.5294118,0.47058824,0.0,0.4117647,0.54901963,0.039215688,0.25207686,0.5133701148724019,0.9749424,0.5105355696519817,0.2627799,0.8049793311909618,0.49659976,0.6096283385717817,0.0068950052384484,0.219142560693346,0.0685807330916933
0.5294118,0.47058824,0.0,0.43137255,0.43137255,0.13725491,0.45615533,0.5182569839477619,0.7496514,0.4987786282413353,0.8687328,0.8142608257478356,0.69151324,0.6104321459789775,0.0076988126456442,0.4685412903733202,0.1888020371390049
0.5294118,0.47058824,0.0,0.43137255,0.4509804,0.11764706,0.4129821,0.5172231566342089,0.7927678,0.5010286850534641,0.8448162,0.8138944906651187,0.68352205,0.6107154441175973,0.0079821107842638,0.4604292009286423,0.2514718421030741
0.5294118,0.47058824,0.0,0.43137255,0.5294118,0.039215688,0.277575,0.5139806936678712,0.9560838,0.5095514221362104,0.32042468,0.8058622871711197,0.51802784,0.6097981343250671,0.0070648009917337,0.246687597351009,0.1049306527598899
0.5294118,0.47058824,0.0,0.4509804,0.4117647,0.13725491,0.49243796,0.5191258088672519,0.71259373,0.4968447540331608,0.8821389,0.8144661694647818,0.69572353,0.6101455774550648,0.0074122441217314,0.4719527294898607,0.1349387218671235
0.5294118,0.47058824,0.0,0.4509804,0.43137255,0.11764706,0.44977987,0.5181043169474162,0.763331,0.4994925072841602,0.85980433,0.8141240665785424,0.6909718,0.6105736302700396,0.0078402969367062,0.4684615622104555,0.20868538414634
0.5294118,0.47058824,0.0,0.4509804,0.4509804,0.09803922,0.40364987,0.516999686543503,0.8017346,0.5014966228653056,0.8305966,0.8136766866581594,0.6786604,0.6107243320223227,0.0079909986889893,0.4544385037130434,0.264505100305864
0.5294118,0.47058824,0.0,0.4509804,0.5294118,0.019607844,0.26736325,0.5137361631314615,1.0138165,0.5125642364312876,-0.07575822,0.7997938794313393,0.40180716,0.6086980929980295,0.0059647596646961,0.0923354106842587,-0.3877362823323427
0.5294118,0.47058824,0.0,0.47058824,0.4117647,0.11764706,0.4834717,0.5189111023654872,0.7269314,0.4975929730262824,0.8765558,0.8143806519600016,0.69565296,0.610294909117257,0.0075615757839237,0.4725993496938058,0.1557785238297146
0.5294118,0.47058824,0.0,0.50980395,0.39215687,0.09803922,0.49813825,0.5192623081878368,0.70907676,0.4966612188187355,0.88815516,0.8145583215627276,0.69845676,0.6101606161897667,0.0074272828564332,0.4753622960320949,0.1298267993458482
0.5294118,0.47058824,0.0,0.50980395,0.4117647,0.078431375,0.45197898,0.5181569769822673,0.75487673,0.4990513166854166,0.8625787,0.8141665619374925,0.68981147,0.6104582852017254,0.0077249518683921,0.466541910457307,0.196397103856616
0.5294118,0.47058824,0.0,0.5294118,0.39215687,0.078431375,0.48597053,0.5189709395513139,0.723207,0.4973986132623071,0.88504237,0.8145106423287266,0.6980733,0.6102933983807826,0.0075600650474491,0.4756645656352198,0.1503651100725434
0.5294118,0.47058824,0.0,0.54901963,0.37254903,0.078431375,0.52203125,0.5198344506529492,0.6879785,0.4955601941623486,0.9100169,0.8148931818140992,0.7066755,0.610095942209799,0.0073626088764656,0.4850661023902107,0.0991604623429533
0.5294118,0.47058824,0.0,0.5686275,0.37254903,0.05882353,0.5064675,0.5194617611920421,0.70592505,0.4964967447651271,0.9028329,0.8147831436125744,0.7050752,0.6102472165232479,0.0075138831899145,0.4839521516153616,0.1252457786330701
0.5294118,0.47058824,0.0,0.5882353,0.3529412,0.05882353,0.5456598,0.5204002602118512,0.66942406,0.4945919195420813,0.9377562,0.8153180696693618,0.7176134,0.6101034164744314,0.007370083141098,0.4985313457902034,0.0721915514795886
0.5294118,0.47058824,0.0,0.60784316,0.33333334,0.05882353,0.5835096,0.5213066137023225,0.63017094,0.4925434730758246,0.9657745,0.8157472311630735,0.726485,0.6098657726470735,0.0071324393137401,0.5081070708743053,0.0151371074194917
0.5294118,0.47058824,0.0,0.627451,0.3137255,0.05882353,0.61978096,0.5221751681494826,0.59167653,0.4905346201989997,0.9930088,0.8161643842896585,0.7348221,0.6096247242127136,0.0068913908793802,0.5170306569220533,-0.0408145544734444
0.5294118,0.47058824,0.0,0.627451,0.33333334,0.039215688,0.57529557,0.5211099196586095,0.65884966,0.4940400883607242,0.934106,0.8152621590479958,0.72275037,0.6101373890224432,0.0074040556891098,0.5042998199090796,0.0568216495631929
0.5294118,0.47058824,0.0,0.64705884,0.29411766,0.05882353,0.65711886,0.5230692626064986,0.5540778,0.4885725088469128,1.0135884,0.8164796064374119,0.74159503,0.6093737926302745,0.006640459296941,0.5238492509678583,-0.0954643460210336
0.5294118,0.47058824,0.0,0.64705884,0.3137255,0.039215688,0.6093081,0.5219243853490083,0.62010986,0.4920184295441012,0.9698953,0.8158103506392126,0.73310447,0.6099177218441074,0.007184388510774,0.5159931368818848,0.0005133096765258
0.5294118,0.47058824,0.0,0.6666667,0.27450982,0.05882353,0.69174784,0.5238984893778142,0.5166251,0.4866180182265493,1.0315797,0.8167551826228397,0.7466509,0.6090905634090679,0.0063572300757344,0.5284301636250267,-0.149901880807719
0.5294118,0.47058824,0.0,0.6666667,0.29411766,0.039215688,0.6437584,0.5227493330910656,0.58566844,0.4902210846328806,0.99543744,0.8162015843905432,0.74162143,0.6097240007048298,0.0069906673714965,0.5253500573546607,-0.0495473174294995
0.5294118,0.47058824,0.0,0.6862745,0.27450982,0.039215688,0.6785555,0.523582584833198,0.550127,0.4883663353935147,1.0193188,0.816567379904723,0.7493338,0.6095054333771452,0.0067721000438118,0.533574481398099,-0.1012068010753119
0.5294118,0.47058824,0.0,0.7058824,0.25490198,0.039215688,0.7213228,0.5246066915567699,0.5072711,0.4861298745888811,1.0459818,0.8169757812478917,0.7581919,0.6092374491311808,0.0065041157978475,0.5428750798817047,-0.1634979226508479
0.5294118,0.47058824,0.0,0.74509805,0.23529412,0.019607844,0.7569957,0.5254609159659872,0.4877591,0.4851116297420272,1.0408776,0.8168975995014832,0.7618775,0.6091567150698326,0.0064233817364992,0.5462128617905154,-0.1918586314178527
0.5294118,0.47058824,0.0,0.7647059,0.23529412,0.0,0.7548055,0.5254084700253285,0.55024177,0.4883723231112974,0.84256953,0.8138600778785224,0.7158723,0.6092136236717162,0.0064802903383828,0.4864594922902625,-0.1010400279060304
0.54901963,0.37254903,0.078431375,0.25490198,0.64705884,0.09803922,0.40155506,0.5169495242742297,0.8486935,0.5039471982368434,0.66482383,0.8111375136404118,0.63835746,0.6106780787171616,0.0079447453838282,0.4018223171230645,0.2622095588885396
0.54901963,0.37254903,0.078431375,0.25490198,0.6666667,0.078431375,0.39301807,0.5167450971482882,0.8626316,0.5046745675300702,0.63711524,0.8107130959675464,0.63092166,0.6107109202153016,0.0079775868819682,0.3925158755551619,0.251379680389497
0.54901963,0.37254903,0.078431375,0.27450982,0.627451,0.09803922,0.43762255,0.5178131973738038,0.8340353,0.5031822509599632,0.66385484,0.8111226713972448,0.64517087,0.6107060399103373,0.0079727065770039,0.4095365606976111,0.3079641263814887
0.54901963,0.37254903,0.078431375,0.27450982,0.64705884,0.078431375,0.4260661,0.5175364663572136,0.8477921,0.5039001581038419,0.6431207,0.8108050828169214,0.63899297,0.6107472357593257,0.0080139024259923,0.401999097746945,0.2933038249523806
0.54901963,0.37254903,0.078431375,0.29411766,0.60784316,0.09803922,0.46728432,0.5185234791210147,0.81860775,0.5023771564241627,0.6650448,0.811140898040696,0.65031224,0.6106805111952912,0.0079471778619577,0.4151393611526804,0.2890301994502194
0.54901963,0.37254903,0.078431375,0.29411766,0.627451,0.078431375,0.45082903,0.518129440187244,0.83393395,0.5031769631052979,0.6523614,0.8109466241520331,0.64570814,0.6107510091481917,0.0080176758148583,0.4099079480408616,0.3113068497310098
0.54901963,0.37254903,0.078431375,0.3137255,0.5882353,0.09803922,0.4897051,0.5190603674091161,0.80192757,0.5015066915626888,0.6683273,0.8111911765160266,0.65332,0.6105860784959439,0.0078527451626104,0.4180134942089033,0.2647855391364947
0.54901963,0.37254903,0.078431375,0.3137255,0.60784316,0.078431375,0.47148985,0.5186241847472238,0.8183641,0.5023644406889441,0.6636763,0.8111199370355369,0.65117675,0.6107028541572349,0.0079695208239016,0.4161848047391718,0.2886760338834544
0.54901963,0.37254903,0.078431375,0.33333334,0.5686275,0.09803922,0.50971615,0.5195395530304887,0.783165,0.5005275550668385,0.6738975,0.8112764968180926,0.65559286,0.6104478683051399,0.0077145349718065,0.4198876215461771,0.2375140974122828
0.54901963,0.37254903,0.078431375,0.33333334,0.5882353,0.078431375,0.49008435,0.5190694492847566,0.8006446,0.5014397379911185,0.6734021,0.8112689081654996,0.65471035,0.6105926984804583,0.0078593651471248,0.4198323758122848,0.2629207118799834
0.54901963,0.37254903,0.078431375,0.33333334,0.60784316,0.05882353,0.4815858,0.5188659427638423,0.8203432,0.5024677218220647,0.6233809,0.8105027244943648,0.64176995,0.6106121296934239,0.0078787963600905,0.4033080751744451,0.2915526761238819
0.54901963,0.37254903,0.078431375,0.3529412,0.5294118,0.11764706,0.5499296,0.5205025058889508,0.73294413,0.4979067512116155,0.66713244,0.811172875008582,0.65000206,0.6098607107030495,0.007127377369716,0.409520743502101,0.1645180443479535
0.54901963,0.37254903,0.078431375,0.3529412,0.5882353,0.05882353,0.49786127,0.519255675549757,0.8036394,0.501596025201504,0.6360741,0.8106971490239898,0.6458583,0.6105162832584169,0.0077829499250836,0.4078004259802241,0.2672737081867621
0.54901963,0.37254903,0.078431375,0.37254903,0.5686275,0.05882353,0.51051193,0.5195586088409047,0.7856994,0.5006598167540274,0.6488355,0.810892617084644,0.648349,0.6103703475598586,0.0076370142265253,0.4101916631989898,0.2411979217920328
0.54901963,0.39215687,0.05882353,0.11764706,0.7647059,0.11764706,-0.16844939,0.5033001806179447,0.9425067,0.5088428931581056,0.828523,0.8136449242395225,0.53419346,0.6085959993385243,0.0058626660051909,0.2797926216843778,-0.4608878906718216
0.54901963,0.39215687,0.05882353,0.11764706,0.78431374,0.09803922,-0.15731871,0.5035667161122703,0.9437828,0.5089094890218603,0.8167705,0.8134649092026639,0.5344115,0.6086470381122648,0.0059137047789314,0.2798372257334149,-0.4467677145653727
0.54901963,0.39215687,0.05882353,0.15686275,0.7058824,0.13725491,-0.044398632,0.5062707037280997,0.93409747,0.5084040540994367,0.7915252,0.8130782220694652,0.56040806,0.6092509932990006,0.0065176599656671,0.3115513863269635,-0.3035193212443731
0.54901963,0.39215687,0.05882353,0.15686275,0.7254902,0.11764706,-0.039621864,0.5063850883674951,0.9372317,0.508567616775741,0.7891743,0.8130422134016453,0.5622614,0.6093316395149605,0.0065983061816271,0.3140335915744395,-0.2974595982936944
0.54901963,0.39215687,0.05882353,0.15686275,0.74509805,0.09803922,-0.03538411,0.5064865657140618,0.93657154,0.5085331648473456,0.7840456,0.812963655509319,0.56174433,0.6093277953569088,0.0065944620235754,0.3132013615964952,-0.292083661374063
0.54901963,0.39215687,0.05882353,0.1764706,0.6862745,0.13725491,0.031636346,0.50809143959808,0.9240701,0.5078807711122665,0.7716869,0.8127743555113355,0.5757978,0.6095821887405607,0.0068488554072273,0.3299319712242878,-0.2070627078672448
0.54901963,0.39215687,0.05882353,0.1764706,0.7058824,0.11764706,0.028260108,0.5080105921002728,0.9308577,0.508234985833275,0.7672185,0.8127059115619141,0.5754454,0.6096504964984873,0.0069171631651539,0.3297852093182204,-0.2113457430768411
0.54901963,0.39215687,0.05882353,0.1764706,0.7254902,0.09803922,0.028839212,0.5080244593379365,0.93103653,0.5082443173415078,0.7638592,0.8126544571741027,0.57457834,0.6096410779511823,0.0069077446178489,0.3286074053357348,-0.2106111023175788
0.54901963,0.39215687,0.05882353,0.19607843,0.6862745,0.11764706,0.10779736,0.5099151935717313,0.9198646,0.5076613033701395,0.7475192,0.8124041740627167,0.591727,0.6099935570015291,0.0072602236681958,0.3492413031861292,-0.1104462052586669
0.54901963,0.39215687,0.05882353,0.19607843,0.78431374,0.019607844,0.17751043,0.5115845446871664,1.0421091,0.5140407049899126,-0.07804197,0.7997588987739644,0.38052583,0.6084613828170146,0.0057280494836811,0.0670218901907718,-0.3908145617013942
0.54901963,0.39215687,0.05882353,0.21568628,0.6666667,0.11764706,0.19483547,0.5119994107039713,0.90331906,0.5067978651343649,0.7269173,0.8120886113750911,0.60835725,0.610295295737809,0.0075619624044757,0.3687735317092084,-3.121897038841591e-05
0.54901963,0.39215687,0.05882353,0.21568628,0.6862745,0.09803922,0.18322876,0.5117214761211962,0.90983486,0.5071378959628595,0.72182167,0.8120105601841833,0.60496175,0.6102899774227463,0.0075566440894129,0.3647329308482935,-0.0147552813876099
0.54901963,0.39215687,0.05882353,0.21568628,0.7058824,0.078431375,0.18226947,0.5116985048848255,0.919214,0.5076273522326858,0.67197627,0.811247068877882,0.5911532,0.6101909753317978,0.0074576419984644,0.3464758740592888,-0.0159722221322501
0.54901963,0.39215687,0.05882353,0.21568628,0.74509805,0.039215688,0.20866112,0.5123304802538807,0.9751567,0.51054675501985,0.29647732,0.8054954809930299,0.49343172,0.6094575720889203,0.0067242387555868,0.2160279004709029,0.0175077596937175
0.54901963,0.39215687,0.05882353,0.21568628,0.7647059,0.019607844,0.222096,0.5126521921034651,1.0375478,0.5138026706569051,-0.10268006,0.7993815125789624,0.38565457,0.6086121251131109,0.0058787917797775,0.0725954936136606,-0.4240243474921901
0.54901963,0.39215687,0.05882353,0.23529412,0.64705884,0.11764706,0.2794032,0.5140244723619753,0.8867499,0.5059331951395035,0.71273595,0.8118713925854457,0.62629634,0.6106096866956415,0.0078763533623081,0.390134440393023,0.1072499043553453
0.54901963,0.39215687,0.05882353,0.23529412,0.6666667,0.09803922,0.26019862,0.5135645987504022,0.8963297,0.506433121361567,0.71200573,0.811860207722246,0.6228447,0.6106193092780717,0.0078859759447383,0.3863268935365084,0.0828873090524159
0.54901963,0.39215687,0.05882353,0.23529412,0.7254902,0.039215688,0.2635939,0.5136459024472511,0.967073,0.5101249024166675,0.28640115,0.8053411424799352,0.5056893,0.6097039824479512,0.0069706491146179,0.230813026121103,0.0871945121906554
0.54901963,0.39215687,0.05882353,0.23529412,0.74509805,0.019607844,0.26405606,0.5136569689760548,1.0299655,0.5134069836028073,-0.11539844,0.7991867027736643,0.3928744,0.6087502184508421,0.0060168851175088,0.0809507375138744,-0.4411675074423319
0.54901963,0.39215687,0.05882353,0.25490198,0.64705884,0.09803922,0.32369787,0.5150851535100779,0.87811524,0.505482589048953,0.7068201,0.81178077793829,0.6362111,0.6107828401657737,0.0080495068324402,0.4020233873419246,0.1634413119646437
0.54901963,0.39215687,0.05882353,0.25490198,0.6862745,0.05882353,0.3090964,0.5147355062934488,0.90117973,0.5066862229698678,0.60392195,0.8102046681124984,0.6047327,0.610542132458605,0.0078087991252716,0.360791477830516,0.1449181494626891
0.54901963,0.39215687,0.05882353,0.27450982,0.64705884,0.078431375,0.35654163,0.5158716313803549,0.8754378,0.5053428652656807,0.6667964,0.8111677276525523,0.6329253,0.6107940747661958,0.0080607414328626,0.3966318051674014,0.2051063294522117
0.54901963,0.39215687,0.05882353,0.27450982,0.6666667,0.05882353,0.34775054,0.5156611196974661,0.89067924,0.5061382488119136,0.6024191,0.8101816483475225,0.6136163,0.6106603389523007,0.0079270056189673,0.3713740646513782,0.1939541110867933
0.54901963,0.39215687,0.05882353,0.29411766,0.5882353,0.11764706,0.41870975,0.5173603110830225,0.83328915,0.5031433136866105,0.7088247,0.8118114831312648,0.65360785,0.6107717026336327,0.0080383693002992,0.4213826062431526,0.2839716964118587
0.54901963,0.39215687,0.05882353,0.29411766,0.60784316,0.09803922,0.3997921,0.5169073084677299,0.8480667,0.5039144881899847,0.7109294,0.8118437212101521,0.65292937,0.6108885059559556,0.0081551726226222,0.4214884438291788,0.2599731039512313
0.54901963,0.39215687,0.05882353,0.29411766,0.627451,0.078431375,0.3848644,0.5165498489540211,0.8612028,0.5046000025582847,0.67884654,0.8113523020892003,0.64163786,0.610834051200502,0.0081007178671687,0.4071256649209079,0.2410360715786232
0.54901963,0.39215687,0.05882353,0.29411766,0.64705884,0.05882353,0.37416857,0.5162937266443889,0.8808127,0.5056233579611474,0.6087144,0.8102780749968927,0.62123185,0.6107317198674763,0.007998386534143,0.3805933697169163,0.2274675518362618
0.54901963,0.39215687,0.05882353,0.3137255,0.5882353,0.09803922,0.4328056,0.5176978505594255,0.83120304,0.503034449201064,0.7148764,0.8119041784496501,0.65962833,0.6108788260700465,0.0081454927367132,0.4290515130386989,0.3018534305566783
0.54901963,0.39215687,0.05882353,0.3137255,0.60784316,0.078431375,0.41267508,0.5172158046396428,0.8459529,0.5038041804311649,0.6903576,0.8115286195751684,0.64966184,0.610849534881992,0.0081162015486587,0.4166691058624832,0.2763162191021646
0.54901963,0.39215687,0.05882353,0.33333334,0.5686275,0.09803922,0.4592098,0.5183301263739974,0.81365305,0.502118592773043,0.7163383,0.8119265700874624,0.66306704,0.6107917630781676,0.0080584297448342,0.432370652989371,0.2818285441412875
0.54901963,0.39215687,0.05882353,0.33333334,0.5882353,0.078431375,0.43773103,0.5178157950500046,0.8292027,0.5029300607289665,0.7020667,0.8117079699658423,0.65633345,0.6108179419149378,0.0080846085816044,0.4244097079789355,0.3044299905839669
0.54901963,0.39215687,0.05882353,0.33333334,0.60784316,0.05882353,0.42117798,0.517419415353064,0.85440636,0.5042453274828701,0.624301,0.8105168180975983,0.6332951,0.6107271869778441,0.0079938536445108,0.3946810057073063,0.2871028467441658
0.54901963,0.39215687,0.05882353,0.3529412,0.5294118,0.11764706,0.50424284,0.5194084888478009,0.77474123,0.5000879570455,0.7117853,0.8118568315387416,0.6635898,0.6104510924773475,0.0077177591440141,0.4305149133586194,0.225270174453817
0.54901963,0.39215687,0.05882353,0.3529412,0.5686275,0.078431375,0.45968983,0.518341621091186,0.8108402,0.5019718019275358,0.7144949,0.8118983344932921,0.661675,0.6107372525040046,0.0080039191706712,0.430382565204433,0.2777400457492186
0.54901963,0.39215687,0.05882353,0.3529412,0.5882353,0.05882353,0.43922085,0.5178514702789273,0.8393588,0.5034600624020643,0.6345008,0.8106730501219392,0.63769346,0.6106615276009769,0.0079281942676436,0.3996028585319556,0.3099916993387651
0.54901963,0.4117647,0.039215688,0.09803922,0.7647059,0.13725491,-0.36209473,0.4986631434080213,0.94926846,0.5091957610314258,0.88345915,0.8144863918727383,0.49021092,0.6074484321040617,0.0047150987707284,0.2258666068782505,-0.7065429100227438
0.54901963,0.4117647,0.039215688,0.09803922,0.78431374,0.11764706,-0.3437094,0.4991033988550998,0.94882435,0.5091725846754783,0.87775284,0.8143989872475408,0.49428925,0.6075583235927063,0.0048249902593729,0.2308620095464493,-0.6832196207163775
0.54901963,0.4117647,0.039215688,0.11764706,0.7254902,0.15686275,-0.32098812,0.4996474835626542,0.9507035,0.5092706494954967,0.86886364,0.8142628297291208,0.49952635,0.6077269875957573,0.0049936542624239,0.2373864721706205,-0.6543957978070447
0.54901963,0.4117647,0.039215688,0.11764706,0.74509805,0.13725491,-0.30324718,0.5000723085276411,0.9535762,0.5094205632857592,0.86637646,0.8142247330862671,0.5055685,0.6079058682998891,0.0051725349665557,0.2451627484662521,-0.6318899648214361
0.54901963,0.4117647,0.039215688,0.11764706,0.7647059,0.11764706,-0.286222,0.5004799938252337,0.95312756,0.5093971505316032,0.8614929,0.8141499302622897,0.5094661,0.6080090248730422,0.0052756915397088,0.2499504537633944,-0.6102921351868419
0.54901963,0.4117647,0.039215688,0.11764706,0.78431374,0.09803922,-0.27028245,0.5008616830923408,0.9527957,0.5093798312523231,0.84664005,0.8139224268033155,0.50971776,0.6080546470493265,0.0053213137159931,0.249856478777196,-0.5900714899660995
0.54901963,0.4117647,0.039215688,0.13725491,0.7058824,0.15686275,-0.25067934,0.5013310995957154,0.95049506,0.5092597720674,0.8523371,0.8140096899173062,0.5173843,0.6082001871934739,0.0054668538601405,0.2595909123370336,-0.5652033435614602
0.54901963,0.4117647,0.039215688,0.13725491,0.7254902,0.13725491,-0.23914026,0.5016074149127487,0.9561787,0.509556377167082,0.84594315,0.8139117522934362,0.5209939,0.6083585147910889,0.0056251814577556,0.2643512544285072,-0.550565064531153
0.54901963,0.4117647,0.039215688,0.13725491,0.74509805,0.11764706,-0.22544846,0.5019352791157747,0.9548153,0.5094852275273097,0.84314805,0.8138689392190022,0.52417165,0.6084298152873623,0.0056964819540288,0.2682245689421483,-0.5331958946296337
0.54901963,0.4117647,0.039215688,0.13725491,0.7647059,0.09803922,-0.21416752,0.5022054128198269,0.9530453,0.5093928580378161,0.8313285,0.813687897084674,0.5234021,0.6084287226474391,0.0056953893141056,0.2668267222963366,-0.5188850971759801
0.54901963,0.4117647,0.039215688,0.13725491,0.8235294,0.039215688,-0.11956929,0.5044706649681376,1.0195777,0.5128648914055426,0.333335,0.8060600372141075,0.41111448,0.6077985311959292,0.0050651978625958,0.1153143718445601,-0.3988794696306296
0.54901963,0.4117647,0.039215688,0.13725491,0.84313726,0.019607844,-0.07865816,0.5054503239532543,1.0787777,0.5159542738361725,-0.04479986,0.8002680744130312,0.31843987,0.607224224067486,0.0044908907341526,-0.0086000912502896,-0.3469803504190948
0.54901963,0.4117647,0.039215688,0.15686275,0.6862745,0.15686275,-0.17397413,0.5031678850368271,0.94341624,0.5088903594299831,0.83644396,0.8137662513834574,0.5352953,0.6086081652834224,0.0058748319500891,0.2814560200448578,-0.4678964765572093
0.54901963,0.4117647,0.039215688,0.15686275,0.7058824,0.13725491,-0.1690313,0.5032862459406103,0.95143265,0.5093087002755673,0.8299836,0.8136672967048487,0.53746164,0.6087540809736754,0.0060207476403421,0.2845274432120218,-0.4616261041635945
0.54901963,0.4117647,0.039215688,0.15686275,0.7254902,0.11764706,-0.16324273,0.503424859441345,0.95286304,0.5093833461204241,0.8246232,0.8135851909896187,0.53808117,0.6087977988504626,0.0060644655171292,0.2852598117479369,-0.4542828156231457
0.54901963,0.4117647,0.039215688,0.15686275,0.74509805,0.09803922,-0.15503858,0.503621316197328,0.95114523,0.5092937014313345,0.8140796,0.8134236920094537,0.53672874,0.6087795698793721,0.0060462365460387,0.2831594707206382,-0.4438751811773089
0.54901963,0.4117647,0.039215688,0.15686275,0.8039216,0.039215688,-0.07000461,0.5056575421538171,1.0221969,0.513001573117131,0.30678016,0.8056532915520596,0.41965747,0.6081041356076692,0.0053708022743358,0.1256111683806647,-0.3360026099428742
0.54901963,0.4117647,0.039215688,0.15686275,0.8235294,0.019607844,-0.02952515,0.5066268645821199,1.0817382,0.5161087725074801,-0.07496557,0.7998060206364052,0.32574916,0.6075138859086685,0.004780552575335,5.722725544795212e-05,-0.3866678627006241
0.54901963,0.4117647,0.039215688,0.15686275,0.84313726,0.0,-0.0014750464,0.5072985531972795,1.132033,0.5187334333861061,-0.43382886,0.7943092442215605,0.23224302,0.6067804102683153,0.004047076934982,-0.1249514661827497,-0.8703812833144867
0.54901963,0.4117647,0.039215688,0.1764706,0.6666667,0.15686275,-0.09428326,0.5050761649141284,0.9320747,0.5082984960783073,0.8200856,0.8135156870756086,0.55262566,0.6089634493560148,0.0062301160226814,0.3023093471434401,-0.366802068864676
0.54901963,0.4117647,0.039215688,0.1764706,0.6862745,0.13725491,-0.094333276,0.5050749672355339,0.941916,0.50881206807591,0.8137048,0.8134179512193305,0.5537625,0.6091016621769249,0.0063683288435914,0.30418939165636,-0.3668655179475697
0.54901963,0.4117647,0.039215688,0.1764706,0.7058824,0.11764706,-0.09455629,0.5050696270127287,0.9460842,0.509029588643319,0.80778134,0.8133272206242826,0.5531031,0.6091421454267768,0.0064088120934434,0.3034531746970285,-0.3671484254329222
0.54901963,0.4117647,0.039215688,0.1764706,0.7254902,0.09803922,-0.093803346,0.5050876569551396,0.9466975,0.5090615926060548,0.79440725,0.8131223671751954,0.54910046,0.6090905389121298,0.0063572055787965,0.2980596959182132,-0.3661932582321169
0.54901963,0.4117647,0.039215688,0.1764706,0.74509805,0.078431375,-0.07555441,0.5055246465737253,0.950842,0.5092778783038744,0.7393741,0.8122794141307946,0.5382206,0.6090273130027981,0.0062939796694647,0.283058016126108,-0.3430429818055869
0.54901963,0.4117647,0.039215688,0.1764706,0.78431374,0.039215688,-0.016938828,0.5069282570195238,1.0233923,0.51306395736017,0.27687758,0.8051952681629652,0.42777705,0.6083958275142196,0.0056624941808863,0.1351945178827374,-0.2686843050009452
0.54901963,0.4117647,0.039215688,0.1764706,0.8039216,0.019607844,0.020514872,0.5078251244423606,1.0835507,0.5162033566749277,-0.11027056,0.7992652474278454,0.331265,0.6077645761817112,0.0050312428483778,0.0062327370565175,-0.4342556193687559
0.54901963,0.4117647,0.039215688,0.1764706,0.8235294,0.0,0.04518796,0.5084159469825813,1.1340878,0.5188406648577119,-0.46665886,0.7938063809523588,0.23753898,0.6070209975975506,0.0042876642642173,-0.1189745247621254,-0.9146329853465562
0.54901963,0.4117647,0.039215688,0.19607843,0.6666667,0.13725491,-0.017409272,0.5069169917399448,0.92846847,0.5081103013307712,0.7946009,0.8131253334326874,0.5685534,0.6093842088344679,0.0066508755011344,0.3216187970039287,-0.2692811025567351
0.54901963,0.4117647,0.039215688,0.19607843,0.6862745,0.11764706,-0.020666178,0.5068390017751643,0.9353002,0.5084668178238104,0.78891224,0.8130381990482464,0.56784874,0.6094480062157404,0.006714672882407,0.3209956166055456,-0.2734127550408528
0.54901963,0.4117647,0.039215688,0.19607843,0.7058824,0.09803922,-0.024067618,0.5067575507993524,0.9385206,0.508634878287083,0.77387714,0.8128079037101061,0.56277674,0.6094001109321805,0.0066667775988471,0.3143622958573391,-0.2777277605353974
0.54901963,0.4117647,0.039215688,0.19607843,0.7254902,0.078431375,-0.014841567,0.5069784780977957,0.94732505,0.5090943430894491,0.7132868,0.8118798303052802,0.5485901,0.6093175504975084,0.006584217164175,0.2953060616955663,-0.2660237570268406
0.54901963,0.4117647,0.039215688,0.19607843,0.7647059,0.039215688,0.0369838,0.5082194898697746,1.0235468,0.5130720197832831,0.24696016,0.8047370174429642,0.43583027,0.6086761756986739,0.0059428423653406,0.1446291906065804,-0.2002790245481394
0.54901963,0.4117647,0.039215688,0.19607843,0.78431374,0.019607844,0.070916526,0.5090320439666532,1.084019,0.5162277927844866,-0.14521667,0.7987299712449427,0.33657292,0.6079966026653608,0.0052632693320275,0.0120711448981004,-0.4813596406830961
0.54901963,0.4117647,0.039215688,0.21568628,0.64705884,0.13725491,0.068356335,0.5089707375594313,0.91258067,0.5072811874927795,0.7762126,0.8128436759172643,0.58571655,0.6096985336564917,0.0069652003231583,0.3419261551380801,-0.1604803864554747
0.54901963,0.4117647,0.039215688,0.21568628,0.6666667,0.11764706,0.05970789,0.508763641660176,0.9209612,0.5077185303996284,0.7706842,0.8127589965240193,0.5837844,0.609747056194608,0.0070137228612745,0.3398455248247061,-0.1714516478096441
0.54901963,0.4117647,0.039215688,0.21568628,0.6862745,0.09803922,0.05260429,0.5085935386503915,0.92728233,0.5080484023261603,0.7548921,0.812517106396667,0.5782596,0.6097196824577396,0.0069863491244062,0.3328088812571202,-0.180463147236656
0.54901963,0.4117647,0.039215688,0.21568628,0.7058824,0.078431375,0.054330226,0.508634867928523,0.9402889,0.508727157571997,0.6931185,0.811570908601649,0.5625792,0.6096443113673896,0.0069109780340563,0.3120854290591511,-0.1782736576639984
0.54901963,0.4117647,0.039215688,0.21568628,0.74509805,0.039215688,0.09483484,0.5096047926751537,1.0223786,0.5130110539294955,0.22036833,0.8043297052796009,0.44586053,0.6089818506280834,0.00624851729475,0.1565783535366199,-0.1268902264737959
0.54901963,0.4117647,0.039215688,0.21568628,0.7647059,0.019607844,0.12419723,0.5103079052999211,1.0830388,0.5161766436773599,-0.17768586,0.7982326346731029,0.3431834,0.6082390612167946,0.0055057278834613,0.01953813143181,-0.5251249962670207
0.54901963,0.4117647,0.039215688,0.23529412,0.64705884,0.11764706,0.14673321,0.5108475525485149,0.9067051,0.506974566574261,0.75823605,0.8125683261497675,0.60389143,0.6101301484241811,0.0073968150908477,0.3641450533473811,-0.061052885318593
0.54901963,0.4117647,0.039215688,0.23529412,0.6862745,0.078431375,0.13030897,0.5104542572352391,0.92985135,0.5081824681049408,0.68091625,0.8113840042514523,0.5803588,0.6100069098638774,0.007273576530544,0.3336743643212256,-0.0818883807911413
0.54901963,0.4117647,0.039215688,0.23529412,0.7058824,0.05882353,0.1272846,0.5103818355927846,0.95453763,0.5094707356950242,0.5797195,0.8098339543991465,0.55384725,0.6098955085623184,0.0071621752289851,0.2988881309127655,-0.0857250418255848
0.54901963,0.4117647,0.039215688,0.23529412,0.7254902,0.039215688,0.14870296,0.5108947203536842,1.0192987,0.512850328031694,0.20357287,0.8040724461222016,0.4571915,0.6092724981691933,0.0065391648358599,0.1703186341207848,-0.0585540897370486
0.54901963,0.4117647,0.039215688,0.25490198,0.627451,0.11764706,0.23516601,0.5129651671258825,0.8888222,0.5060413379884133,0.7485288,0.8124196380422186,0.6241723,0.6104753810521715,0.0077420477188381,0.3885140562760049,0.0511313880505712
0.54901963,0.4117647,0.039215688,0.25490198,0.6666667,0.078431375,0.21184327,0.5124066799451834,0.9157383,0.5074459694861596,0.6724677,0.8112545963611146,0.6000164,0.6103690819308193,0.0076357485974858,0.3575182858014031,0.0215445693620626
0.54901963,0.4117647,0.039215688,0.25490198,0.6862745,0.05882353,0.20507398,0.5122445824524872,0.9442274,0.5089326902618297,0.5627957,0.8095747296054343,0.57069904,0.6102506674399171,0.0075173341065837,0.3191830106210975,0.0129571759678892
0.54901963,0.4117647,0.039215688,0.25490198,0.7058824,0.039215688,0.21568307,0.5124986280484534,1.0089765,0.5123116573874479,0.19716766,0.8039743364024445,0.4739424,0.6095948739461152,0.0068615406127819,0.1907629064461767,-0.0198582773690425
0.54901963,0.4117647,0.039215688,0.27450982,0.60784316,0.11764706,0.30636624,0.5146701297772179,0.8697856,0.5050479025114477,0.74097776,0.8123039777373893,0.6390432,0.6106740033420183,0.0079406700086849,0.4060059154807809,0.1414547161036868
0.54901963,0.4117647,0.039215688,0.27450982,0.627451,0.09803922,0.28982478,0.5142740276890801,0.8794937,0.5055545256459196,0.73110324,0.8121527278205074,0.6334739,0.6106604270518358,0.0079270937185023,0.3992781290976885,0.1204705269067155
0.54901963,0.4117647,0.039215688,0.27450982,0.64705884,0.078431375,0.27930993,0.5140222386459016,0.8988109,0.5065626053698052,0.669185,0.8112043142338818,0.6157686,0.6105963860831962,0.0078630527498628,0.3763710398149831,0.1071315694055733
0.54901963,0.4117647,0.039215688,0.27450982,0.6666667,0.05882353,0.26765746,0.5137432082576853,0.931573,0.5082723118662061,0.55713207,0.8094879786707152,0.58545417,0.6105011662648688,0.0077678329315355,0.3369713521234398,0.0923494548109171
0.54901963,0.4117647,0.039215688,0.29411766,0.5882353,0.11764706,0.3462268,0.515624632337907,0.8557091,0.5043133106308487,0.7415651,0.8123129741982472,0.64783365,0.6107503057223344,0.0080169723890009,0.4163051974658107,0.1920211304759481
0.54901963,0.4117647,0.039215688,0.29411766,0.60784316,0.09803922,0.32698122,0.5151637767476381,0.8660319,0.5048520123801222,0.73569584,0.8122230734979548,0.642903,0.6107462875419051,0.0080129542085716,0.4105313249307664,0.1676065131631508
0.54901963,0.4117647,0.039215688,0.29411766,0.64705884,0.05882353,0.2998387,0.5145138210346599,0.9210138,0.5077212738630489,0.56179434,0.8095593916165553,0.59421563,0.6105981621714214,0.007864828838088,0.3475583616273192,0.1331739917015549
0.54901963,0.4117647,0.039215688,0.3137255,0.627451,0.05882353,0.32458964,0.5151065079784726,0.9091169,0.5071004299573049,0.57250506,0.8097234496671266,0.60207057,0.6106434625343014,0.007910129200968,0.3570728782633927,0.1645726016458002
0.54901963,0.4117647,0.039215688,0.33333334,0.54901963,0.11764706,0.40924975,0.5171337815863075,0.82276314,0.5025940082334818,0.7511239,0.8124593880837545,0.6610456,0.6107290593011813,0.0079957259678479,0.4312875895702457,0.2719709068171614
0.54901963,0.4117647,0.039215688,0.33333334,0.60784316,0.05882353,0.34940302,0.5157006900133954,0.89581466,0.5064062435073539,0.5836491,0.8098941450497902,0.60962224,0.6106670261901798,0.0079336928568464,0.3661275650147854,0.1960504166123399
0.54901963,0.4117647,0.039215688,0.3529412,0.54901963,0.09803922,0.415056,0.5172728179230721,0.8210885,0.5025066155483789,0.74970585,0.8124376674829556,0.6619501,0.6107390336514689,0.0080057003181355,0.432294315922867,0.2793365958233432
0.54901963,0.4117647,0.039215688,0.3529412,0.5882353,0.05882353,0.3690601,0.5161713989320446,0.8825772,0.5057154381738859,0.59497297,0.8100675948796233,0.61553675,0.6106514773285179,0.0079181439951845,0.373114039082445,0.2209870309383939
0.54901963,0.4117647,0.039215688,0.37254903,0.5294118,0.09803922,0.44030768,0.5178774955689524,0.8050342,0.5016688140762225,0.7555323,0.8125269126668186,0.6669581,0.6106910741039978,0.0079577407706645,0.4378118043196746,0.2693010634773368
0.54901963,0.4117647,0.039215688,0.39215687,0.49019608,0.11764706,0.48624533,0.5189775200931402,0.7676712,0.4997190047624892,0.76028675,0.8125997370728258,0.6714011,0.6104320873094852,0.0076987539761517,0.4412708214436492,0.2149939149866367
0.54901963,0.4117647,0.039215688,0.4117647,0.50980395,0.078431375,0.44955802,0.5180990045568561,0.7954585,0.5011690993683456,0.75444645,0.8125102800786402,0.6664877,0.6105927946679474,0.0078594613346139,0.4365960826386699,0.2553827378992848
0.54901963,0.43137255,0.019607844,0.09803922,0.74509805,0.15686275,-0.49625388,0.4954505644227026,0.9519092,0.5093335687450077,0.9153959,0.8149755732906697,0.45701706,0.60658656881946,0.0038532354861266,0.1847646422287205,-0.8767348056400466
0.54901963,0.43137255,0.019607844,0.09803922,0.7647059,0.13725491,-0.4722672,0.4960249498813038,0.9518092,0.5093283524319056,0.9110989,0.8149097550588683,0.463547,0.6067543524573592,0.0040210191240258,0.1929285755894919,-0.8463057483433746
0.54901963,0.43137255,0.019607844,0.11764706,0.7058824,0.1764706,-0.44997737,0.4965587031167815,0.9463714,0.5090445750455409,0.9102554,0.8148968346291888,0.46888313,0.6068333709305037,0.0041000375971704,0.1993404364101513,-0.8180292529317573
0.54901963,0.43137255,0.019607844,0.11764706,0.74509805,0.13725491,-0.41627386,0.4973657682845972,0.956253,0.5095602528535014,0.8945569,0.8146563778734162,0.47817865,0.6071941330038383,0.0044607996705049,0.2113266150808277,-0.7752735879582391
0.54901963,0.43137255,0.019607844,0.11764706,0.7647059,0.11764706,-0.39697522,0.4978278941670741,0.95504314,0.5094971158687983,0.8872046,0.8145437614289989,0.4817575,0.6072895904882905,0.004556257154957,0.2155976817498001,-0.7507916747315169
0.54901963,0.43137255,0.019607844,0.11764706,0.8627451,0.019607844,-0.22860959,0.5018595825458242,1.099419,0.517031453378522,-0.08023395,0.7997253238706595,0.26352516,0.606205453265002,0.0034721199316685,-0.0779285149934025,-0.5372060505792572
0.54901963,0.43137255,0.019607844,0.11764706,0.88235295,0.0,-0.18938924,0.5027987541782208,1.1468117,0.5195046700995353,-0.42077082,0.7945092566179078,0.1788839,0.6056042269652213,0.0028708936318879,-0.19138569984464,-0.8527802981004836
0.54901963,0.43137255,0.019607844,0.13725491,0.7058824,0.15686275,-0.36530024,0.4985863842172293,0.9528769,0.5093840708675635,0.8883779,0.8145617333522776,0.49198484,0.6075107294790234,0.0047773961456901,0.2284694295986205,-0.7106093601385687
0.54901963,0.43137255,0.019607844,0.13725491,0.7254902,0.13725491,-0.35278615,0.4988860468627647,0.95680666,0.5095891463134928,0.87995666,0.814432743604732,0.49465904,0.6076359789269965,0.0049026455936631,0.2318814252705858,-0.6947342162362896
0.54901963,0.43137255,0.019607844,0.13725491,0.74509805,0.11764706,-0.3405204,0.4991797626852833,0.9578761,0.5096449549537304,0.8710086,0.8142956840664898,0.4961214,0.6077068005685011,0.0049734672351678,0.233565874051484,-0.6791741155085953
0.54901963,0.43137255,0.019607844,0.13725491,0.7647059,0.09803922,-0.3234549,0.4995884142613308,0.9579342,0.5096479876939061,0.8463767,0.8139183932774305,0.49361864,0.6077182650775558,0.0049849317442224,0.2297432404869104,-0.6575250956113842
0.54901963,0.43137255,0.019607844,0.13725491,0.8235294,0.039215688,-0.22416659,0.5019659748706063,1.0486512,0.5143821075501175,0.26107526,0.8049532210038219,0.36185327,0.6071004344748486,0.0043671011415152,0.0527039792076837,-0.5315697342376029
0.54901963,0.43137255,0.019607844,0.13725491,0.84313726,0.019607844,-0.18089972,0.5030020444640009,1.1054363,0.5173454710725663,-0.10905151,0.7992839198315984,0.27182835,0.6065438117893885,0.0038104784560551,-0.06778626375375,-0.4766821660573076
0.54901963,0.43137255,0.019607844,0.13725491,0.8627451,0.0,-0.14160873,0.503942907797341,1.1544304,0.519902254560307,-0.4572494,0.7939505073776794,0.18519075,0.6059318899117757,0.0031985565784424,-0.1838798312546091,-0.9019499360589066
0.54901963,0.43137255,0.019607844,0.15686275,0.6862745,0.15686275,-0.29538184,0.500260652184204,0.9484162,0.5091512839526856,0.87343013,0.8143327755232865,0.5088215,0.6079149038867254,0.005181570553392,0.2491578791757737,-0.6219121357674484
0.54901963,0.43137255,0.019607844,0.15686275,0.7058824,0.13725491,-0.28668287,0.5004689579832641,0.95294243,0.5093874893100795,0.8660034,0.8142190187724341,0.5107543,0.6080251553552593,0.0052918220219258,0.2516924604628724,-0.6108767778907637
0.54901963,0.43137255,0.019607844,0.15686275,0.7254902,0.11764706,-0.27925736,0.5006467696328568,0.9544807,0.5094677651649034,0.85741746,0.8140875064735031,0.5108803,0.6080673470904211,0.0053340137570877,0.2517200443878507,-0.601456900015286
0.54901963,0.43137255,0.019607844,0.15686275,0.74509805,0.09803922,-0.27055597,0.5008551332373488,0.95988995,0.5097500495099508,0.82548535,0.8135983962676631,0.5049398,0.6080678596716541,0.0053345263383208,0.2436731502086845,-0.5904184797964535
0.54901963,0.43137255,0.019607844,0.15686275,0.7647059,0.078431375,-0.25151238,0.5013111517261646,0.9734959,0.5104600839713839,0.7511323,0.812459516813304,0.49103865,0.6080769175036175,0.0053435841702841,0.2249110964948955,-0.5662601162502872
0.54901963,0.43137255,0.019607844,0.15686275,0.78431374,0.05882353,-0.22494572,0.5019473176322119,0.9930064,0.5114782510556691,0.61606425,0.8103906540093134,0.461375,0.6079387408990647,0.0052054075657314,0.1849116604344848,-0.5325581335217437
0.54901963,0.43137255,0.019607844,0.15686275,0.8039216,0.039215688,-0.1765119,0.5031071154707925,1.052397,0.514577583984578,0.23498651,0.8045536148104071,0.37029055,0.6074127714219258,0.0046794380885925,0.0629484016700975,-0.4711158488081448
0.54901963,0.43137255,0.019607844,0.15686275,0.8235294,0.019607844,-0.13336043,0.5041404218218107,1.1097543,0.5175708083333718,-0.13819343,0.798837547607955,0.27940014,0.6068495925877125,0.0041162592543791,-0.0586851991277135,-0.4718929775695409
0.54901963,0.43137255,0.019607844,0.15686275,0.84313726,0.0,-0.096805766,0.5050157609139273,1.1596817,0.5201762960730821,-0.49107787,0.7934323503989119,0.19059932,0.6062081357953071,0.0034748024619737,-0.1775893474890827,-0.9475474764532484
0.54901963,0.43137255,0.019607844,0.1764706,0.6666667,0.15686275,-0.22142114,0.5020317174879061,0.9389124,0.508655323621621,0.85782576,0.8140937603558736,0.52510566,0.6082602671551336,0.0055269338218002,0.2688173007172533,-0.5280869060449828
0.54901963,0.43137255,0.019607844,0.1764706,0.6862745,0.13725491,-0.21619485,0.5021568662480587,0.9447745,0.5089612415665193,0.85118383,0.8139920247538049,0.5265878,0.608370044189461,0.0056367108561276,0.2708832621674524,-0.5214569352888214
0.54901963,0.43137255,0.019607844,0.1764706,0.7058824,0.11764706,-0.21155481,0.5022679768520172,0.94792485,0.5091256440785646,0.84325397,0.8138705615765164,0.5265413,0.6084213941690327,0.0056880608356993,0.2708087981536376,-0.5155706599949526
0.54901963,0.43137255,0.019607844,0.1764706,0.7254902,0.09803922,-0.20831102,0.5023456527227762,0.9563966,0.5095677460546123,0.8074193,0.8133216752109225,0.5185016,0.608411691329437,0.0056783579961036,0.2601844538462514,-0.5114556471816907
0.54901963,0.43137255,0.019607844,0.1764706,0.74509805,0.078431375,-0.19687256,0.5026195584096744,0.9741582,0.5104946478778781,0.7282889,0.8121096198549778,0.5018582,0.6084079420475101,0.0056746087141767,0.2380734428344317,-0.4969450224510293
0.54901963,0.43137255,0.019607844,0.1764706,0.7647059,0.05882353,-0.17566495,0.5031273966136361,0.9965554,0.5116634566100681,0.59441644,0.8100590704271136,0.47176895,0.608283307883606,0.0055499745502725,0.1977436533693982,-0.4700414203935821
0.54901963,0.43137255,0.019607844,0.1764706,0.78431374,0.039215688,-0.1291466,0.5042413261987951,1.0558326,0.5147568733627573,0.20467515,0.8040893300068943,0.3771204,0.6076958431894822,0.0049625098561489,0.0710229387654172,-0.4110290852731748
0.54901963,0.43137255,0.019607844,0.1764706,0.8039216,0.019607844,-0.08596833,0.5052752744755667,1.1132061,0.5177509437682976,-0.17056488,0.798341708087738,0.28555763,0.6071226421105341,0.0043893087772007,-0.0515170708481125,-0.5155265934015384
0.54901963,0.43137255,0.019607844,0.1764706,0.8235294,0.0,-0.050060708,0.5061351194817754,1.163559,0.5203786342765965,-0.5257632,0.7929010684839465,0.19591166,0.6064716074141061,0.0037382740807727,-0.1715283306364955,-0.9943000042992391
0.54901963,0.43137255,0.019607844,0.19607843,0.6666667,0.13725491,-0.13999628,0.5039815196849358,0.93476695,0.5084389912662602,0.83387417,0.8137268893565212,0.5428816,0.6087158001025724,0.005982466769239,0.2904787218956309,-0.424792782069275
0.54901963,0.43137255,0.019607844,0.19607843,0.6862745,0.11764706,-0.1395759,0.5039915860370375,0.9395213,0.5086871005176564,0.8271371,0.8136236966455092,0.54236084,0.6087674610667344,0.006034127733401,0.2899330058772811,-0.4242594997580913
0.54901963,0.43137255,0.019607844,0.19607843,0.7058824,0.09803922,-0.14129917,0.5039503204519283,0.94985694,0.5092264710250199,0.7881796,0.8130269767530499,0.5322458,0.6087345894099995,0.006001256076666,0.2767082358216042,-0.4264456150833755
0.54901963,0.43137255,0.019607844,0.19607843,0.7254902,0.078431375,-0.13312355,0.5041460942474377,0.9681966,0.5101835353933969,0.70839596,0.8118049160982883,0.51448965,0.6087115152463743,0.0059781819130409,0.2532040485750171,-0.4160741616429452
0.54901963,0.43137255,0.019607844,0.19607843,0.74509805,0.05882353,-0.12084916,0.5044400170276756,0.99484986,0.5115744526845437,0.5739922,0.809746228406563,0.48266426,0.6085868993729274,0.005853566039594,0.2109201217646379,-0.4005030969742177
0.54901963,0.43137255,0.019607844,0.19607843,0.7647059,0.039215688,-0.07751196,0.5054777710071285,1.0569597,0.5148156929696514,0.17641652,0.8036564871676078,0.3852881,0.6079833170481291,0.0052499837147959,0.0807066468283546,-0.3455262955462601
0.54901963,0.43137255,0.019607844,0.19607843,0.78431374,0.019607844,-0.03621542,0.5064666591468489,1.1149665,0.5178428093563466,-0.20407033,0.7978284987516033,0.29156026,0.6073793224182663,0.0046459890849329,-0.0446796737455645,-0.5606887438579833
0.54901963,0.43137255,0.019607844,0.19607843,0.8039216,0.0,-0.0016499413,0.5072943651580529,1.1647357,0.5204400418217737,-0.56081575,0.7923641621832377,0.20075665,0.6066995230543548,0.0039661897210214,-0.1662363578158608,-1.0415474751193388
0.54901963,0.43137255,0.019607844,0.21568628,0.7058824,0.078431375,-0.06224078,0.5058434551276493,0.9609844,0.509807164561341,0.6883629,0.8114980659361313,0.5290355,0.6090495618750406,0.0063162285417071,0.2706824065972744,-0.3261535504859867
0.54901963,0.43137255,0.019607844,0.21568628,0.7254902,0.05882353,-0.05316771,0.5060607191629537,0.990534,0.5113492274018371,0.54609185,0.8093188736914223,0.49448606,0.6089096067520711,0.0061762734187376,0.2249132538351531,-0.3146436146410145
0.54901963,0.43137255,0.019607844,0.21568628,0.74509805,0.039215688,-0.021034773,0.50683017538526,1.0551744,0.5147225209704497,0.15073684,0.8032631467252451,0.39495882,0.6082719476936517,0.0055386143603182,0.0921856865097516,-0.2738803482225718
0.54901963,0.43137255,0.019607844,0.21568628,0.7647059,0.019607844,0.018846545,0.5077851746444754,1.1152359,0.5178568688287507,-0.23728684,0.797319715292587,0.29893187,0.6076539195886044,0.004920586255271,-0.0361898263903879,-0.6054614194661601
0.54901963,0.43137255,0.019607844,0.23529412,0.627451,0.13725491,0.028136376,0.508007629215062,0.9105414,0.50717476786239,0.8045184,0.8132772416049253,0.5810654,0.6094865462274591,0.0067532128941257,0.3366485463160889,-0.2115027070154137
0.54901963,0.43137255,0.019607844,0.23529412,0.6666667,0.09803922,0.007429895,0.5075117911912962,0.93397254,0.5083975344856847,0.7527289,0.8124839717758107,0.56471044,0.6094644324842639,0.0067310991509305,0.3159758672006966,-0.2377705788932707
0.54901963,0.43137255,0.019607844,0.23529412,0.6862745,0.078431375,0.00778534,0.5075203026843259,0.95576507,0.5095347902780368,0.6696359,0.8112112208937551,0.54439545,0.6094221046187059,0.0066887712853725,0.2893508578767423,-0.2373196679149319
0.54901963,0.43137255,0.019607844,0.23529412,0.7058824,0.05882353,0.010876601,0.507594326108163,0.98611885,0.5111188200215585,0.525026,0.8089962044022828,0.5073405,0.6092364501773347,0.0065031168440014,0.240391022617891,-0.2333981497575592
0.54901963,0.43137255,0.019607844,0.23529412,0.7254902,0.039215688,0.03975078,0.5082857480972544,1.0493861,0.5144204600489543,0.13992788,0.803097583862759,0.40968826,0.6086012640029892,0.0058679306696558,0.1102286391265578,-0.1967688810196679
0.54901963,0.43137255,0.019607844,0.23529412,0.74509805,0.019607844,0.06991496,0.5090080604215762,1.1124382,0.5177108680509405,-0.25985757,0.7969739951973037,0.30749854,0.6078976412232735,0.0051643078899401,-0.0260915603931918,-0.6358846052105952
0.54901963,0.43137255,0.019607844,0.25490198,0.60784316,0.13725491,0.11669685,0.5101283009682909,0.8946323,0.5063445404644159,0.7977348,0.8131733358600255,0.6030213,0.6098820590975774,0.007148725764244,0.3633414253967932,-0.099156474498338
0.54901963,0.43137255,0.019607844,0.25490198,0.627451,0.11764706,0.103672035,0.5098164083704279,0.90460306,0.5068648715844818,0.7860797,0.8129948126251805,0.5981183,0.6098920308600301,0.0071586975266966,0.3574279414244334,-0.1156795211539664
0.54901963,0.43137255,0.019607844,0.25490198,0.6666667,0.078431375,0.088919684,0.5094631481358906,0.94758683,0.5091080044175019,0.65587753,0.8110004814914354,0.564128,0.609857211348276,0.0071238780149426,0.3135153747622151,-0.1343940894920122
0.54901963,0.43137255,0.019607844,0.25490198,0.6862745,0.05882353,0.0872757,0.5094237812094441,0.9791491,0.5107550996041635,0.5073514,0.808725478855838,0.5245921,0.6096347865564818,0.0069014532231485,0.2613791179108522,-0.1364796201099887
0.54901963,0.43137255,0.019607844,0.27450982,0.60784316,0.11764706,0.18520747,0.5117688583773816,0.8888774,0.5060442183139545,0.78089005,0.8129153216718641,0.618325,0.6102427994544001,0.0075094661210667,0.3819552592729424,-0.0122451248947521
0.54901963,0.43137255,0.019607844,0.27450982,0.64705884,0.078431375,0.16180167,0.5112083822616353,0.9352302,0.5084631660935887,0.65231603,0.8109459293776559,0.583116,0.6102058259109601,0.0074724925776266,0.3367473194530577,-0.0419373108372619
0.54901963,0.43137255,0.019607844,0.27450982,0.6666667,0.05882353,0.15657705,0.5110832734657321,0.97047657,0.5103025183443705,0.5003873,0.8086188086210379,0.5424803,0.6100015334770469,0.0072682001437134,0.2833531153145487,-0.0485651644185971
0.54901963,0.43137255,0.019607844,0.29411766,0.60784316,0.09803922,0.23743613,0.5130195274254447,0.8930574,0.506262354760907,0.7404092,0.8122952688638228,0.6236343,0.6105257170167248,0.0077923836833914,0.3878778188048653,0.0540112183897137
0.54901963,0.43137255,0.019607844,0.29411766,0.627451,0.078431375,0.22566722,0.5127377088171963,0.9211256,0.5077271091661971,0.6575953,0.8110267925331917,0.60146266,0.6104972035055284,0.007763870172195,0.3592918399032543,0.0390813930446522
0.54901963,0.43137255,0.019607844,0.29411766,0.64705884,0.05882353,0.21752818,0.5125428110237574,0.9591016,0.5097089100006552,0.50350827,0.8086666129326862,0.560046,0.610306111319033,0.0075727779856995,0.3050180365698968,0.0287563473201513
0.54901963,0.43137255,0.019607844,0.3137255,0.5882353,0.09803922,0.27833852,0.5139989773119,0.879363,0.5055477043134015,0.74403256,0.8123507686462009,0.6339114,0.6106324834238341,0.0078991500905007,0.4001668724015488,0.1058992602401326
0.54901963,0.43137255,0.019607844,0.33333334,0.5686275,0.09803922,0.30725276,0.5146913586436865,0.867715,0.5049398467566147,0.74678206,0.8123928832943557,0.6405833,0.6106746962315522,0.0079413628982189,0.407985465530609,0.1425793518068429
0.54901963,0.43137255,0.019607844,0.3529412,0.54901963,0.09803922,0.3385365,0.5154404799319834,0.85575086,0.5043154910932724,0.7481337,0.8124135868404156,0.64747363,0.6107231859552238,0.0079898526218904,0.4160247976117044,0.1822653401312264
0.54901963,0.43137255,0.019607844,0.37254903,0.5882353,0.039215688,0.30629885,0.5146685162206548,0.9669779,0.5101199380542877,0.26508433,0.805014628650845,0.51278704,0.6099343609752625,0.0072010276419291,0.2392474955861784,0.0716868909141246
0.54901963,0.43137255,0.019607844,0.4117647,0.47058824,0.11764706,0.46620542,0.5184976436611736,0.7755061,0.5001278710167144,0.8219269,0.8135438907156354,0.6878795,0.6107231351311745,0.0079898017978411,0.4642877240286294,0.2263818800684769
0.54901963,0.43137255,0.019607844,0.47058824,0.4509804,0.078431375,0.4767068,0.518749110135769,0.7624225,0.4994450970013321,0.8194339,0.8135057055141555,0.68618774,0.6105666375504188,0.0078333042170855,0.4612692568410437,0.207364887187281
0.54901963,0.4509804,0.0,0.019607844,0.78431374,0.19607843,-0.87499624,0.4863811883147743,0.93397504,0.5083976651268,1.004249,0.8163365523018495,0.35440925,0.6037051352478079,0.0009718019144746,0.0558420902981985,-1.3572005992994285
0.54901963,0.4509804,0.0,0.019607844,0.8039216,0.1764706,-0.8436749,0.4871312102259738,0.9338407,0.5083906540536144,1.0026822,0.8163125538271071,0.3642827,0.6039448060355651,0.0012114727022317,0.0683176139822034,-1.317466898928204
0.54901963,0.4509804,0.0,0.039215688,0.7647059,0.19607843,-0.8289507,0.4874837962422169,0.9410313,0.5087658988836768,0.9905333,0.8161264665900084,0.36753798,0.604125387238634,0.0013920539053007,0.0725692122538315,-1.298788048463578
0.54901963,0.4509804,0.0,0.039215688,0.78431374,0.1764706,-0.798496,0.4882130652897021,0.94209117,0.5088212098434753,0.9883478,0.81609299142928,0.37731433,0.6043757555208192,0.0016424221874858,0.0849788909805127,-1.2601537667311304
0.54901963,0.4509804,0.0,0.039215688,0.8039216,0.15686275,-0.7690863,0.4889173110079827,0.94069844,0.5087485298363529,0.98609287,0.8160584517390854,0.3859017,0.6045747641944736,0.0018414308611403,0.0957271677472363,-1.2228451388896753
0.54901963,0.4509804,0.0,0.05882353,0.74509805,0.19607843,-0.777771,0.4887093470459832,0.94605225,0.5090279214138481,0.97816855,0.815937073468521,0.38214993,0.6045581139761175,0.001824780642784,0.0910882657053785,-1.2338623873603058
0.54901963,0.4509804,0.0,0.05882353,0.7647059,0.1764706,-0.74676275,0.4894518713785656,0.94825083,0.509142655418073,0.97426224,0.8158772397913089,0.39191675,0.6048239221959825,0.0020905888626491,0.1035105340709867,-1.1945258841080286
0.54901963,0.4509804,0.0,0.05882353,0.78431374,0.15686275,-0.7169236,0.4901664007545532,0.94780904,0.5091196003717325,0.97144693,0.8158341172181708,0.40077746,0.6050400394481522,0.0023067061148188,0.1146493730568223,-1.1566724618173037
0.54901963,0.4509804,0.0,0.05882353,0.8039216,0.13725491,-0.68915325,0.49083139016172,0.9458247,0.5090160455143705,0.96747464,0.8157732728770487,0.40804872,0.6052069028510464,0.002473569517713,0.1236461801331243,-1.121443504556379
0.54901963,0.4509804,0.0,0.078431375,0.7254902,0.19607843,-0.7179588,0.4901416115016655,0.9452755,0.5089873853420849,0.9715428,0.8158355852828206,0.39961982,0.6049881940421904,0.0022548607088569,0.1130271766466371,-1.157985715112921
0.54901963,0.4509804,0.0,0.078431375,0.74509805,0.1764706,-0.69231457,0.4907556893098856,0.9510861,0.5092906158126121,0.9624792,0.8156967563980042,0.4070836,0.6052476871735006,0.0025143538401673,0.1226140763396046,-1.125453887346162
0.54901963,0.4509804,0.0,0.078431375,0.7647059,0.15686275,-0.6622098,0.4914765787106813,0.9516184,0.5093183926021184,0.95773,0.8156240123338435,0.41571283,0.6054729945488811,0.0027396612155477,0.1334682665259882,-1.087263531805479
0.54901963,0.4509804,0.0,0.078431375,0.78431374,0.13725491,-0.6332957,0.4921689564742312,0.9506496,0.5092678376010159,0.9533856,0.8155574682864969,0.42357984,0.6056647541205814,0.002931420787248,0.1432735919126838,-1.050583629272238
0.54901963,0.4509804,0.0,0.078431375,0.8039216,0.11764706,-0.60854435,0.4927616534091062,0.9473024,0.5090931610984063,0.94449717,0.8154213226367588,0.42775175,0.6057587123814238,0.0030253790480904,0.1481246616190988,-1.0191844900342877
0.54901963,0.4509804,0.0,0.09803922,0.7254902,0.1764706,-0.62980443,0.4922525588290589,0.94997793,0.5092327853455908,0.954252,0.8155707392987793,0.4248085,0.6056853611578097,0.0029520278244763,0.1448137672801028,-1.0461546507751465
0.54901963,0.4509804,0.0,0.09803922,0.74509805,0.15686275,-0.60644627,0.4928118941795834,0.9530605,0.5093936512160159,0.94446194,0.8154207830682214,0.43035874,0.6058754428212736,0.0031421094879402,0.1517858361163824,-1.016522898831747
0.54901963,0.4509804,0.0,0.09803922,0.7647059,0.13725491,-0.5805631,0.4934316925846237,0.9522327,0.5093504525539035,0.9393487,0.8153424625495326,0.4370061,0.60604153589602,0.0033082025626866,0.1600323458965656,-0.9836880126121532
0.54901963,0.4509804,0.0,0.09803922,0.78431374,0.11764706,-0.55576307,0.4940255556191998,0.9507283,0.5092719434646383,0.9270767,0.8151544900179675,0.44068065,0.6061506630339352,0.0034173297006018,0.1642765972587629,-0.952227097237485
0.54901963,0.4509804,0.0,0.11764706,0.7058824,0.1764706,-0.5636348,0.4938370585284656,0.94686145,0.5090701495991042,0.9453015,0.8154336423285405,0.44284272,0.6061136168187035,0.0033802834853701,0.1672628725823237,-0.9622130547305174
0.54901963,0.4509804,0.0,0.11764706,0.7254902,0.15686275,-0.54195017,0.4943563197280615,0.95028293,0.5092487017881332,0.9336323,0.8152549036314708,0.44732168,0.6062866417158884,0.0035533083825551,0.1728471981044745,-0.9347042998380762
0.54901963,0.4509804,0.0,0.11764706,0.74509805,0.13725491,-0.52231324,0.4948265462211306,0.95179814,0.5093277738783951,0.9239539,0.8151066574040777,0.45114627,0.6064203258345345,0.0036869925012011,0.1775364734817796,-0.9097932428366377
0.54901963,0.4509804,0.0,0.11764706,0.7647059,0.11764706,-0.5050709,0.4952394311530086,0.9563339,0.5095644738057253,0.90372974,0.8147968802423764,0.4516642,0.6065335950670369,0.0038002617337034,0.1779383926876246,-0.8879199536352578
0.54901963,0.4509804,0.0,0.11764706,0.78431374,0.09803922,-0.48336965,0.4957590905678024,0.9662549,0.5100822076559998,0.85582423,0.8140631026376262,0.4462365,0.6066348002871428,0.0039014669538094,0.170397730680955,-0.8603901026080011
0.54901963,0.4509804,0.0,0.11764706,0.8039216,0.078431375,-0.45439166,0.4964529983911804,0.9811774,0.5108609469020481,0.7654886,0.8126794151861256,0.43075812,0.606664453493118,0.0039311201597847,0.1492934186712785,-0.8236291425245007
0.54901963,0.4509804,0.0,0.11764706,0.8235294,0.05882353,-0.4190864,0.4972984192472073,1.0114197,0.5124391568949352,0.5721045,0.809717314471575,0.38814592,0.6064849635379058,0.0037516302045725,0.0919872479254697,-0.7788415190172927
0.54901963,0.4509804,0.0,0.11764706,0.84313726,0.039215688,-0.36689752,0.4985481355761142,1.0692039,0.5154546586643834,0.2075476,0.8041333278953203,0.30328465,0.6060453740452726,0.0033120407119393,-0.0217436199261787,-0.7126356476682757
0.54901963,0.4509804,0.0,0.11764706,0.88235295,0.0,-0.2821471,0.5005775715352921,1.1665795,0.5205362621136648,-0.47226518,0.7937205078436104,0.13738906,0.6049447804975224,0.002211447164189,-0.2441683611279403,-0.9221897735505048
0.54901963,0.4509804,0.0,0.13725491,0.6666667,0.19607843,-0.5146512,0.4950100220894063,0.9336551,0.5083809679480688,0.94791454,0.8154736671757105,0.45563948,0.6062882190710619,0.0035548857377284,0.1827516942718144,-0.9000732932370864
0.54901963,0.4509804,0.0,0.13725491,0.7254902,0.13725491,-0.45745543,0.4963796333069848,0.9511946,0.5092962769276067,0.9103499,0.814898282608377,0.4680297,0.6068580642809895,0.0041247309476561,0.1985575790490488,-0.8275157840073812
0.54901963,0.4509804,0.0,0.13725491,0.74509805,0.11764706,-0.44816163,0.4966021827926635,0.96113527,0.5098150372437867,0.8803533,0.8144388185438987,0.46444234,0.6069520128601164,0.0042186795267829,0.1938262926931537,-0.8157258423407632
0.54901963,0.4509804,0.0,0.13725491,0.7647059,0.09803922,-0.4319715,0.4969898724063357,0.9706525,0.5103117005484715,0.8308849,0.8136811018078153,0.456522,0.6069942249208742,0.0042608915875408,0.1830573552446537,-0.7951873184434416
0.54901963,0.4509804,0.0,0.13725491,0.78431374,0.078431375,-0.40713495,0.4975846089452166,0.98429245,0.5110235079964688,0.74273556,0.8123309022987005,0.43996438,0.6069796730801286,0.0042463397467953,0.1605626869395253,-0.7636801276762745
0.54901963,0.4509804,0.0,0.13725491,0.8039216,0.05882353,-0.37680078,0.4983109920029887,1.0162646,0.512691991,0.55653673,0.8094788598711364,0.39866686,0.6068272809580417,0.0040939476247083,0.1052209068653348,-0.7251987362112
0.54901963,0.4509804,0.0,0.13725491,0.8235294,0.039215688,-0.32497117,0.4995521053135987,1.0749623,0.5157551643345067,0.18642406,0.8038097746176254,0.31213838,0.606372348088577,0.0036390147552436,-0.0107155023179124,-0.6594486245489248
0.54901963,0.4509804,0.0,0.13725491,0.84313726,0.019607844,-0.27921316,0.5006478279718145,1.1271286,0.5184774949993026,-0.16953209,0.7983575274429644,0.22612779,0.6058276168046939,0.0030942834713605,-0.1260232510546867,-0.6014008326892408
0.54901963,0.4509804,0.0,0.13725491,0.8627451,0.0,-0.23634404,0.5016743732282375,1.1748081,0.5209656794595213,-0.5067894,0.7931916941579863,0.14389157,0.6052772489485817,0.0025439156152483,-0.2363250291729677,-0.9687250985183972
0.54901963,0.4509804,0.0,0.15686275,0.6862745,0.15686275,-0.40524697,0.4976298185021731,0.9444275,0.5089431322195422,0.91107386,0.8149093716091463,0.48341814,0.6071607741102872,0.0044274407769538,0.2176810984676058,-0.76128507366092
0.54901963,0.4509804,0.0,0.15686275,0.7058824,0.13725491,-0.39442995,0.4978888432154066,0.9504876,0.509259383254557,0.89442295,0.8146543264174037,0.48349357,0.6072675176291225,0.004534184295789,0.217710042834084,-0.7475627940972415
0.54901963,0.4509804,0.0,0.15686275,0.7254902,0.11764706,-0.38941723,0.4980088779789506,0.9594616,0.5097276974372306,0.8647906,0.8142004424593555,0.4782783,0.6073123392918456,0.0045790059585122,0.2108637896855618,-0.7412037461046826
0.54901963,0.4509804,0.0,0.15686275,0.74509805,0.09803922,-0.3794154,0.4982483822973707,0.97050685,0.5103040984797645,0.8132297,0.8134106738913928,0.46810707,0.607321051556176,0.0045877182228426,0.1972781801425289,-0.7285155930205934
0.54901963,0.4509804,0.0,0.15686275,0.7647059,0.078431375,-0.35849038,0.4987494533407351,0.98867947,0.5112524472194521,0.71388406,0.8118889783200759,0.44802436,0.6072969596267543,0.004563626293421,0.1702950528491843,-0.7019704929315835
0.54901963,0.4509804,0.0,0.15686275,0.8039216,0.039215688,-0.27800426,0.5006767763612128,1.0789535,0.5159634498192681,0.16310687,0.8034526208733108,0.32135203,0.6066976156845972,0.0039642823512638,0.0006022717633938,-0.5998672419855496
0.54901963,0.4509804,0.0,0.15686275,0.8235294,0.019607844,-0.23324156,0.5017486653402861,1.1324116,0.5187531912995377,-0.19863445,0.797911761206828,0.23351187,0.6061378726155506,0.0034045392822172,-0.1170997836195314,-0.5533616917849373
0.54901963,0.4509804,0.0,0.15686275,0.84313726,0.0,-0.1916773,0.5027439642629794,1.1798632,0.5212294811972623,-0.54156506,0.7926590286286074,0.14887361,0.6055441580296165,0.002810824696283,-0.2306127997281435,-1.0155993837018251
0.54901963,0.4509804,0.0,0.1764706,0.6862745,0.13725491,-0.33200714,0.4993836217479677,0.9463542,0.5090436792207506,0.8797669,0.8144298366906492,0.49803796,0.6076190458864558,0.0048857125531224,0.2355185693816381,-0.6683743311373542
0.54901963,0.4509804,0.0,0.1764706,0.7058824,0.11764706,-0.3286311,0.4994644644286556,0.9568619,0.5095920297495368,0.8491183,0.8139603864998399,0.49244967,0.607672293559344,0.0049389602260107,0.2282666920878934,-0.6640915511229365
0.54901963,0.4509804,0.0,0.1764706,0.7254902,0.09803922,-0.32062665,0.4996561393908519,0.9682289,0.5101852212858843,0.7977534,0.8131736207083904,0.4817852,0.6076716604617088,0.0049383271283755,0.214080435317513,-0.6539372404250047
0.54901963,0.4509804,0.0,0.1764706,0.7647059,0.05882353,-0.28312492,0.5005541567671195,1.0210825,0.5129434191578243,0.5182313,0.8088921279309592,0.41872963,0.6074632346186344,0.0047299012853009,0.1299563479625746,-0.6063632258209467
0.54901963,0.4509804,0.0,0.1764706,0.78431374,0.039215688,-0.23013867,0.5018229670865733,1.0810853,0.5160747000604194,0.13815746,0.8030704659788795,0.3297014,0.606989377708624,0.0042560443752907,0.0106658043768082,-0.5391458174915394
0.54901963,0.4509804,0.0,0.1764706,0.8039216,0.019607844,-0.18530607,0.5028965299254073,1.1352217,0.5188998390619187,-0.22569317,0.79749729770615,0.2414075,0.6064312222311586,0.0036978888978253,-0.1076257689017542,-0.5898342608876516
0.54901963,0.4509804,0.0,0.1764706,0.8235294,0.0,-0.14747725,0.5038023799377029,1.1839895,0.5214448150812422,-0.57361406,0.7921681280777558,0.1542994,0.6058051076989003,0.0030717743655669,-0.2243228005717904,-1.0587983728388684
0.54901963,0.4509804,0.0,0.19607843,0.7058824,0.09803922,-0.25768524,0.501163336100218,0.96463054,0.5099974402352131,0.78499717,0.8129782311636317,0.49731413,0.6080463358330209,0.0053130024996875,0.2332210955350686,-0.5740909031964356
0.54901963,0.4509804,0.0,0.19607843,0.74509805,0.05882353,-0.2270594,0.5018967036241927,1.0197586,0.5128743286708687,0.50565845,0.8086995476119017,0.4327859,0.6078235266356543,0.005090193302321,0.147373819986689,-0.5352394976248345
0.54901963,0.4509804,0.0,0.19607843,0.7647059,0.039215688,-0.18014593,0.5030200947453599,1.0822071,0.5161332397220665,0.1142268,0.8027039156621816,0.33876264,0.6072857500432026,0.0045524167098693,0.0215971844990271,-0.47572592136575
0.54901963,0.4509804,0.0,0.19607843,0.78431374,0.019607844,-0.13675351,0.5040591709348626,1.1362189,0.5189518777728303,-0.25497034,0.7970488537127884,0.24816501,0.6066866341401604,0.003953300806827,-0.0997659413933849,-0.6292970953949512
0.54901963,0.4509804,0.0,0.19607843,0.8039216,0.0,-0.0990129,0.5049629089079505,1.1860167,0.5215506032795746,-0.6054602,0.7916803343826277,0.16051453,0.6060646155233843,0.0033312821900509,-0.217155500378758,-1.1017239603135676
0.54901963,0.4509804,0.0,0.21568628,0.6862745,0.09803922,-0.1857283,0.5028864193271725,0.96012855,0.5097625008524361,0.7688997,0.8127316629496713,0.5144333,0.6084601943764266,0.0057268610430932,0.2542350171300215,-0.482807606492473
0.54901963,0.4509804,0.0,0.21568628,0.7058824,0.078431375,-0.17424287,0.5031614497222279,0.9891584,0.5112774401090022,0.63445675,0.8106723754330237,0.4831241,0.6083704217547513,0.0056370884214179,0.2127513190882773,-0.4682373984133062
0.54901963,0.4509804,0.0,0.21568628,0.7254902,0.05882353,-0.16236447,0.5034458902706855,1.0165584,0.5127073257785292,0.48913318,0.8084464269725731,0.4477757,0.6081998810072625,0.0054665476739292,0.1657554494881714,-0.4531686712773621
0.54901963,0.4509804,0.0,0.21568628,0.74509805,0.039215688,-0.11969794,0.5044675841527093,1.0787705,0.5159539005758432,0.094468445,0.8024012731759916,0.35118034,0.6076075859681814,0.004874252634848,0.0366157878287424,-0.3990426811252542
0.54901963,0.4509804,0.0,0.21568628,0.7647059,0.019607844,-0.08404782,0.5053212631569716,1.1362725,0.5189546772253001,-0.28475562,0.7965926270595342,0.25582305,0.6069561891472687,0.0042228558139352,-0.090835350401345,-0.6694447998613118
0.54901963,0.4509804,0.0,0.21568628,0.78431374,0.0,-0.04578427,0.5062375232317536,1.1859703,0.5215481833084396,-0.63931507,0.7911617734121889,0.166957,0.606315826650794,0.0035824933174606,-0.2098807031652603,-1.147357051761572
0.54901963,0.4509804,0.0,0.23529412,0.60784316,0.15686275,-0.08813415,0.5052234117631705,0.9066529,0.5069718448843598,0.86361426,0.8141824239743248,0.56071097,0.6087925602072851,0.0060592268739516,0.3121501937902822,-0.3590014138530251
0.54901963,0.4509804,0.0,0.23529412,0.6862745,0.078431375,-0.1029342,0.5048690093361169,0.98399323,0.5110078932726926,0.61676353,0.8104013650382139,0.49927416,0.6087594225490078,0.0060260892156744,0.2324528424508467,-0.3777764918035676
0.54901963,0.4509804,0.0,0.23529412,0.7058824,0.05882353,-0.097914524,0.5049892105578955,1.0128293,0.5125127202848371,0.46694773,0.808106608351106,0.46062085,0.6085361797312795,0.0058028463979461,0.1812340924070008,-0.3714086253998149
0.54901963,0.4509804,0.0,0.23529412,0.7254902,0.039215688,-0.06331648,0.5058176963848937,1.0740274,0.5157063792094657,0.08383991,0.8022384738904302,0.36485028,0.6079208498282632,0.0051875164949298,0.0533838432396105,-0.327518164174342
0.54901963,0.4509804,0.0,0.23529412,0.74509805,0.019607844,-0.029107738,0.5066368599263146,1.1327573,0.5187712322154544,-0.30167827,0.7963334196123569,0.26732376,0.6072471705847087,0.0045138372513752,-0.0769098595846504,-0.6922549182761836
0.54901963,0.4509804,0.0,0.23529412,0.7647059,0.0,0.0007847296,0.5073526658612257,1.1850609,0.5215007232575676,-0.6676903,0.7907271450210125,0.17271845,0.6065268447132687,0.0037935113799352,-0.2033781544021429,-1.185604120575223
0.54901963,0.4509804,0.0,0.25490198,0.54901963,0.19607843,0.02659665,0.5079707588945164,0.86310965,0.5046995137620792,0.8801756,0.8144360969638481,0.58996063,0.6090354565401479,0.0063021232068145,0.3470096358307306,-0.2134559756430059
0.54901963,0.4509804,0.0,0.25490198,0.5686275,0.1764706,0.016154658,0.5077207146297997,0.8801627,0.5055894379287212,0.8696255,0.8142744993823262,0.5886476,0.6091948839802824,0.006461550646949,0.3461161774272132,-0.2267025005050673
0.54901963,0.4509804,0.0,0.25490198,0.5882353,0.15686275,0.006607239,0.5074920918494203,0.89284027,0.5062510231994096,0.85949945,0.8141193967087141,0.58631563,0.6092875039191813,0.006554170585848,0.3436715754991124,-0.2388141854011838
0.54901963,0.4509804,0.0,0.25490198,0.60784316,0.13725491,-0.008029929,0.5071415897725223,0.91080683,0.5071886189311102,0.8302271,0.8136710262098826,0.577668,0.6093337449711718,0.0066004116378383,0.3330347783546727,-0.2573826355957735
0.54901963,0.4509804,0.0,0.25490198,0.627451,0.11764706,-0.021637943,0.5068157318773951,0.92726964,0.5080477397890758,0.79886216,0.8131906038791717,0.56816465,0.6093513585152142,0.0066180251818808,0.3211644141456344,-0.2746455178866061
0.54901963,0.4509804,0.0,0.25490198,0.6666667,0.078431375,-0.025350954,0.5067268199865966,0.977552,0.510671753683131,0.60104614,0.8101606188691988,0.5177491,0.6091863975129755,0.0064530641796421,0.25507712092861,-0.2793557781812388
0.54901963,0.4509804,0.0,0.25490198,0.6862745,0.05882353,-0.023146655,0.5067796041960793,1.0075531,0.5122373785819149,0.44679087,0.8077978619387763,0.4770658,0.6089382815722568,0.0062049482389234,0.2012376569316106,-0.2765594439240695
0.54901963,0.4509804,0.0,0.25490198,0.7058824,0.039215688,0.00060735364,0.5073484184108609,1.0681776,0.5154011020281327,0.07492609,0.802101939313117,0.38123703,0.6082838199173702,0.0055504865840368,0.0735754814785641,-0.2464255328482157
0.54901963,0.4509804,0.0,0.25490198,0.7254902,0.019607844,0.029646922,0.5080438007856874,1.1281024,0.5185283143931384,-0.31618908,0.7961111548069655,0.28052008,0.6075610899952638,0.0048277566619304,-0.0608398440671221,-0.7118141037303384
0.54901963,0.4509804,0.0,0.25490198,0.74509805,0.0,0.0473683,0.5084681574196284,1.1804963,0.5212625209574119,-0.68566054,0.7904518911159463,0.1807347,0.6067275231643289,0.0039941898309954,-0.1939653726658618,-1.209826318807142
0.54901963,0.4509804,0.0,0.27450982,0.54901963,0.1764706,0.10480636,0.5098435710358499,0.86169297,0.5046255833328536,0.8685684,0.8142583077613281,0.61168927,0.6095758207100105,0.0068424873766771,0.3741799481674423,-0.1142405322483805
0.54901963,0.4509804,0.0,0.27450982,0.5686275,0.15686275,0.09042821,0.5094992713569108,0.8778415,0.5054683025098486,0.8588657,0.8141096890399194,0.6090451,0.609692420968893,0.0069590876355595,0.3715644934891222,-0.1324803997463822
0.54901963,0.4509804,0.0,0.27450982,0.5882353,0.13725491,0.07307409,0.5090837089987452,0.89880735,0.5065624187396406,0.82938766,0.8136581687755147,0.60042304,0.6097680988379669,0.0070347655046334,0.3611395750074154,-0.1544955302090415
0.54901963,0.4509804,0.0,0.27450982,0.60784316,0.11764706,0.05852486,0.508735312716641,0.9160461,0.507462032122331,0.7961766,0.8131494688537592,0.5902492,0.6097822712309103,0.007048937897577,0.3484176764398778,-0.1729524223036221
0.54901963,0.4509804,0.0,0.27450982,0.627451,0.09803922,0.050024595,0.5085317651610065,0.93519676,0.5084614211015491,0.7378646,0.8122562930255351,0.574362,0.6097498264293636,0.0070164930960302,0.3279020904793144,-0.1837357040532721
0.54901963,0.4509804,0.0,0.27450982,0.64705884,0.078431375,0.044520203,0.5083999568225883,0.9679664,0.5101715226317985,0.59845656,0.8101209537343871,0.53698105,0.609564144396258,0.0068308110629246,0.2788151485276411,-0.190718477418869
0.54901963,0.4509804,0.0,0.27450982,0.6666667,0.05882353,0.04348832,0.5083752473197873,1.0011162,0.5119014629485509,0.43845883,0.8076702384591091,0.4943544,0.6093156495758159,0.0065823162424824,0.2225526684546933,-0.1920275058165139
0.54901963,0.4509804,0.0,0.27450982,0.6862745,0.039215688,0.060044188,0.5087716946348103,1.0610406,0.5150286566505401,0.078563705,0.8021576572966465,0.39988282,0.6086526695273323,0.0059193361939989,0.0968855172439979,-0.1797250789457173
0.54901963,0.4509804,0.0,0.27450982,0.7058824,0.019607844,0.0824914,0.5093092161956916,1.1212869,0.5181726408463428,-0.31818524,0.7960805792565157,0.2951977,0.60785414543285,0.0051208120995166,-0.0426930067383307,-0.7145047360171632
0.54901963,0.4509804,0.0,0.27450982,0.7254902,0.0,0.08936953,0.5094739201067681,1.1743264,0.5209405403763422,-0.6895472,0.7903923587206586,0.19138293,0.6069356064012563,0.0042022730679229,-0.180940302574534,-1.2150651381420825
0.54901963,0.4509804,0.0,0.29411766,0.5294118,0.1764706,0.19071542,0.5119007518182412,0.8421529,0.5036058734392072,0.8691081,0.8142665738417632,0.63399214,0.6099243996997371,0.0071910663664038,0.4012828101115881,-0.0052578430809912
0.54901963,0.4509804,0.0,0.29411766,0.54901963,0.15686275,0.17301108,0.5114768032121486,0.8606229,0.5045697404770858,0.86045074,0.8141339677981492,0.63136154,0.6100601704957945,0.0073268371624611,0.3988553035561828,-0.0277172494473253
0.54901963,0.4509804,0.0,0.29411766,0.5686275,0.13725491,0.15145929,0.5109607234522514,0.883969,0.5057880715234672,0.8302435,0.8136712781911285,0.6218906,0.610140024388949,0.0074066910556156,0.3874809584499276,-0.055057462101401
0.54901963,0.4509804,0.0,0.29411766,0.5882353,0.11764706,0.13229527,0.5105018211146644,0.9039576,0.5068311879502642,0.79713094,0.8131640865049462,0.6111279,0.6101656985232916,0.0074323651899582,0.3741841933476288,-0.079368602494858
0.54901963,0.4509804,0.0,0.29411766,0.60784316,0.09803922,0.11995982,0.5102064360710925,0.92355317,0.5078537937219655,0.7440495,0.812351027931251,0.5958541,0.6101370859081031,0.0074037525747696,0.3546124987069493,-0.0950171330779919
0.54901963,0.4509804,0.0,0.29411766,0.627451,0.078431375,0.109794214,0.5099630102607154,0.9568179,0.5095897341985115,0.6073036,0.8102564657791085,0.5579719,0.6099364034127784,0.0072030700794451,0.3049905299436721,-0.1079130339413105
0.54901963,0.4509804,0.0,0.29411766,0.64705884,0.05882353,0.10483014,0.5098441403479897,0.9920053,0.5114260070515765,0.43978816,0.8076906000958337,0.5122078,0.6096535824984667,0.0069202491651333,0.2446747655005209,-0.1142103719588666
0.54901963,0.4509804,0.0,0.29411766,0.6666667,0.039215688,0.115836844,0.5101077072479263,1.0528166,0.5145994819238976,0.08913411,0.8023195662028236,0.41926253,0.6090089184582158,0.0062755851248825,0.1212428025456959,-0.1654771807369952
0.54901963,0.4509804,0.0,0.29411766,0.6862745,0.019607844,0.12410681,0.5103057400939889,1.1137652,0.5177801202840387,-0.311172,0.796188002239639,0.3089,0.6080912875392223,0.0053579542058888,-0.0255886611511757,-0.7050515702528022
0.54901963,0.4509804,0.0,0.3137255,0.5294118,0.15686275,0.24900462,0.5132965467555473,0.8430839,0.5036544594920725,0.86124665,0.8141461587603813,0.6511118,0.6103657216693338,0.0076323883360003,0.4228499495787189,0.0686867937228818
0.54901963,0.4509804,0.0,0.3137255,0.54901963,0.13725491,0.22838438,0.5128027738263772,0.86608225,0.5048546407549411,0.82986,0.8136654031936026,0.64144224,0.610440939258307,0.0077076059249736,0.4111710811944682,0.0425283237820634
0.54901963,0.4509804,0.0,0.3137255,0.5686275,0.11764706,0.20732762,0.5122985481050881,0.88807636,0.5060024162675744,0.79749316,0.8131696346572329,0.6309657,0.6104901996766318,0.0077568663432984,0.3983807056568587,0.0158160992056852
0.54901963,0.4509804,0.0,0.3137255,0.5882353,0.09803922,0.1898777,0.5118806919060631,0.90821415,0.5070533182827403,0.753456,0.812495109164283,0.6171826,0.6104763731176955,0.0077430397843621,0.3809726244246054,-0.0063205514206505
0.54901963,0.4509804,0.0,0.3137255,0.60784316,0.078431375,0.17474721,0.5115183767360711,0.94314,0.5088759422497634,0.62209916,0.8104830918685997,0.57999545,0.6102924702848115,0.007559136951478,0.3324772860578452,-0.0255148205339191
0.54901963,0.4509804,0.0,0.3137255,0.627451,0.05882353,0.16417465,0.5112652057148808,0.9805111,0.5108261777023727,0.45083362,0.8078597854169731,0.5318398,0.6099837229447422,0.0072503896114088,0.2691630412256174,-0.0389269906964792
0.54901963,0.4509804,0.0,0.3137255,0.64705884,0.039215688,0.15878879,0.511136235730218,1.0422254,0.5140467704702639,0.11105782,0.802655375720501,0.43735734,0.6092794606403277,0.0065461273069943,0.1441243709675853,-0.1359261205862203
0.54901963,0.4509804,0.0,0.33333334,0.50980395,0.15686275,0.29402658,0.5143746441093757,0.8282429,0.5028799723032756,0.8679576,0.814248951588112,0.66340905,0.6105011893335878,0.0077678560002544,0.4377127287679454,0.1258008547768122
0.54901963,0.4509804,0.0,0.33333334,0.5294118,0.13725491,0.27074984,0.5138172584432964,0.8542782,0.5042386399019699,0.8355587,0.8137526918709079,0.6535289,0.6106028634053914,0.007869530072058,0.425927159177045,0.0962723907192839
0.54901963,0.4509804,0.0,0.33333334,0.54901963,0.11764706,0.24984612,0.5133166973009335,0.87684584,0.5054163446720085,0.8001531,0.8132103771031682,0.6422817,0.6106478063587034,0.00791447302537,0.4121140168191681,0.0697543035125827
0.54901963,0.4509804,0.0,0.33333334,0.5686275,0.09803922,0.2332777,0.512919949361982,0.8959021,0.5064108066148797,0.7592916,0.8125844940334018,0.62949044,0.6106384166700879,0.0079050833367545,0.3959815203712343,0.0487358992582462
0.54901963,0.4509804,0.0,0.33333334,0.5882353,0.078431375,0.21863385,0.5125692873388811,0.9289017,0.5081329084647165,0.63671523,0.8107069689887745,0.5947502,0.6104697215974574,0.007736388264124,0.3507037806398488,0.0301589756385357
0.54901963,0.4509804,0.0,0.3529412,0.49019608,0.15686275,0.3406511,0.5154911160630692,0.8074375,0.5017942295468713,0.8689846,0.8142646821564681,0.67235774,0.6105166759221362,0.0077833425888028,0.4478095974177156,0.1849478762418098
0.54901963,0.4509804,0.0,0.3529412,0.50980395,0.13725491,0.30988866,0.5147544778934824,0.8410098,0.5035462202175777,0.8421475,0.8138536140117806,0.66434866,0.6107181040409468,0.0079847707076135,0.4390092450639865,0.1459232025951939
0.54901963,0.4509804,0.0,0.3529412,0.5294118,0.11764706,0.28701833,0.514206824235741,0.8651172,0.5048042786050088,0.80731755,0.8133201167616952,0.65315104,0.610777073200815,0.0080437398674816,0.4253691635507797,0.1169103084130754
0.54901963,0.4509804,0.0,0.3529412,0.54901963,0.09803922,0.26592064,0.5137016183198746,0.8848787,0.5058355440163501,0.76962006,0.8127426971719088,0.64013976,0.6107599531693778,0.0080266198360445,0.4090846947769576,0.0901461563435639
0.54901963,0.4509804,0.0,0.37254903,0.47058824,0.15686275,0.38488114,0.5165502500238082,0.7872675,0.5007416478602235,0.86732715,0.8142392950459468,0.6798253,0.6105103976433263,0.0077770643099928,0.4559957018501965,0.2410573189402117
0.54901963,0.4509804,0.0,0.37254903,0.49019608,0.13725491,0.35087326,0.5157358963760367,0.8229825,0.5026054548835807,0.8473187,0.8139328219426831,0.67372483,0.6107580577341002,0.0080247244007668,0.4499292052020242,0.197915534208856
0.54901963,0.4509804,0.0,0.37254903,0.5294118,0.09803922,0.29876128,0.5144880212571842,0.87273055,0.5052015862310363,0.7787618,0.8128827229676431,0.65008456,0.6108574434852878,0.0081241101519545,0.4211933304834623,0.1318072041283411
0.54901963,0.4509804,0.0,0.37254903,0.54901963,0.078431375,0.27763185,0.5139820553069347,0.90324634,0.5067940703210169,0.6766724,0.8113190003938223,0.61918354,0.6106983753405913,0.0079650420072579,0.3811745156837893,0.1050027879305496
0.54901963,0.4509804,0.0,0.39215687,0.4509804,0.15686275,0.4327069,0.5176954869595417,0.76071054,0.4993557571415114,0.8719074,0.8143094517374597,0.6884416,0.6104535652795042,0.0077202319461709,0.4654103906094269,0.2048765448661884
0.54901963,0.4509804,0.0,0.39215687,0.47058824,0.13725491,0.39559913,0.5168069032870375,0.7985486,0.5013303571621165,0.8560497,0.8140665564240505,0.68339914,0.6107346056244015,0.0080012722910681,0.4609266324567564,0.2546539668623271
0.54901963,0.4509804,0.0,0.39215687,0.49019608,0.11764706,0.359338,0.5159385929072565,0.8356118,0.5032645237575489,0.8265397,0.8136145458917868,0.67382985,0.6109392208521974,0.008205887518864,0.4502914776463134,0.208653731476848
0.54901963,0.4509804,0.0,0.39215687,0.50980395,0.09803922,0.32847846,0.5151996296747405,0.86053574,0.5045651929220737,0.7886566,0.8130342832962046,0.6592236,0.610933035297673,0.0081997019643396,0.4322969091825532,0.1695058836237283
0.54901963,0.4509804,0.0,0.39215687,0.5294118,0.078431375,0.30392945,0.5146117784050863,0.88926274,0.5060643277141962,0.70115143,0.8116939503136265,0.63144785,0.6107900188109697,0.0080566854776363,0.3965181394007733,0.1383634518327275
0.54901963,0.4509804,0.0,0.4117647,0.4509804,0.13725491,0.44142756,0.5179043122938418,0.769236,0.4998006647910344,0.8672741,0.8142384824977265,0.69264585,0.6106478198608676,0.0079144865275342,0.4711468689937461,0.2172683544739859
0.54901963,0.4509804,0.0,0.4117647,0.47058824,0.11764706,0.4020423,0.5169611916940667,0.8112791,0.5019947076697445,0.83986336,0.813818626963577,0.6843949,0.6109248421091295,0.008191508775796,0.4625465936043981,0.2628276605159562
0.54901963,0.4509804,0.0,0.4117647,0.49019608,0.09803922,0.36510098,0.5160765937417773,0.8414846,0.5035709984824385,0.80500394,0.8132846787035806,0.67052984,0.6109774236425988,0.0082440903092654,0.4458977422353649,0.2159645629711677
0.54901963,0.4509804,0.0,0.4117647,0.50980395,0.078431375,0.33355677,0.5153212351760093,0.8711566,0.5051194471850685,0.7290091,0.8121206513382887,0.64457417,0.6108537778997888,0.0081204445664554,0.4127904164469712,0.1759481441480597
0.54901963,0.4509804,0.0,0.4117647,0.5294118,0.05882353,0.31069118,0.5147736949881899,0.91441846,0.5073770936238934,0.55286825,0.8094226689662832,0.5926593,0.6105244858594555,0.0077911525261221,0.344941512791573,0.1469412612301658
0.54901963,0.4509804,0.0,0.4117647,0.54901963,0.039215688,0.28615052,0.5141860435397819,0.9703763,0.5102972864787546,0.28154474,0.8052667559727986,0.51269054,0.609916695330445,0.0071833619971117,0.2397697809075379,0.0938739620496744
0.54901963,0.4509804,0.0,0.43137255,0.43137255,0.13725491,0.48529842,0.5189548453772258,0.73537743,0.4980337343756473,0.87575305,0.8143683560055837,0.6988096,0.6104523119194856,0.0077189785861522,0.4771032324840125,0.1680548484324979
0.54901963,0.4509804,0.0,0.43137255,0.4509804,0.11764706,0.44621885,0.5180190446578881,0.7831744,0.5005280465262721,0.8507426,0.8139852659959674,0.6933786,0.6108441190600425,0.0081107857267092,0.4724984213978846,0.2375277858074758
0.54901963,0.4509804,0.0,0.43137255,0.47058824,0.09803922,0.40414906,0.5170116401359106,0.82005346,0.5024526016682248,0.8208515,0.81352741881115,0.6816847,0.6109972202050952,0.0082638868717617,0.4591465742159091,0.2655002534662262
0.54901963,0.4509804,0.0,0.43137255,0.49019608,0.078431375,0.36614674,0.516101635625812,0.850832,0.5040587968543021,0.7600967,0.812596826506841,0.6590252,0.610919086328985,0.0081857529956516,0.430691886318616,0.2172911998361841
0.54901963,0.4509804,0.0,0.43137255,0.50980395,0.05882353,0.34049982,0.5154874935893342,0.89683187,0.5064593273471875,0.5912575,0.8100106845500535,0.60952973,0.6106525018288584,0.007919168495525,0.3662740607690772,0.1847559694670357
0.54901963,0.4509804,0.0,0.43137255,0.5294118,0.039215688,0.31263822,0.5148203189941106,0.9517935,0.5093275312591811,0.33714557,0.8061184041961329,0.5338591,0.6100887514831416,0.0073554181498081,0.2669485399790541,0.1494112481114781
0.54901963,0.4509804,0.0,0.4509804,0.4117647,0.13725491,0.5212698,0.519816216964232,0.69456035,0.4959036714278839,0.8846057,0.8145039538700047,0.70014524,0.6100746140873735,0.0073412807540401,0.4765157360472467,0.1087271777808284
0.54901963,0.4509804,0.0,0.4509804,0.43137255,0.11764706,0.48263067,0.5188909632384578,0.74984556,0.4987887622592761,0.86595297,0.8142182463951371,0.6994764,0.6106326572976236,0.0078993239642903,0.4785817705905202,0.1890842953133006
0.54901963,0.4509804,0.0,0.4509804,0.4509804,0.09803922,0.44018775,0.5178746238521853,0.7936923,0.5010769289510276,0.83717614,0.8137774663748496,0.690352,0.6109096730593542,0.0081763397260208,0.4689486127841644,0.2528155573527136
0.54901963,0.4509804,0.0,0.4509804,0.47058824,0.078431375,0.3986786,0.5168806444633643,0.828289,0.502882376721897,0.7924351,0.8130921595538835,0.67313427,0.6109517269130483,0.0082183935797149,0.4480559150943876,0.2585605324725336
0.54901963,0.4509804,0.0,0.4509804,0.49019608,0.05882353,0.3681551,0.516149727604245,0.8777568,0.505463882485449,0.63222456,0.810638184499481,0.62604547,0.6107505981963918,0.0080172648630583,0.3871330535935695,0.2198389550854427
0.54901963,0.4509804,0.0,0.4509804,0.50980395,0.039215688,0.34058574,0.5154895510345229,0.9307398,0.5082288332588468,0.39700484,0.8070352799561016,0.55611014,0.6102512214164905,0.007517888083157,0.295460795591959,0.18486496616358
0.54901963,0.4509804,0.0,0.4509804,0.5294118,0.019607844,0.30111015,0.5145442673697576,1.009837,0.5123565668260696,-0.053935718,0.8001281387736303,0.4190038,0.6090096576564857,0.0062763243231524,0.1144824874731964,-0.3583216367966277
0.54901963,0.4509804,0.0,0.47058824,0.4117647,0.11764706,0.51796204,0.5197370092495265,0.711935,0.4968103767568312,0.88427716,0.8144989215488916,0.7047247,0.6103487691850831,0.0076154358517497,0.4833874170560467,0.1339812272869162
0.54901963,0.4509804,0.0,0.47058824,0.43137255,0.09803922,0.47219995,0.5186411888216295,0.7618028,0.4994127571043,0.854613,0.8140445500619112,0.6962052,0.6106994986626136,0.0079661653292802,0.4748692468308604,0.2064641388023357
0.54901963,0.4509804,0.0,0.47058824,0.47058824,0.05882353,0.3949763,0.5167919887719493,0.8560826,0.504332804151547,0.6752654,0.8112974486934963,0.64210814,0.6108074138723308,0.0080740805389975,0.4073118476356899,0.2538638447807632
0.54901963,0.4509804,0.0,0.47058824,0.49019608,0.039215688,0.36690784,0.5161198607507615,0.9093734,0.5071138144506134,0.46096253,0.8080149319134107,0.57908124,0.6104162023715952,0.0076828690382618,0.3249756242528072,0.218256707167583
0.54901963,0.4509804,0.0,0.47058824,0.50980395,0.019607844,0.32661882,0.5151550987963739,0.9893468,0.5112872724081768,0.00734267,0.8010667513397134,0.44110277,0.6091697075147547,0.0064363741814213,0.1428740494452249,-0.275724226841028
0.54901963,0.4509804,0.0,0.49019608,0.4117647,0.09803922,0.5043826,0.519411835853675,0.72764236,0.497630075103016,0.87352264,0.8143341924613068,0.70184916,0.6104587011393326,0.0077253678059992,0.4804234141550456,0.1568119110313716
0.54901963,0.4509804,0.0,0.49019608,0.43137255,0.078431375,0.45705426,0.5182785096915106,0.7739875,0.5000486216277961,0.8450188,0.81389759386894,0.6920202,0.610741575062749,0.0080082417294155,0.4700575222811256,0.2241745830259033
0.54901963,0.4509804,0.0,0.49019608,0.49019608,0.019607844,0.35121268,0.5157440241052266,0.9698004,0.5102672328012395,0.069990575,0.8020263410592102,0.46366787,0.6093458659885588,0.0066125326552254,0.171951390057959,-0.1912808384670395
0.54901963,0.4509804,0.0,0.50980395,0.4117647,0.078431375,0.48756838,0.5190092017517278,0.7415262,0.4983546107282428,0.86467415,0.8141986585051728,0.6979229,0.6105208236617145,0.0077874903283811,0.4760644173325148,0.1769920709623215
0.54901963,0.4509804,0.0,0.50980395,0.43137255,0.05882353,0.4459506,0.5180126211184695,0.8017229,0.501496010096265,0.7628195,0.8126385321419589,0.67016435,0.6107157211188977,0.0079823877855644,0.44186778192783,0.2644880331295791
0.54901963,0.4509804,0.0,0.5294118,0.39215687,0.078431375,0.5198445,0.5197820860680836,0.7077907,0.4965941035010225,0.8874792,0.8145479675072587,0.7050381,0.6103080523587883,0.0075747190254549,0.4836141771084434,0.127957467047881
0.54901963,0.4509804,0.0,0.5294118,0.43137255,0.039215688,0.43803507,0.51782307567984,0.8345943,0.5032114243652016,0.64473814,0.8108298573208631,0.6391225,0.6106214524553016,0.0078881191219682,0.4013926906148142,0.308487446629011
0.54901963,0.4509804,0.0,0.54901963,0.37254903,0.078431375,0.55565834,0.5206396860290674,0.66947013,0.4945943239607026,0.9121489,0.8149258380357786,0.71242577,0.6100532826751829,0.0073199493418495,0.4912762747830504,0.0722585206535391
0.54901963,0.4509804,0.0,0.54901963,0.4117647,0.039215688,0.46512282,0.5184717197090662,0.80166763,0.5014931266602211,0.6988353,0.8116584739105396,0.6552086,0.6105411067599423,0.0078077734266089,0.4211999884600783,0.2644077221020861
0.54901963,0.4509804,0.0,0.5686275,0.37254903,0.05882353,0.53816664,0.5202208292965167,0.6917055,0.4957546907884446,0.9035869,0.8147946927530101,0.71115303,0.6102567376126572,0.0075234042793237,0.4908058735142636,0.1045776880582795
0.54901963,0.4509804,0.0,0.5686275,0.39215687,0.039215688,0.4963472,0.5192194194119257,0.76498526,0.4995788361773245,0.7541032,0.8125050222525716,0.6718119,0.6104344259472739,0.0077010926139406,0.4414628636444628,0.2110898633880225
0.54901963,0.4509804,0.0,0.5882353,0.3529412,0.05882353,0.57926613,0.521204998889443,0.6525715,0.493712459106671,0.939932,0.8153513969280546,0.7239232,0.6100896183080562,0.0073562849747228,0.5055546745852456,0.0476963415525849
0.54901963,0.4509804,0.0,0.60784316,0.33333334,0.05882353,0.6167786,0.5221032738923888,0.61276764,0.4916352715950573,0.96933955,0.8158018380553848,0.73296195,0.609846794514277,0.0071134611809435,0.5153451041816254,-0.0101586137200631
0.54901963,0.4509804,0.0,0.60784316,0.3529412,0.039215688,0.57176894,0.5210254709180747,0.6858782,0.495450589377149,0.8782708,0.8144069210048835,0.71197265,0.6102943271000357,0.0075609937667024,0.4908170624191257,0.096107690308682
0.54901963,0.4509804,0.0,0.627451,0.3137255,0.05882353,0.6514053,0.5229324449992143,0.57489043,0.4896586279741492,0.9972972,0.8162300710529838,0.74119765,0.6096070480087824,0.0068737146754491,0.5241972676698864,-0.0652131659153838
0.54901963,0.4509804,0.0,0.627451,0.33333334,0.039215688,0.6088851,0.5219142558391197,0.6416263,0.4931412774877419,0.94026613,0.8153565150688674,0.7302592,0.610137349465243,0.0074040161319096,0.5129265543554542,0.0317874807343189
0.54901963,0.4509804,0.0,0.64705884,0.3137255,0.039215688,0.64153147,0.522696006509629,0.60498315,0.491229033715651,0.97462547,0.8158828034641796,0.74038,0.6099359478964865,0.0072026145631532,0.5244154990533415,-0.0214733718782462
0.54901963,0.4509804,0.0,0.64705884,0.33333334,0.019607844,0.6025167,0.521761757973186,0.69777584,0.4960714737194286,0.7110907,0.8118461917219323,0.670461,0.6098931411381824,0.0071598078048489,0.4344692146651756,0.1134008983851033
0.54901963,0.4509804,0.0,0.6666667,0.29411766,0.039215688,0.6761333,0.5235245824345999,0.56835365,0.4893175022486886,1.0014559,0.8162937702685835,0.74864763,0.609711951650624,0.0069786183172906,0.5333551933517651,-0.074714384981323
0.54901963,0.4509804,0.0,0.6666667,0.3137255,0.019607844,0.63879925,0.522630580751734,0.65360886,0.4937665942964321,0.7913804,0.8130760044519065,0.6945961,0.6098243931666909,0.0070910598333575,0.4644870470050686,0.0492041442737149
0.54901963,0.4509804,0.0,0.6666667,0.33333334,0.0,0.5954522,0.521592590733434,0.7655916,0.4996104793217419,0.35839334,0.8064438603430731,0.5731457,0.609215643466083,0.0064823101327496,0.3058712394363077,0.1974585247812661
0.54901963,0.4509804,0.0,0.6862745,0.27450982,0.039215688,0.7125986,0.5243977827257347,0.5295916,0.4872946832145419,1.0291982,0.8167187037726226,0.7571295,0.6094703899042998,0.0067370565709663,0.5424593786248039,-0.131055039876895
0.54901963,0.4509804,0.0,0.6862745,0.29411766,0.019607844,0.67655534,0.5235346891077746,0.6104163,0.4915125653722988,0.8691279,0.8142668778626142,0.7186999,0.6097713774475625,0.0070380441142292,0.4944578761251882,-0.0135762941122636
0.54901963,0.4509804,0.0,0.6862745,0.3137255,0.0,0.63160366,0.5224582748911217,0.72018886,0.4972411098453486,0.45007515,0.8078481678033729,0.6006226,0.6091825175132811,0.0064491841799477,0.3403533911889722,0.1459782393194327
0.54901963,0.4509804,0.0,0.7058824,0.25490198,0.039215688,0.7534192,0.5253752740071536,0.4860082,0.4850202571686631,1.0574496,0.8171514359136262,0.76562566,0.6091823223631475,0.0064489890298142,0.5512980223171072,-0.1944035899810884
0.54901963,0.4509804,0.0,0.7058824,0.27450982,0.019607844,0.71269417,0.5244000706790038,0.56528294,0.4891572553683096,0.9443298,0.8154187590014748,0.74076897,0.6096586950162627,0.0069253616829293,0.521660754242776,-0.079177668168359
0.54901963,0.4509804,0.0,0.7058824,0.29411766,0.0,0.6679233,0.5233279854469208,0.67519647,0.4948931561803495,0.54965985,0.8093735253195345,0.63092655,0.6091982223156016,0.0064648889822682,0.378656253323401,0.0805817580141688
0.54901963,0.4509804,0.0,0.7254902,0.25490198,0.019607844,0.7503921,0.5253027859954994,0.52213824,0.48690572417788,1.0072356,0.8163822996796322,0.759922,0.6095302699510038,0.0067969366176705,0.5449617864310198,-0.1418885383180087
0.54901963,0.4509804,0.0,0.7254902,0.27450982,0.0,0.7064837,0.5242513551438021,0.6292167,0.492493673926889,0.644752,0.8108300700441613,0.6601508,0.6091916997049508,0.0064583663716174,0.4154097800297422,0.0137500744635453
0.54901963,0.4509804,0.0,0.74509805,0.23529412,0.019607844,0.78690904,0.5261772223237715,0.48387706,0.4849090426982933,1.0601469,0.8171927517081934,0.7769777,0.6094263389100861,0.0066930055767527,0.5656389400564535,-0.1975011958413873
0.54901963,0.4509804,0.0,0.74509805,0.25490198,0.0,0.7472784,0.525228225552063,0.5878412,0.4903344717894173,0.75899565,0.8125799611099028,0.6980384,0.6093808861504612,0.0066475528171277,0.463943649261712,-0.0463891967334898
0.54901963,0.4509804,0.0,0.7647059,0.21568628,0.019607844,0.8242699,0.5270718662892145,0.44867867,0.4830721944022206,1.1204697,0.8181167267658718,0.7978061,0.609420262485769,0.0066869291524356,0.5914868475457326,-0.2486620926876075
0.54901963,0.4509804,0.0,0.7647059,0.23529412,0.0,0.78221303,0.5260647714901687,0.54866374,0.4882899725511431,0.8725829,0.8143197984891244,0.7344866,0.6095581808434788,0.0068248475101453,0.5107695579222199,-0.1033337004549798
0.54901963,0.4509804,0.0,0.78431374,0.19607843,0.019607844,0.86850864,0.5281312086349674,0.40534458,0.4808107795893211,1.177485,0.8189900408114731,0.81711274,0.6093106763452538,0.0065773430119205,0.6148153484555183,-0.3116482468608374
0.54901963,0.4509804,0.0,0.78431374,0.21568628,0.0,0.81601924,0.5268742958866075,0.50921357,0.4862312427628139,0.9724917,0.8158501198532345,0.7659082,0.6096518861675521,0.0069185528342186,0.5508404104862997,-0.1606745611891778
0.54901963,0.4509804,0.0,0.8039216,0.1764706,0.019607844,0.9090536,0.5291021001060827,0.35911024,0.4783980139338912,1.2311951,0.8198127285380674,0.8331197,0.6091042808593471,0.0063709475260137,0.6336917052303017,-0.378849906941028
0.54901963,0.4509804,0.0,0.8039216,0.19607843,0.0,0.8545463,0.5277968662985039,0.46249592,0.4837932555958821,1.0564853,0.8171366657955259,0.79117584,0.6095755958966372,0.0068422625633039,0.5822357350906439,-0.2285787045125472
0.54901963,0.4509804,0.0,0.8235294,0.15686275,0.019607844,0.9445457,0.5299519941034356,0.3098899,0.4758294229777333,1.2841542,0.8206239127730025,0.8461966,0.6088017766180571,0.0060684432847238,0.6486472348855697,-0.4503916979692226
0.54901963,0.4509804,0.0,0.8235294,0.1764706,0.0,0.89174557,0.5286876408682434,0.41183746,0.4811496144295106,1.1235607,0.8181640718508293,0.8090479,0.6093337757161944,0.006600442382861,0.6035588598603501,-0.3022108347762883
0.54901963,0.4509804,0.0,0.84313726,0.13725491,0.019607844,0.9803688,0.5308098152950849,0.25670168,0.4730537642986384,1.3262213,0.8212682635117596,0.8544306,0.608377281035161,0.0056439477018276,0.6569265427027308,-0.5277008517328236
0.54901963,0.4509804,0.0,0.84313726,0.15686275,0.0,0.92817324,0.529559939109181,0.3604693,0.4784689380622145,1.1854643,0.8191122608454748,0.82470226,0.6090470460056234,0.0063137126722901,0.6218881848580565,-0.3768744895803152
0.54901963,0.4509804,0.0,0.8627451,0.13725491,0.0,0.9659991,0.5304657188272167,0.30966753,0.4758178176919945,1.2452235,0.8200276046325067,0.84029675,0.608770380383906,0.0060370470505726,0.6401197057195828,-0.4507149346936845
0.5686275,0.3529412,0.078431375,0.29411766,0.64705884,0.05882353,0.49056834,0.5190810389170372,0.8146606,0.5021711727114321,0.61286813,0.8103416984355236,0.6393657,0.6105313033546643,0.0077979700213309,0.399629819669554,0.2832930291561106
0.5686275,0.3529412,0.078431375,0.33333334,0.60784316,0.05882353,0.52841336,0.5199872767966446,0.77985805,0.5003549812640841,0.63482636,0.810678036794276,0.6476993,0.6103400982850015,0.0076067649516681,0.4086370052422785,0.2327074780850584
0.5686275,0.3529412,0.078431375,0.3529412,0.60784316,0.039215688,0.52779454,0.519972458623943,0.80280536,0.5015524999366036,0.48356658,0.8083611623620144,0.6047222,0.6099620403075203,0.0072287069741869,0.3515320707548752,0.2660614188580577
0.5686275,0.37254903,0.05882353,0.11764706,0.7647059,0.11764706,-0.12725161,0.5042867038196925,0.91425925,0.5073687854710635,0.856994,0.8140810197823731,0.5480005,0.6085788363577097,0.0058455030243763,0.2963197190104208,-0.4086251277815689
0.5686275,0.37254903,0.05882353,0.15686275,0.7058824,0.13725491,0.0052001597,0.5074583978838363,0.9028885,0.5067753948625403,0.8179231,0.8134825643234342,0.57533723,0.609238785689937,0.0065054523566036,0.3292646339189551,-0.2405991811631001
0.5686275,0.37254903,0.05882353,0.15686275,0.7254902,0.11764706,0.007968907,0.507524698394919,0.9084621,0.5070662579741564,0.8160977,0.8134546035348981,0.5775096,0.6093485199679911,0.0066151866346578,0.3323156760485484,-0.2370867975880576
0.5686275,0.37254903,0.05882353,0.27450982,0.64705884,0.078431375,0.40826795,0.5171102711893956,0.8463331,0.5038240192176678,0.6803355,0.8113751091308781,0.6449788,0.6107697998459805,0.0080364665126471,0.4104867414210737,0.2707254031157907
0.5686275,0.37254903,0.05882353,0.29411766,0.60784316,0.09803922,0.446933,0.5180361457883276,0.81677884,0.5022817137579577,0.72901314,0.8121207134206246,0.6642416,0.6108128576556365,0.0080795243223033,0.4343885590066013,0.2863718784495787
0.5686275,0.37254903,0.05882353,0.29411766,0.627451,0.078431375,0.4344651,0.5177375892961195,0.83363926,0.5031615847797303,0.69217587,0.8115564698936657,0.6534267,0.6108185479898385,0.0080852146565051,0.4207342156684525,0.3039586584618243
0.5686275,0.37254903,0.05882353,0.29411766,0.64705884,0.05882353,0.42262387,0.5174540386658548,0.8557286,0.5043143308757488,0.62119,0.8104691662528632,0.63318086,0.6107458452648223,0.0080125119314889,0.3945352764936037,0.2889370762723258
0.5686275,0.37254903,0.05882353,0.3137255,0.5882353,0.09803922,0.4763646,0.5187409160373795,0.7997868,0.5013949747461258,0.7317949,0.8121633219885402,0.6693154,0.6107664042573485,0.0080330709240151,0.4398512291517154,0.2616739416570587
0.5686275,0.37254903,0.05882353,0.3137255,0.60784316,0.078431375,0.4592139,0.5183302248573259,0.81947863,0.5024226039797591,0.7027194,0.8117179670478795,0.66047066,0.6108235986283215,0.0080902652949881,0.4290759014446763,0.2902960294639192
0.5686275,0.37254903,0.05882353,0.3137255,0.627451,0.05882353,0.44374016,0.5179596898976414,0.84580094,0.503796248649167,0.62616616,0.8105453869278365,0.6385691,0.6107671084915484,0.0080337751582149,0.4008903481227914,0.3157248197184053
0.5686275,0.37254903,0.05882353,0.33333334,0.5686275,0.09803922,0.5010063,0.5193309867501613,0.77981716,0.5003528474592015,0.73241407,0.8121728059783304,0.67107916,0.6106188800625644,0.007885546729231,0.4408741295627462,0.2326480461920054
0.5686275,0.37254903,0.05882353,0.33333334,0.5882353,0.078431375,0.48270285,0.5188926916922376,0.80160236,0.5014897206597161,0.7133205,0.8118803461364539,0.66587526,0.6107542528294692,0.0080209194961358,0.4351104843066366,0.264312856325274
0.5686275,0.37254903,0.05882353,0.33333334,0.60784316,0.05882353,0.46289593,0.5184183945549242,0.8329043,0.5031232291703908,0.63474274,0.8106767558896095,0.64351434,0.6107394598716415,0.0080061265383081,0.4065956024385593,0.309810222978107
0.5686275,0.37254903,0.05882353,0.3529412,0.5686275,0.078431375,0.503174,0.5193828946007498,0.7802094,0.5003733176777615,0.72622114,0.8120779478209181,0.6698682,0.6106113866998099,0.0078780533664764,0.4391983254122969,0.2332181938424166
0.5686275,0.37254903,0.05882353,0.3529412,0.5882353,0.05882353,0.48165452,0.5188675884345344,0.815889,0.5022352770624886,0.64537674,0.8108396389406756,0.64764005,0.6106475014792329,0.0079141681458995,0.4110618410984901,0.2850784983746677
0.5686275,0.37254903,0.05882353,0.37254903,0.5294118,0.09803922,0.5364872,0.5201806138434211,0.7368814,0.4981122185808905,0.737011,0.8122432183029913,0.6701265,0.6101786835757677,0.0074453502424342,0.4371406263962867,0.1702408331635685
0.5686275,0.39215687,0.039215688,0.078431375,0.8039216,0.11764706,-0.36041197,0.4987034387896154,0.92301244,0.5078255752410695,0.9234007,0.8150981840781977,0.49533376,0.6072090660362942,0.0044757327029608,0.231802923158225,-0.7044081928968878
0.5686275,0.39215687,0.039215688,0.09803922,0.78431374,0.11764706,-0.3032299,0.5000727224430797,0.92786944,0.5080790407781913,0.9068002,0.8148439112637521,0.5104799,0.6076652248283411,0.0049318914950076,0.2508775706528159,-0.6318680369393697
0.5686275,0.39215687,0.039215688,0.09803922,0.8039216,0.09803922,-0.28741857,0.5004513408858209,0.93139297,0.5082629181479185,0.889681,0.8145816928232819,0.5112185,0.6077653172856737,0.0050319839523403,0.2515790143869863,-0.6118100739195409
0.5686275,0.39215687,0.039215688,0.11764706,0.7647059,0.11764706,-0.24489067,0.5014697152373919,0.9303267,0.5082072743643263,0.89077836,0.8145985016157373,0.52540475,0.6080918304058185,0.0053584970724851,0.2695388398131601,-0.5578599416009347
0.5686275,0.39215687,0.039215688,0.11764706,0.78431374,0.09803922,-0.22989035,0.5018289135527665,0.9343721,0.5084183872960822,0.8748223,0.814354099892706,0.5264347,0.6082004669138515,0.0054671335805182,0.270672825799292,-0.5388307932202997
0.5686275,0.39215687,0.039215688,0.13725491,0.7058824,0.15686275,-0.20538658,0.5024156815058073,0.9197793,0.5076568522407124,0.8799179,0.8144321501706384,0.53143686,0.608168227972386,0.0054348946390527,0.2762537378964814,-0.5077457519896038
0.5686275,0.39215687,0.039215688,0.13725491,0.7254902,0.13725491,-0.193195,0.5027076214170001,0.9268199,0.5080242710458703,0.8771778,0.8143901788596417,0.5369342,0.6083740237741707,0.0056406904408373,0.2835891091583817,-0.4922797332179838
0.5686275,0.39215687,0.039215688,0.13725491,0.74509805,0.11764706,-0.18185687,0.5029791246102362,0.93127584,0.508256806010026,0.8717363,0.8143068305847174,0.54038507,0.6085142537349932,0.0057809204016598,0.2880975873293321,-0.477896384720042
0.5686275,0.39215687,0.039215688,0.13725491,0.7647059,0.09803922,-0.16798565,0.5033112853268795,0.9358634,0.508496208964241,0.8527807,0.8140164842811892,0.5402195,0.6086079928574366,0.0058746595241032,0.2876690689766194,-0.4602995996220029
0.5686275,0.39215687,0.039215688,0.15686275,0.6862745,0.15686275,-0.13020068,0.5042160852071614,0.91450924,0.5073818309195729,0.8626391,0.8141674876946784,0.54898256,0.608588467940471,0.0058551346071375,0.2977301647101515,-0.4123662702056019
0.5686275,0.39215687,0.039215688,0.15686275,0.7058824,0.13725491,-0.1250641,0.5043390858889172,0.9245463,0.5079056209186904,0.8564636,0.8140728961261204,0.5519819,0.6087725343112426,0.0060392009779093,0.3019905141168,-0.4058500975960264
0.5686275,0.39215687,0.039215688,0.15686275,0.7254902,0.11764706,-0.11573541,0.5045624710555934,0.9297642,0.5081779205499287,0.8516235,0.8139987588613032,0.55521744,0.6089130501556085,0.0061797168222751,0.3062886509359587,-0.3940158842916531
0.5686275,0.39215687,0.039215688,0.15686275,0.74509805,0.09803922,-0.104790986,0.5048245466110682,0.9333497,0.5083650328425099,0.83279437,0.8137103498918467,0.5537844,0.6089666431151416,0.0062333097818082,0.3041938574274204,-0.380131981114468
0.5686275,0.39215687,0.039215688,0.15686275,0.7647059,0.078431375,-0.0866844,0.5052581274932877,0.93952656,0.5086873742418979,0.7789019,0.8128848684601351,0.5439147,0.6089434567317735,0.0062101233984402,0.2906291209836116,-0.3571622883580949
0.5686275,0.39215687,0.039215688,0.15686275,0.8039216,0.039215688,-0.020493876,0.5068431277270751,1.0056332,0.5121371892885221,0.33863226,0.8061411760882528,0.4412572,0.6083738310346166,0.0056404977012833,0.1528334109330777,-0.273194175644009
0.5686275,0.39215687,0.039215688,0.15686275,0.8235294,0.019607844,0.01795635,0.507763857999388,1.0660678,0.5152910026729968,-0.046020273,0.8002493811249629,0.3460013,0.6077680805991158,0.0050347472657825,0.0255481273437798,-0.3476523739304912
0.5686275,0.39215687,0.039215688,0.1764706,0.6666667,0.15686275,-0.050726853,0.5061191679479429,0.9058112,0.5069279183646053,0.843732,0.813877883640255,0.5662721,0.6089749899842677,0.0062416566509343,0.3186273172193358,-0.3115471897564295
0.5686275,0.39215687,0.039215688,0.1764706,0.6862745,0.13725491,-0.051421985,0.5061025223028977,0.91484183,0.5073991875248859,0.8381015,0.8137916403199298,0.5671738,0.609097783382571,0.0063644500492377,0.3201789326976482,-0.3124290214240602
0.5686275,0.39215687,0.039215688,0.1764706,0.7058824,0.11764706,-0.051292997,0.5061056110576522,0.9223972,0.5077934686317432,0.8311705,0.8136854767865479,0.5674249,0.6091948521586478,0.0064615188253144,0.3207799423222191,-0.312265389329979
0.5686275,0.39215687,0.039215688,0.1764706,0.7254902,0.09803922,-0.042923335,0.5063060312323716,0.9270526,0.5080364144485839,0.81333935,0.8134123537663652,0.5658229,0.6092515998157736,0.0065182664824402,0.3185631359164214,-0.301647785961678
0.5686275,0.39215687,0.039215688,0.1764706,0.78431374,0.039215688,0.035018194,0.508172421439993,1.0056298,0.512137008879363,0.31037652,0.8057083777565234,0.4503415,0.6086726026919598,0.0059392693586264,0.1636102678308475,-0.2027725555476495
0.5686275,0.39215687,0.039215688,0.1764706,0.8039216,0.019607844,0.06918831,0.5089906600945028,1.0666856,0.5153232399234383,-0.08118984,0.7997106822538649,0.35156134,0.608008194090602,0.0052748607572686,0.0317096685981025,-0.3950575899978464
0.5686275,0.39215687,0.039215688,0.19607843,0.6666667,0.13725491,0.027738336,0.5079980977416175,0.90174425,0.5067156825413587,0.81818247,0.8134865366799588,0.582555,0.6094001056543117,0.0066667723209783,0.3383572849898653,-0.2120076532100321
0.5686275,0.39215687,0.039215688,0.19607843,0.7647059,0.039215688,0.09202866,0.5095375958230522,1.005092,0.5121089459236042,0.2820503,0.8052744998312314,0.45972362,0.6089736805259626,0.0062403471926292,0.1747302036265955,-0.1304500952555201
0.5686275,0.39215687,0.039215688,0.19607843,0.78431374,0.019607844,0.12358205,0.5102931741921911,1.0660751,0.5152913821543316,-0.11385849,0.7992102904094189,0.35859954,0.6082649489186472,0.0055316155853138,0.0397367972908259,-0.4390918079570405
0.5686275,0.39215687,0.039215688,0.21568628,0.6862745,0.09803922,0.10639501,0.5098816128976574,0.90597445,0.5069364380316218,0.77277213,0.812790978056783,0.59504724,0.6098696763286874,0.007136342995354,0.353264706485819,-0.1122251992080326
0.5686275,0.39215687,0.039215688,0.21568628,0.74509805,0.039215688,0.150932,0.5109480968904324,1.0027868,0.5119886441194671,0.2544952,0.8048524330703519,0.4694046,0.6092630580267505,0.0065297246934171,0.1861406556696114,-0.0557263759245084
0.5686275,0.39215687,0.039215688,0.21568628,0.7647059,0.019607844,0.17848842,0.511607963737223,1.0637541,0.51517025917747,-0.14627878,0.7987137027057564,0.36532125,0.6084973085401497,0.0057639752068164,0.0472635300629167,-0.4827912635369869
0.5686275,0.39215687,0.039215688,0.23529412,0.6862745,0.078431375,0.1858339,0.5117838588869703,0.9094841,0.5071195906542095,0.6990605,0.8116619231320863,0.5981262,0.6101884575577553,0.007455124224422,0.3554379670065207,-0.0114504471066597
0.5686275,0.39215687,0.039215688,0.23529412,0.7254902,0.039215688,0.20988704,0.5123598361358919,0.9972521,0.5116998152766458,0.23700511,0.8045845340961434,0.48138142,0.609548061836227,0.0068147285028936,0.2005305649589794,0.0190629380192391
0.5686275,0.39215687,0.039215688,0.23529412,0.74509805,0.019607844,0.22751938,0.5127820605700886,1.058788,0.5149110983098234,-0.16942272,0.7983592027530592,0.37229487,0.6086841205443237,0.0059507872109903,0.0551920969481043,-0.5139870720955315
0.5686275,0.39215687,0.039215688,0.25490198,0.6666667,0.078431375,0.2643571,0.5136641775275121,0.8954902,0.5063893130409168,0.69092995,0.8115373859661932,0.6169257,0.6105302921782073,0.007796958844874,0.3782092401357741,0.0881626659905796
0.5686275,0.39215687,0.039215688,0.25490198,0.6862745,0.05882353,0.25733724,0.5134960800450746,0.9276165,0.5080658398045447,0.5784587,0.8098146431407675,0.58780414,0.6104588543301289,0.0077255209967955,0.3402725143732297,0.0792574128231781
0.5686275,0.39215687,0.039215688,0.25490198,0.7058824,0.039215688,0.26927182,0.5137818658187077,0.98953426,0.5112970549393075,0.23038885,0.8044831915300399,0.49639833,0.6098540374293517,0.0071207040960183,0.2189300567959393,0.0249207050362307
0.5686275,0.39215687,0.039215688,0.27450982,0.627451,0.09803922,0.33651972,0.5153921859913622,0.8560727,0.5043322878080915,0.74965096,0.812436826632494,0.64741445,0.6107204334773159,0.0079871001439825,0.4160096196484413,0.1797068855877841
0.5686275,0.39215687,0.039215688,0.27450982,0.6666667,0.05882353,0.31984276,0.5149928389489152,0.913753,0.5073423648607537,0.57280165,0.8097279926333565,0.6021325,0.6106877321476751,0.0079543988143417,0.357445034507483,0.158550789356748
0.5686275,0.39215687,0.039215688,0.29411766,0.627451,0.078431375,0.35889885,0.5159280773141743,0.8692363,0.5050192361181566,0.6901309,0.811525146616258,0.639422,0.6108241533495296,0.0080908200161962,0.4051081736724964,0.2080966498522792
0.5686275,0.39215687,0.039215688,0.29411766,0.64705884,0.05882353,0.34870496,0.515683974252502,0.9043177,0.5068499784973423,0.5771882,0.8097951821544017,0.6100703,0.6107763783014154,0.0080430449680819,0.3670492048044278,0.1951648704370939
0.5686275,0.39215687,0.039215688,0.3137255,0.5882353,0.09803922,0.40308905,0.5169862571284627,0.82755786,0.5028442232952358,0.76286274,0.812639194049217,0.66450316,0.6108232248243052,0.0080898914909718,0.4362797875759658,0.2641555450018517
0.5686275,0.39215687,0.039215688,0.3137255,0.60784316,0.078431375,0.3854043,0.5165627773886513,0.8560546,0.5043313422152572,0.7004416,0.8116830776880575,0.6473002,0.6108590657639886,0.0081257324306553,0.4145623683042491,0.2417209776329588
0.5686275,0.39215687,0.039215688,0.33333334,0.54901963,0.11764706,0.45454234,0.5182183592145156,0.7919569,0.5009863666636284,0.77027804,0.812752775508768,0.6722591,0.610652500462304,0.0079191671289706,0.4441203884294748,0.2502931673144639
0.5686275,0.39215687,0.039215688,0.33333334,0.5882353,0.078431375,0.41092512,0.5171738999833693,0.8421678,0.5036066510648932,0.71132535,0.811849786106588,0.6548061,0.6108767790516167,0.0081434457182834,0.4235160454071957,0.2740962478830993
0.5686275,0.39215687,0.039215688,0.33333334,0.60784316,0.05882353,0.39622462,0.516821881316736,0.8798553,0.5055733939555663,0.5995834,0.8101382135367536,0.6252211,0.6108444962696853,0.0081111629363519,0.3853535506054791,0.2554474537395846
0.5686275,0.39215687,0.039215688,0.33333334,0.627451,0.039215688,0.3833751,0.51651418657075,0.94069076,0.5087481285814989,0.30746678,0.8056638085736603,0.5438442,0.6103087079086363,0.007575374575303,0.2781463848325953,0.1288143811665478
0.5686275,0.39215687,0.039215688,0.3529412,0.5294118,0.11764706,0.48206002,0.5188772983198059,0.7720385,0.4999469144090642,0.77333426,0.8127995883289925,0.675811,0.6105412670192875,0.0078079336859541,0.4474792372810154,0.2213417783042599
0.5686275,0.39215687,0.039215688,0.3529412,0.54901963,0.09803922,0.45924795,0.5183310398425516,0.7947902,0.501134224411577,0.77022606,0.8127519793941071,0.6747547,0.6107390812160786,0.0080057478827452,0.4474595906587972,0.2544113816530592
0.5686275,0.39215687,0.039215688,0.3529412,0.5686275,0.078431375,0.43360293,0.5177169434795015,0.8272831,0.5028298838775848,0.7210194,0.8119982715335695,0.6606351,0.6108483662968852,0.0081150329635519,0.4302494988389848,0.3016398104853279
0.5686275,0.39215687,0.039215688,0.3529412,0.5882353,0.05882353,0.4164082,0.5173051982423741,0.8661182,0.5048565163880959,0.6109744,0.8103126913770318,0.63116693,0.6108248020025006,0.0080914686691672,0.392350763738679,0.2810519989147164
0.5686275,0.39215687,0.039215688,0.37254903,0.5294118,0.09803922,0.47802347,0.5187806390738327,0.7779838,0.5002571715052907,0.77270794,0.8127899947821389,0.67623836,0.6106092684537541,0.0078759351204207,0.4483714147543526,0.2299832275354185
0.5686275,0.39215687,0.039215688,0.37254903,0.54901963,0.078431375,0.4510501,0.5181347340229742,0.81121916,0.5019915785039838,0.7329293,0.8121806977387989,0.6650662,0.610769003421919,0.0080356700885855,0.4351953806103435,0.2782908737026169
0.5686275,0.39215687,0.039215688,0.39215687,0.49019608,0.11764706,0.5215317,0.5198224884967739,0.73392034,0.497957695025561,0.7752721,0.8128292700763998,0.676908,0.6102031511995784,0.0074698178662449,0.4465726485327536,0.1659369591357418
0.5686275,0.39215687,0.039215688,0.39215687,0.5294118,0.078431375,0.46515423,0.5184724718933288,0.7920256,0.5009899530732925,0.75121003,0.8124607073333932,0.66946334,0.6106410441000049,0.0079077107666714,0.4400737556257202,0.2503930579452075
0.5686275,0.39215687,0.039215688,0.39215687,0.54901963,0.05882353,0.44292456,0.5179401595117658,0.8343349,0.5031978874572586,0.6459673,0.810848684702212,0.6410756,0.6106622438904121,0.0079289105570787,0.4038868504857464,0.3118896461516627
0.5686275,0.39215687,0.039215688,0.39215687,0.5686275,0.039215688,0.42153773,0.5174280297897178,0.890124,0.5061092744788508,0.41119137,0.8072525777181302,0.5742844,0.6102632939955663,0.0075299606622329,0.3163878724497618,0.2686252265489174
0.5686275,0.39215687,0.039215688,0.4117647,0.49019608,0.09803922,0.51796865,0.5197371676792288,0.73529685,0.498029528975937,0.79089737,0.8130686056982235,0.6813876,0.6102784341177965,0.0075451007844631,0.4527533650282163,0.1679377173546441
0.5686275,0.39215687,0.039215688,0.4117647,0.50980395,0.078431375,0.48350394,0.5189118745318744,0.77031845,0.4998571515208702,0.7685963,0.8127270159042311,0.6741395,0.6104986806523253,0.0077653473189919,0.4451276621175137,0.2188416535670519
0.5686275,0.4117647,0.019607844,0.078431375,0.7647059,0.15686275,-0.5104599,0.4951103865922022,0.929079,0.5081421622103807,0.95855653,0.8156366725654973,0.45905852,0.6062964071226934,0.00356307378936,0.1870883686473135,-0.8947563111296927
0.5686275,0.4117647,0.019607844,0.078431375,0.78431374,0.13725491,-0.48674506,0.4956782628737079,0.93233407,0.5083120298757476,0.9530419,0.8155522040695995,0.46621028,0.6065141656063516,0.0037808322730183,0.1962157972976274,-0.8646720886818613
0.5686275,0.4117647,0.019607844,0.078431375,0.8039216,0.11764706,-0.46518102,0.4961946359426487,0.9335491,0.5083754374741895,0.94754165,0.8154679556008041,0.47196993,0.6066793430058808,0.0039460096725473,0.2034517950792126,-0.837316337476873
0.5686275,0.4117647,0.019607844,0.09803922,0.74509805,0.15686275,-0.45554286,0.4964254316229703,0.9325152,0.5083214826935875,0.9443971,0.8154197897508464,0.4737898,0.6067222346891347,0.0039889013558013,0.2056136120088177,-0.825089539470122
0.5686275,0.4117647,0.019607844,0.09803922,0.7647059,0.13725491,-0.4329919,0.49696543783616,0.935773,0.5084914934420807,0.9389724,0.8153366989350211,0.48058453,0.6069312100710872,0.0041978767377539,0.2142906258449028,-0.7964817818125295
0.5686275,0.4117647,0.019607844,0.09803922,0.78431374,0.11764706,-0.4109594,0.4974930287271338,0.93823296,0.5086198670008392,0.9313103,0.8152193368438065,0.4861946,0.6071107441905932,0.0043774108572598,0.2213565467462386,-0.7685317471968489
0.5686275,0.4117647,0.019607844,0.11764706,0.7254902,0.15686275,-0.3960031,0.497851172628611,0.93434477,0.5084169595753226,0.9285757,0.815177450439534,0.48897243,0.6071485275478224,0.0044151942144892,0.2245684866370938,-0.749558458205442
0.5686275,0.4117647,0.019607844,0.11764706,0.74509805,0.13725491,-0.3763778,0.4983211207992299,0.9390005,0.508659920944677,0.9243974,0.8151134508549854,0.49567333,0.6073648308662976,0.0046314975329641,0.2332456449172314,-0.7246621458143583
0.5686275,0.4117647,0.019607844,0.11764706,0.7647059,0.11764706,-0.35693538,0.4987866893163202,0.9417433,0.5088030569494598,0.9166445,0.814994698302041,0.50048417,0.6075281481892737,0.0047948148559403,0.2393125891084768,-0.6999978530995528
0.5686275,0.4117647,0.019607844,0.11764706,0.84313726,0.039215688,-0.23107935,0.5018004415229462,1.0331485,0.5135730906703565,0.32479498,0.8059292279063335,0.3756214,0.607100920033212,0.0043675866998787,0.0708991459910308,-0.5403391479562695
0.5686275,0.4117647,0.019607844,0.11764706,0.8627451,0.019607844,-0.18843257,0.5028216626136286,1.089475,0.516512521984691,-0.039537314,0.8003486818212969,0.28716838,0.6065609554732054,0.0038276221398721,-0.0474720293180924,-0.486238204738414
0.5686275,0.4117647,0.019607844,0.13725491,0.6862745,0.1764706,-0.3431499,0.4991167968696586,0.92298347,0.5078240635367358,0.9203194,0.8150509868952758,0.50005096,0.6073306157672235,0.00459728243389,0.2377038975132682,-0.6825098378579045
0.5686275,0.4117647,0.019607844,0.13725491,0.7058824,0.15686275,-0.3317091,0.4993907589346941,0.9336875,0.5083826600615616,0.9126778,0.8149339397806186,0.50488544,0.6075691195922914,0.0048357862589581,0.2442945178943511,-0.667996226398482
0.5686275,0.4117647,0.019607844,0.13725491,0.7254902,0.13725491,-0.31693438,0.4997445545831241,0.94089556,0.5087588162689282,0.90596527,0.8148311223025487,0.5099755,0.6077781643848671,0.0050448310515336,0.2510185032742624,-0.6492532935888516
0.5686275,0.4117647,0.019607844,0.13725491,0.74509805,0.11764706,-0.29879808,0.5001788467932977,0.94419837,0.5089311754469933,0.8995599,0.8147330103003528,0.51498675,0.6079476775135481,0.0052143441802146,0.2574099078409116,-0.6262459170110173
0.5686275,0.4117647,0.019607844,0.13725491,0.7647059,0.09803922,-0.27839592,0.5006673976082922,0.94734776,0.5090955281909947,0.87170696,0.8143063814007574,0.51355296,0.6080231024000148,0.0052897690666814,0.2550486890456792,-0.6003640975478194
0.5686275,0.4117647,0.019607844,0.13725491,0.8235294,0.039215688,-0.18037815,0.5030145340055366,1.0403813,0.5139505377363619,0.2927098,0.8054377731793361,0.38423765,0.6074676149737449,0.0047342816404115,0.0814270597479916,-0.4760205111193039
0.5686275,0.4117647,0.019607844,0.13725491,0.84313726,0.019607844,-0.1383478,0.5040209940153021,1.0968953,0.5168997546923298,-0.072236195,0.7998478269270751,0.29543713,0.6069228585449024,0.004189525211569,-0.0373896650225209,-0.4227015615439677
0.5686275,0.4117647,0.019607844,0.13725491,0.8627451,0.0,-0.10085382,0.5049188260216814,1.1460805,0.5194665104518686,-0.4210255,0.7945053554734745,0.20806706,0.6062968973156748,0.0035635639823414,-0.1544162633864943,-0.8531235967496854
0.5686275,0.4117647,0.019607844,0.15686275,0.6862745,0.15686275,-0.25759295,0.5011655462659307,0.9281934,0.5080959463606064,0.8972493,0.8146976178910146,0.52261657,0.6079863701725172,0.0052530368391838,0.266041352327424,-0.5739738158675368
0.5686275,0.4117647,0.019607844,0.15686275,0.7058824,0.13725491,-0.24846442,0.5013841382204632,0.93851405,0.5086345361317811,0.8877612,0.8145522867944841,0.5259369,0.6081903203822429,0.0054569870489094,0.2706387922929467,-0.562393531218163
0.5686275,0.4117647,0.019607844,0.15686275,0.7254902,0.11764706,-0.23698236,0.5016590879733729,0.9450539,0.5089758204928817,0.8793789,0.814423894132934,0.5291502,0.6083529341997296,0.0056196008663961,0.2748964879619407,-0.5478275952953269
0.5686275,0.4117647,0.019607844,0.15686275,0.74509805,0.09803922,-0.2212903,0.5020348503995878,0.9500781,0.5092380141007039,0.846201,0.8139157018255725,0.5249963,0.6083961887752881,0.0056628554419547,0.2690594095933286,-0.5279209346617562
0.5686275,0.4117647,0.019607844,0.15686275,0.7647059,0.078431375,-0.20449801,0.5024369592571164,0.9639792,0.5099634486612238,0.7684162,0.8127242578051594,0.5092991,0.6083748885744998,0.0056415552411665,0.2479464633702277,-0.5066185265279668
0.5686275,0.4117647,0.019607844,0.15686275,0.8039216,0.039215688,-0.13293543,0.5041505987892453,1.0440285,0.5141408693992834,0.26610816,0.8050303108314983,0.3924004,0.607773926340009,0.0050405930066756,0.0913036380381196,-0.4158355257953538
0.5686275,0.4117647,0.019607844,0.15686275,0.8235294,0.019607844,-0.08959393,0.5051884557123224,1.1007332,0.5171000337430275,-0.10737239,0.799309639265212,0.3012556,0.6071993762401874,0.0044660429068539,-0.0307008844176219,-0.4303491611322628
0.5686275,0.4117647,0.019607844,0.15686275,0.84313726,0.0,-0.052634563,0.5060734858672628,1.1524278,0.5197977478891053,-0.45865232,0.7939290186726649,0.21371363,0.6066000841430109,0.0038667508096776,-0.1478567427895089,-0.9038409307479132
0.5686275,0.4117647,0.019607844,0.1764706,0.6666667,0.15686275,-0.17783462,0.5030754416623253,0.9200005,0.5076683953163964,0.8798701,0.8144314179642645,0.5406787,0.608391751647662,0.0056584183143287,0.2879900708826475,-0.4727938232732322
0.5686275,0.4117647,0.019607844,0.1764706,0.6862745,0.13725491,-0.17414652,0.5031637569439744,0.9295544,0.5081669715802689,0.8717266,0.8143066817697062,0.5423781,0.6085458034313165,0.0058124700979831,0.2905195881132807,-0.4681151693741297
0.5686275,0.4117647,0.019607844,0.1764706,0.7058824,0.11764706,-0.16993321,0.5032646488321308,0.9377112,0.5085926376598159,0.8632904,0.8141774637782784,0.5436895,0.608678250090075,0.0059449167567416,0.2924628178526077,-0.462770248120451
0.5686275,0.4117647,0.019607844,0.1764706,0.7254902,0.09803922,-0.16308098,0.5034287327621086,0.949123,0.5091881714047298,0.8222464,0.8135487842644682,0.53609616,0.6087218961437689,0.0059885628104355,0.2824482487520143,-0.454077619795707
0.5686275,0.4117647,0.019607844,0.1764706,0.74509805,0.078431375,-0.1475335,0.5038010329284093,0.96385694,0.5099570690200953,0.74554753,0.8123739737452091,0.5206236,0.6087106918979045,0.0059773585645712,0.2617003456163555,-0.4343543783342815
0.5686275,0.4117647,0.019607844,0.1764706,0.7647059,0.05882353,-0.12536462,0.5043318898262877,0.98662233,0.5111450944382393,0.622346,0.8104868725002632,0.49453458,0.6086546189215968,0.0059212855882633,0.2267499035571954,-0.4062313213870936
0.5686275,0.4117647,0.019607844,0.1764706,0.78431374,0.039215688,-0.0816444,0.5053788154225303,1.0460359,0.5142456249107047,0.23798263,0.804599506894811,0.40079138,0.6080746490760154,0.0053413157426819,0.1013283302357034,-0.3507686377895675
0.5686275,0.4117647,0.019607844,0.1764706,0.8039216,0.019607844,-0.03993314,0.5063776344997757,1.1033889,0.5172386253033009,-0.14135092,0.7987891836423077,0.3073683,0.6074684811484614,0.004735147815128,-0.0236811848910908,-0.476148980996303
0.5686275,0.4117647,0.019607844,0.1764706,0.8235294,0.0,-0.00548781,0.5072024634418579,1.1540843,0.5198841949813738,-0.49572152,0.7933612227579244,0.217625,0.6068159603937188,0.0040826270603853,-0.1437728897607706,-0.95380667128412
0.5686275,0.4117647,0.019607844,0.19607843,0.64705884,0.15686275,-0.096539,0.5050221489493923,0.9075454,0.5070184184419496,0.86362684,0.8141826166121613,0.5582111,0.6087410613345011,0.0060077280011677,0.3090341606034794,-0.3696636574743394
0.5686275,0.4117647,0.019607844,0.19607843,0.6666667,0.13725491,-0.095622785,0.5050440886085795,0.9181086,0.5075696648487907,0.8555572,0.8140590125072584,0.5593477,0.6088909219882096,0.0061575886548762,0.3109137638354095,-0.3685013663047442
0.5686275,0.4117647,0.019607844,0.19607843,0.6862745,0.11764706,-0.09525625,0.5050528657568196,0.9266848,0.5080172195361491,0.84694535,0.8139271030639725,0.55945796,0.6089990627856471,0.0062657294523137,0.3113546170157808,-0.3680363817848542
0.5686275,0.4117647,0.019607844,0.19607843,0.7254902,0.078431375,-0.08674219,0.5052567435527459,0.9614503,0.5098314762507902,0.72267693,0.8120236604700418,0.53246164,0.609037293424526,0.0063039600911926,0.2759647829975438,-0.3572356049879154
0.5686275,0.4117647,0.019607844,0.19607843,0.74509805,0.05882353,-0.067929044,0.5057072437637531,0.9860628,0.5111158961489789,0.6009013,0.8101584003386645,0.50634503,0.6089938467504655,0.0062605134171321,0.2411309423504368,-0.333369581697064
0.5686275,0.4117647,0.019607844,0.19607843,0.7647059,0.039215688,-0.02558298,0.5067212638854809,1.045965,0.514241923412439,0.21088424,0.8041844358089186,0.41042206,0.6083825410356128,0.0056492077022795,0.1128247912945983,-0.2796501221912854
0.5686275,0.4117647,0.019607844,0.19607843,0.78431374,0.019607844,0.013784167,0.507663950788406,1.1044323,0.517293077764342,-0.17320034,0.7983013401900132,0.3150054,0.6077527895809204,0.005019456247587,-0.0147706880239781,-0.5190789470753581
0.5686275,0.4117647,0.019607844,0.19607843,0.8039216,0.0,0.045243133,0.5084172681221601,1.1546692,0.5199147152343006,-0.5312204,0.7928174800964581,0.2228973,0.607049821150973,0.0043164878176396,-0.1379871009445285,-1.0016557382392972
0.5686275,0.4117647,0.019607844,0.21568628,0.64705884,0.13725491,-0.013919442,0.5070005593267676,0.9039756,0.5068321273220929,0.8383282,0.8137951123658647,0.5761281,0.6092092663382417,0.0064759330049083,0.3308744409579977,-0.2648539659544802
0.5686275,0.4117647,0.019607844,0.21568628,0.6666667,0.11764706,-0.018571585,0.5068891589597007,0.91416806,0.5073640264018647,0.82895774,0.8136515834830275,0.57485145,0.6093015896148642,0.0065682562815309,0.3296353244029342,-0.2707555919472497
0.5686275,0.4117647,0.019607844,0.21568628,0.6862745,0.09803922,-0.020627897,0.5068399184551313,0.93295485,0.5083444257618291,0.78231615,0.8129371655243592,0.564881,0.6093738365804399,0.0066405032471065,0.3169118618571639,-0.2733641923434129
0.5686275,0.4117647,0.019607844,0.21568628,0.7058824,0.078431375,-0.015850607,0.5069543155833547,0.956885,0.5095932335140988,0.6975739,0.8116391526094298,0.5462027,0.6093955672356277,0.0066622339022944,0.2924513304814835,-0.2673038077755985
0.5686275,0.4117647,0.019607844,0.21568628,0.7254902,0.05882353,-0.005989599,0.5071904475837227,0.9862043,0.5111232804824938,0.5636174,0.8095873158860704,0.5146107,0.6093003479840956,0.0065670146507622,0.2506395473496781,-0.254794309038855
0.5686275,0.4117647,0.019607844,0.21568628,0.74509805,0.039215688,0.030573908,0.5080659984283764,1.0455189,0.514218644409901,0.18353511,0.8037655240632218,0.41987598,0.6086833889671663,0.005950055633833,0.1240672022518518,-0.208410497577121
0.5686275,0.4117647,0.019607844,0.21568628,0.7647059,0.019607844,0.06920395,0.5089910345809275,1.1042625,0.5172842128315208,-0.20596342,0.7977995019640862,0.322501,0.6080249164588448,0.0052915831255115,-0.0061386426665948,-0.5632404458407737
0.5686275,0.4117647,0.019607844,0.21568628,0.78431374,0.0,0.09299662,0.5095607745523779,1.1543511,0.5198981175916572,-0.5647942,0.7923032238056361,0.22751784,0.6072540386498905,0.004520705316557,-0.1330328839892731,-1.0469100201551365
0.5686275,0.4117647,0.019607844,0.23529412,0.627451,0.13725491,0.077897966,0.5091992217361226,0.88836807,0.5060176390680048,0.8287824,0.8136488975090226,0.5983495,0.6096219194377167,0.0068885861043833,0.3578496149712819,-0.1483760443280565
0.5686275,0.4117647,0.019607844,0.23529412,0.64705884,0.11764706,0.06719532,0.5089429358228451,0.9014005,0.5066977442720325,0.8193048,0.8135037280091607,0.5959669,0.6097148027013461,0.0069814693680127,0.3553798261293344,-0.1619532312548358
0.5686275,0.4117647,0.019607844,0.23529412,0.6666667,0.09803922,0.057775732,0.5087173741210856,0.9222089,0.5077836425535741,0.77206266,0.8127801109090672,0.5840158,0.6097603758612423,0.0070270425279089,0.3402523552860046,-0.1739027502476897
0.5686275,0.4117647,0.019607844,0.23529412,0.6862745,0.078431375,0.055728447,0.5086683497624447,0.9489756,0.5091804791314433,0.68176985,0.8113970789739962,0.562158,0.6097486359559614,0.007015302622628,0.3117864292992463,-0.1764998999416449
0.5686275,0.4117647,0.019607844,0.23529412,0.7058824,0.05882353,0.05912314,0.5087496391863474,0.9817527,0.5108909694745357,0.5416685,0.8092511199515005,0.52751476,0.6096305762041279,0.0068972428707945,0.2661546603636581,-0.1721934529372697
0.5686275,0.4117647,0.019607844,0.23529412,0.7254902,0.039215688,0.08564662,0.5093847712850633,1.043719,0.5141247196690352,0.16444759,0.8034731568883613,0.43127108,0.6089942159474866,0.0062608826141532,0.1379072221835534,-0.1385462379296881
0.5686275,0.4117647,0.019607844,0.23529412,0.74509805,0.019607844,0.11798635,0.5101591794168333,1.1028081,0.5172083165645608,-0.23049307,0.7974237766998145,0.33010045,0.6082637575604029,0.0055304242270695,0.0027636748058683,-0.5963040706047578
0.5686275,0.4117647,0.019607844,0.23529412,0.7647059,0.0,0.13269775,0.5105114589215577,1.153336,0.5198451457299224,-0.5902438,0.7919134069923257,0.23192997,0.607423337214602,0.0046900038812685,-0.1281711958559084,-1.0812136937900956
0.5686275,0.4117647,0.019607844,0.25490198,0.60784316,0.13725491,0.16848476,0.5113684158863171,0.8698113,0.5050492431381305,0.82134473,0.8135349736836485,0.61988026,0.6099842109026987,0.0072508775693653,0.3838227029164918,-0.0334592543998747
0.5686275,0.4117647,0.019607844,0.25490198,0.64705884,0.09803922,0.14303504,0.5107589960540757,0.9087112,0.5070792567651247,0.7634598,0.8126483393250862,0.6050687,0.6101621973814289,0.0074288640480955,0.3659002442403176,-0.0657443178800032
0.5686275,0.4117647,0.019607844,0.25490198,0.6666667,0.078431375,0.1382911,0.5106453976756018,0.9375008,0.5085816575851286,0.6695673,0.8112101700589217,0.5817864,0.6101457417732173,0.007412408439884,0.3356567372179258,-0.0717623873064297
0.5686275,0.4117647,0.019607844,0.25490198,0.6862745,0.05882353,0.13859524,0.5106526804463791,0.97246355,0.5104062100638532,0.52632034,0.8090160296658845,0.54579306,0.610024973392039,0.0072916400587056,0.2883637535245207,-0.071376570002138
0.5686275,0.4117647,0.019607844,0.25490198,0.7058824,0.039215688,0.15307917,0.5109995130380258,1.035291,0.5136848945809963,0.15872107,0.8033854427644597,0.4490304,0.609356616794494,0.0066232834611605,0.1597654478245619,-0.0716806064050416
0.5686275,0.4117647,0.019607844,0.27450982,0.64705884,0.078431375,0.21094601,0.512385194165684,0.92451096,0.507903776390563,0.6654313,0.8111468186869983,0.6002961,0.6104785964144152,0.0077452630810817,0.3582277731903481,0.0204063232493481
0.5686275,0.4117647,0.019607844,0.27450982,0.6666667,0.05882353,0.20739041,0.5123000517599658,0.9610592,0.5098110682422851,0.5214121,0.8089408488700381,0.56328726,0.610350656290763,0.0076173229574296,0.309723834921718,0.0158957579082924
0.5686275,0.4117647,0.019607844,0.27450982,0.6862745,0.039215688,0.21229029,0.5124173842979785,1.02461,0.5131275049312353,0.16774322,0.803523636674796,0.4682145,0.60968950863467,0.0069561753013365,0.1836822610444301,-0.0595196153019183
0.5686275,0.4117647,0.019607844,0.29411766,0.60784316,0.09803922,0.28505677,0.5141598526835814,0.87852055,0.505503740467614,0.7584059,0.8125709281300237,0.64066106,0.6107448404270731,0.0080115070937397,0.4090575599943784,0.1144219096721689
0.5686275,0.4117647,0.019607844,0.29411766,0.627451,0.078431375,0.27280754,0.5138665322216714,0.9093593,0.507113077261463,0.67187995,0.8112455935094279,0.6180156,0.6107417343308542,0.0080084009975207,0.379942966857867,0.0988827538525173
0.5686275,0.4117647,0.019607844,0.29411766,0.64705884,0.05882353,0.26541966,0.5136896219086285,0.94827956,0.5091441546803958,0.5239255,0.8089793472221244,0.5792082,0.6106043746037163,0.0078710412703828,0.3291996561401482,0.0895106258305709
0.5686275,0.4117647,0.019607844,0.29411766,0.6666667,0.039215688,0.25816336,0.51351586234845,1.0106759,0.5124003440416923,0.18669757,0.8038139640340819,0.48517895,0.6099100568080748,0.0071767234747414,0.2048453068854618,-0.0339709610618228
0.5686275,0.4117647,0.019607844,0.29411766,0.6862745,0.019607844,0.2531341,0.5133954315106501,1.079207,0.5159766756769367,-0.23266138,0.7973905642477944,0.3665599,0.6089208904784603,0.006187557145127,0.0475033447270019,-0.599226748836712
0.5686275,0.4117647,0.019607844,0.3137255,0.5882353,0.09803922,0.31951326,0.5149849488642789,0.8660497,0.5048529424204428,0.76060694,0.812604641577365,0.6487233,0.6108141776206956,0.0080808442873622,0.4185746511945068,0.1581327985565308
0.5686275,0.4117647,0.019607844,0.3137255,0.627451,0.05882353,0.30012333,0.5145206370800979,0.9347473,0.5084379648003546,0.5308659,0.8090856550056398,0.5885789,0.6106814189620308,0.0079480856286974,0.3404364235130029,0.1335350834284821
0.5686275,0.4117647,0.019607844,0.33333334,0.5686275,0.09803922,0.3483503,0.5156754811358906,0.85335785,0.5041906106290958,0.7635811,0.8126501972302866,0.65509635,0.6108387629984243,0.0081054296650909,0.4259557788163683,0.1947149329811105
0.5686275,0.4117647,0.019607844,0.33333334,0.60784316,0.05882353,0.32522592,0.5151217443484966,0.92332864,0.5078420764581278,0.53809446,0.8091963761128599,0.59554964,0.6107200656398281,0.0079867323064947,0.3487667848994593,0.1653797745460025
0.5686275,0.4117647,0.019607844,0.3529412,0.54901963,0.09803922,0.37797308,0.5163848294324227,0.8400285,0.5034950120108989,0.76424974,0.8126604389897655,0.66075045,0.6108467601443625,0.008113426811029,0.4323244536277271,0.2322938786790735
0.5686275,0.4117647,0.019607844,0.3529412,0.5686275,0.078431375,0.3634296,0.5160365709734548,0.8691646,0.5050154941833552,0.69555503,0.8116082292153035,0.6427164,0.6108867647907045,0.0081534314573711,0.4094263871967507,0.213844288002121
0.5686275,0.4117647,0.019607844,0.37254903,0.5294118,0.09803922,0.4044491,0.5170188251370067,0.82643455,0.5027856027605174,0.76821876,0.8127212331172335,0.6663675,0.6108418870049193,0.0081085536715858,0.4387171242128327,0.2658808912535441
0.5686275,0.4117647,0.019607844,0.37254903,0.54901963,0.078431375,0.38398978,0.5165289055464757,0.8544429,0.5042472342210523,0.7129278,0.811874331453672,0.6504535,0.6108834904070667,0.0081501570737333,0.4187934315373604,0.2399265585527543
0.5686275,0.4117647,0.019607844,0.37254903,0.5686275,0.05882353,0.36718205,0.5161264270196416,0.8971424,0.5064755330664851,0.56422544,0.8095966291494368,0.6095166,0.6107328630785211,0.0079995297451878,0.3655618311262922,0.218604566551878
0.5686275,0.4117647,0.019607844,0.37254903,0.5882353,0.039215688,0.35214853,0.5157664340579897,0.9536386,0.5094238199821325,0.2960229,0.8054885204676006,0.5339367,0.6102262581692409,0.0074929248359075,0.2660733809091279,0.1133891204362612
0.5686275,0.4117647,0.019607844,0.39215687,0.54901963,0.05882353,0.3818282,0.5164771439935854,0.8830869,0.5057420391933548,0.58650506,0.8099378902722388,0.61714005,0.6107190244863929,0.0079856911530596,0.3749554855721355,0.2371844012869692
0.5686275,0.4117647,0.019607844,0.39215687,0.5686275,0.039215688,0.36248773,0.5160140168639354,0.9378601,0.508600407695671,0.3354254,0.8060920561788678,0.54525775,0.6102354935794915,0.007502160246158,0.2805043216337235,0.1664999441858485
0.5686275,0.4117647,0.019607844,0.39215687,0.5882353,0.019607844,0.33546716,0.5153669813957412,1.0160903,0.5126828958899757,-0.1087891,0.7992879392063627,0.41425613,0.6091126054973599,0.0063792721640265,0.1073947096398902,-0.4322587548470826
0.5686275,0.4117647,0.019607844,0.4117647,0.50980395,0.078431375,0.42478842,0.5175058708698287,0.820359,0.5024685461052919,0.75745326,0.8125563360421515,0.6675336,0.6108435843390907,0.0081102510057573,0.4395372560162773,0.2915756345082245
0.5686275,0.4117647,0.019607844,0.4117647,0.54901963,0.039215688,0.37432128,0.5162973833731946,0.919854,0.507660749700651,0.38135386,0.8067955508418252,0.5585097,0.6102512279718902,0.0075178946385569,0.2974200288624987,0.2276612733323104
0.5686275,0.4117647,0.019607844,0.43137255,0.49019608,0.078431375,0.45043206,0.5181199344051026,0.795024,0.50114642380334,0.7830524,0.8129484425980874,0.67616946,0.61073826693551,0.0080049336021766,0.4496078468970624,0.2547511657413304
0.5686275,0.4117647,0.019607844,0.4509804,0.47058824,0.078431375,0.48092782,0.5188501868585782,0.7672626,0.4996976791556746,0.8060358,0.8133004841359301,0.68474203,0.6106161167167277,0.0078827833833943,0.4593793887511411,0.2143999425977567
0.5686275,0.4117647,0.019607844,0.47058824,0.4509804,0.078431375,0.5110454,0.5195713831277163,0.73783046,0.4981617471160874,0.8249246,0.8135898069938908,0.69126683,0.6104409790792316,0.0077076457458981,0.4663418078557313,0.1716203288386175
0.5686275,0.4117647,0.019607844,0.49019608,0.43137255,0.078431375,0.5410729,0.52029042275469,0.7054037,0.496469537197623,0.8451223,0.8138991787944575,0.69719964,0.6102197129155901,0.0074863795822568,0.4724033296703964,0.1244879786789374
0.5686275,0.4117647,0.019607844,0.5294118,0.4117647,0.05882353,0.55376506,0.5205943494428902,0.6938552,0.4958668741804192,0.8363074,0.8137641597565216,0.69464254,0.610075127793277,0.0073417944599436,0.4682145753556586,0.1077022808496076
0.5686275,0.4117647,0.019607844,0.54901963,0.4117647,0.039215688,0.5411911,0.5202932530799131,0.7306518,0.4977871243865738,0.74621856,0.8123842520237091,0.67268723,0.6101548764967321,0.0074215431633986,0.4402484430622423,0.1611861330142407
0.5686275,0.4117647,0.019607844,0.5686275,0.39215687,0.039215688,0.5708954,0.5210045524881851,0.69119924,0.4957282701781348,0.7971844,0.8131649054439952,0.68642634,0.609965909370105,0.0072325760367717,0.4565934669356539,0.1038418068635381
0.5686275,0.4117647,0.019607844,0.64705884,0.3529412,0.0,0.6365872,0.5225776109939513,0.72029287,0.4972465376726373,0.34925693,0.8063039162586486,0.5687123,0.6087093549750792,0.0059760216417457,0.2972133558262894,0.1461294181144437
0.5686275,0.4117647,0.019607844,0.6666667,0.33333334,0.0,0.67050886,0.5233899000600609,0.67408663,0.4948352386192513,0.44445223,0.8077620404309397,0.59634924,0.6086623930367506,0.0059290597034173,0.3319419409375574,0.0789686066313005
0.5686275,0.43137255,0.0,0.019607844,0.78431374,0.19607843,-0.83821344,0.487261990377033,0.9227304,0.5078108563420837,1.0285723,0.8167091175295732,0.37102976,0.6039273214162301,0.0011939880828966,0.0768765669080302,-1.310538595555863
0.5686275,0.43137255,0.0,0.019607844,0.8039216,0.1764706,-0.8070827,0.488007447800051,0.9223486,0.5077909335720067,1.0279319,0.8166993085204949,0.38106593,0.6041658966308509,0.0014325632975175,0.0895678340169374,-1.2710467067944604
0.5686275,0.43137255,0.0,0.019607844,0.8235294,0.15686275,-0.7772652,0.4887214590680931,0.9214242,0.5077426927849459,1.0266844,0.8166801999426831,0.3902811,0.6043814505985741,0.0016481172652407,0.1011681011051579,-1.2332207321630115
0.5686275,0.43137255,0.0,0.019607844,0.84313726,0.13725491,-0.7494415,0.489387725903941,0.9207176,0.5077058177749126,1.02522,0.8166577699598987,0.39883205,0.6045837712129175,0.0018504378795841,0.1119333483684091,-1.1979241009212271
0.5686275,0.43137255,0.0,0.039215688,0.74509805,0.21568628,-0.8294833,0.4874710433648244,0.92791057,0.5080811870250849,1.0155034,0.8165089385151919,0.37131023,0.6040203896350338,0.0012870563017003,0.0772061305901519,-1.299463654071382
0.5686275,0.43137255,0.0,0.039215688,0.7647059,0.19607843,-0.7932988,0.4883375182437294,0.9319297,0.5082909282251306,1.0132562,0.816474517511816,0.3839624,0.6043676546602254,0.0016343213268919,0.0934447280335729,-1.253560657500859
0.5686275,0.43137255,0.0,0.039215688,0.78431374,0.1764706,-0.7602488,0.4891289345533772,0.9325244,0.5083219617110101,1.0111431,0.8164421507033792,0.39447293,0.6046310156559221,0.0018976823225888,0.1067589744578768,-1.2116340176962237
0.5686275,0.43137255,0.0,0.039215688,0.8039216,0.15686275,-0.7302523,0.4898472305598559,0.9315119,0.5082691236008933,1.0101689,0.8164272290313412,0.40380946,0.6048478610640301,0.0021145277306968,0.1185150381269062,-1.1735810516786942
0.5686275,0.43137255,0.0,0.039215688,0.8235294,0.13725491,-0.7022342,0.4905181532307407,0.92977506,0.5081784866614282,1.0086762,0.8164043644722052,0.41207233,0.605033668121458,0.0023003347881246,0.1288506193586845,-1.1380377695703563
0.5686275,0.43137255,0.0,0.039215688,0.84313726,0.11764706,-0.677737,0.4911047641813738,0.9257119,0.5079664499103572,1.0048885,0.8163463485292705,0.41762114,0.6051391875403338,0.0024058542070004,0.1355391488993917,-1.1069610458121684
0.5686275,0.43137255,0.0,0.05882353,0.74509805,0.19607843,-0.7474822,0.4894346439325526,0.93509585,0.5084561550204031,1.0011944,0.8162897641319644,0.39626932,0.6047268543616401,0.0019935210283066,0.1089333635261131,-1.195438537682309
0.5686275,0.43137255,0.0,0.05882353,0.7647059,0.1764706,-0.71219045,0.4902797407927017,0.93833256,0.5086250646509248,0.9975813,0.8162344222943527,0.4079078,0.6050464092459931,0.0023130759126597,0.1238016867282357,-1.150668078413822
0.5686275,0.43137255,0.0,0.05882353,0.78431374,0.15686275,-0.67856735,0.4910848805400806,0.9392746,0.5086742261467979,0.9942252,0.8161830162942444,0.4183108,0.6053140409937076,0.0025807076603743,0.1369680981813436,-1.1080144158986056
0.5686275,0.43137255,0.0,0.05882353,0.8039216,0.13725491,-0.65024805,0.4917630153306592,0.93784326,0.5085995305338972,0.992263,0.8161529611398458,0.4266194,0.6055051690014674,0.002771835668134,0.1473681168620957,-1.0720890593486074
0.5686275,0.43137255,0.0,0.05882353,0.8235294,0.11764706,-0.6247636,0.4923732665620142,0.93354625,0.5083752881700577,0.98724383,0.816076081296541,0.43200883,0.6056082120095376,0.0028748786762043,0.1538074510339641,-1.039759951070883
0.5686275,0.43137255,0.0,0.078431375,0.74509805,0.1764706,-0.66117877,0.4915012680529459,0.9409497,0.50876164060542,0.9848248,0.8160390281847163,0.42153192,0.605433978947694,0.0027006456143607,0.140908992141809,-1.0859555714469122
0.5686275,0.43137255,0.0,0.078431375,0.7647059,0.15686275,-0.6290931,0.4922695921630042,0.94286865,0.5088617832412715,0.98120993,0.8159836589578388,0.43166184,0.6057050114540381,0.0029716781207048,0.1537823438819359,-1.0452522806214215
0.5686275,0.43137255,0.0,0.078431375,0.78431374,0.13725491,-0.59898746,0.4929905029732191,0.94243187,0.5088389894771616,0.97695756,0.8159185245447081,0.44013396,0.6059160056650296,0.0031826723316962,0.1643906210460082,-1.0070607908799418
0.5686275,0.43137255,0.0,0.078431375,0.8039216,0.11764706,-0.5707486,0.4936667109160663,0.93963236,0.508692895384269,0.9706415,0.815821780179854,0.4465084,0.606060462160063,0.0033271288267297,0.1721375321862038,-0.971237512401632
0.5686275,0.43137255,0.0,0.09803922,0.74509805,0.15686275,-0.5762842,0.493534155210505,0.944438,0.5089436796680252,0.9669762,0.8157656385756793,0.44504333,0.6060811578180698,0.0033478244847364,0.1704782595890705,-0.9782598788266992
0.5686275,0.43137255,0.0,0.09803922,0.7647059,0.13725491,-0.54771763,0.4942182118464446,0.94481707,0.5089634624654787,0.9616645,0.8156842778484805,0.4529213,0.6062886507201346,0.0035553173868012,0.1803550518234429,-0.9420208023363786
0.5686275,0.43137255,0.0,0.09803922,0.78431374,0.11764706,-0.51989335,0.4948844929552387,0.9422925,0.5088317171217455,0.9551583,0.8155846210916904,0.45918584,0.6064336103895581,0.0037002770562248,0.1879744526649553,-0.90672341496073
0.5686275,0.43137255,0.0,0.09803922,0.8627451,0.039215688,-0.37658182,0.49831623516976,1.0479668,0.5143463927576079,0.287758,0.8053619254548662,0.31971434,0.6060081844607447,0.0032748511274113,-8.942353524018139e-05,-0.724920970436128
0.5686275,0.43137255,0.0,0.09803922,0.88235295,0.019607844,-0.33379906,0.4993407122762847,1.100227,0.5170736193537232,-0.06051885,0.8000273037077987,0.23530303,0.6054805451126022,0.0027472117792688,-0.1131595109309098,-0.6706475341804674
0.5686275,0.43137255,0.0,0.11764706,0.6862745,0.19607843,-0.56013834,0.4939207850579248,0.92777157,0.5080739333326852,0.9742953,0.8158777464927273,0.4473095,0.6059574882944458,0.0032241549611124,0.1725193165554713,-0.957777497868806
0.5686275,0.43137255,0.0,0.11764706,0.7058824,0.1764706,-0.5377401,0.4944571338286614,0.9356756,0.5084864108805965,0.9639658,0.8157195269206607,0.4539671,0.6062210238766396,0.0034876905433062,0.181179086020376,-0.9293634995139554
0.5686275,0.43137255,0.0,0.11764706,0.7254902,0.15686275,-0.5162098,0.4949726997624969,0.9421523,0.508824401219291,0.9545947,0.8155759879950928,0.4601791,0.6064576963256268,0.0037243629922935,0.1892109302821074,-0.9020505076789964
0.5686275,0.43137255,0.0,0.11764706,0.74509805,0.13725491,-0.491355,0.4955678730535304,0.94545925,0.5089969750220454,0.9465583,0.8154528933305347,0.4668875,0.6066725804687035,0.0039392471353701,0.197712491061848,-0.8705201792155801
0.5686275,0.43137255,0.0,0.11764706,0.7647059,0.11764706,-0.46759298,0.4961368790387245,0.94789594,0.5091241354847337,0.92988,0.8151974290830244,0.47006097,0.6068194812021609,0.0040861478688275,0.2014475223700408,-0.8403761087723847
0.5686275,0.43137255,0.0,0.11764706,0.78431374,0.09803922,-0.44453764,0.4966889630189533,0.9569195,0.5095950344951877,0.88132066,0.8144536361367264,0.4645675,0.6069125445502892,0.0041792112169558,0.1937508380078486,-0.8111285106387723
0.5686275,0.43137255,0.0,0.11764706,0.8039216,0.078431375,-0.41470727,0.4974032818689851,0.97102225,0.5103309949969942,0.79725033,0.8131659151949298,0.45118842,0.6069667306869696,0.0042333973536363,0.175424797517784,-0.7732862413225465
0.5686275,0.43137255,0.0,0.11764706,0.8235294,0.05882353,-0.37695897,0.4983072039630783,1.001893,0.5119420052413196,0.61914515,0.8104378448014067,0.4146931,0.6068956846686016,0.0041623513352681,0.1263210663443336,-0.7253994141388006
0.5686275,0.43137255,0.0,0.11764706,0.84313726,0.039215688,-0.3271022,0.4995010752491989,1.0609515,0.5150240033384347,0.25244132,0.8048209733031028,0.3287635,0.6064486839635789,0.0037153506302454,0.0112567814656593,-0.6621520299541646
0.5686275,0.43137255,0.0,0.11764706,0.8627451,0.019607844,-0.28454792,0.5005200815354611,1.1138259,0.5177832867758324,-0.101863086,0.799394026278044,0.24247164,0.6058991315297791,0.0031657981964458,-0.1043204850088501,-0.6081684198087154
0.5686275,0.43137255,0.0,0.11764706,0.88235295,0.0,-0.24287862,0.5015178960649148,1.1604031,0.5202139455982987,-0.43480825,0.7942942426641637,0.16090542,0.6053420281091257,0.0026086947757923,-0.2137262494004363,-0.8717014124402271
0.5686275,0.43137255,0.0,0.13725491,0.6862745,0.1764706,-0.46523625,0.4961933135541871,0.9297979,0.5081796779839792,0.95289916,0.8155500174932088,0.47248694,0.6066410030104583,0.003907669677125,0.2040181109737949,-0.8373863932794058
0.5686275,0.43137255,0.0,0.13725491,0.7058824,0.15686275,-0.44547132,0.4966666051624436,0.9370605,0.5085586803013568,0.94304043,0.815399009514842,0.47820985,0.6068747649928808,0.0041414316595474,0.211465108611758,-0.8123129565305962
0.5686275,0.43137255,0.0,0.13725491,0.7254902,0.13725491,-0.42672125,0.4971155949389237,0.9436764,0.5089039367744618,0.93215483,0.8152322727940701,0.48303667,0.6070839348358185,0.0043506015024851,0.2177082862704165,-0.788526951105936
0.5686275,0.43137255,0.0,0.13725491,0.74509805,0.11764706,-0.41341236,0.497434289844514,0.9545399,0.5094708538941285,0.90578324,0.8148283340752847,0.48230362,0.6072444926046424,0.004511159271309,0.2167506530754109,-0.7716435405022285
0.5686275,0.43137255,0.0,0.13725491,0.7647059,0.09803922,-0.39379433,0.4979040638851898,0.96479654,0.5100061029853559,0.8535425,0.8140281530214192,0.47484827,0.6073127732973216,0.0045794399639882,0.2065438617678255,-0.7467564529442899
0.5686275,0.43137255,0.0,0.13725491,0.78431374,0.078431375,-0.3651252,0.4985905754678686,0.9793287,0.510764471548932,0.76718146,0.8127053446041108,0.46046162,0.6073534638736372,0.0046201305403038,0.1869055894119498,-0.7103873214293
0.5686275,0.43137255,0.0,0.13725491,0.8039216,0.05882353,-0.33100745,0.4994075603332644,1.0108769,0.512410832656946,0.58866596,0.8099709892870495,0.42284513,0.6072631274257533,0.0045297940924199,0.1364104890180833,-0.6671061434200528
0.5686275,0.43137255,0.0,0.13725491,0.8235294,0.039215688,-0.28104922,0.5006038615884685,1.0690207,0.5154451031999531,0.22201762,0.8043549677689626,0.33666304,0.6068013108524615,0.004067977519128,0.020970936082519,-0.6037300274450097
0.5686275,0.43137255,0.0,0.13725491,0.84313726,0.019607844,-0.23694174,0.5016600606746536,1.1214418,0.5181807281534779,-0.13408844,0.7989004244608474,0.2501372,0.6062470710963264,0.0035137377629929,-0.0949786819757823,-0.5477760647724679
0.5686275,0.43137255,0.0,0.13725491,0.8627451,0.0,-0.19624612,0.5026345592760868,1.1687542,0.520649751916792,-0.4728772,0.7937111334108836,0.16654362,0.6056651482012542,0.0029318148679207,-0.207065528796617,-0.923014718678039
0.5686275,0.43137255,0.0,0.15686275,0.7058824,0.13725491,-0.36198565,0.4986657553571683,0.943524,0.5088959832189447,0.9124649,0.8149306786320307,0.4980011,0.6074974724027146,0.0047641390693812,0.2361618729037696,-0.7064045375255662
0.5686275,0.43137255,0.0,0.15686275,0.7254902,0.11764706,-0.3529477,0.4988821781807085,0.9582024,0.5096619849562553,0.8802377,0.8144370482843488,0.49516416,0.6076604038071042,0.0049270704737708,0.2326156255723883,-0.6949391663202239
0.5686275,0.43137255,0.0,0.15686275,0.74509805,0.09803922,-0.340058,0.4991908356369129,0.9692445,0.5102382211421438,0.82850856,0.8136447032994446,0.48589835,0.6076912533595005,0.004957920026167,0.2201740798203177,-0.6785875068566263
0.5686275,0.43137255,0.0,0.15686275,0.7647059,0.078431375,-0.3154211,0.4997807914524781,0.98750204,0.5111910023482419,0.73028773,0.8121402364893263,0.46745622,0.6077040100966822,0.0049706767633487,0.195307086189292,-0.647333583127326
0.5686275,0.43137255,0.0,0.15686275,0.78431374,0.05882353,-0.28588971,0.5004879509927169,1.015658,0.5126603385240743,0.5671398,0.8096412690879032,0.4323027,0.6075965195348981,0.0048631862015648,0.1481337298557614,-0.6098705905574623
0.5686275,0.43137255,0.0,0.15686275,0.8039216,0.039215688,-0.23561823,0.5016917533947745,1.0736741,0.5156879401491977,0.195075,0.8039422827446141,0.34437695,0.6071073254295287,0.0043739920961954,0.0303311032666829,-0.5460970884300087
0.5686275,0.43137255,0.0,0.15686275,0.8235294,0.019607844,-0.19084853,0.5027638100809652,1.1259158,0.5184142024894624,-0.16399238,0.7984423803015597,0.25702497,0.6065401309573291,0.0038067976239957,-0.0867559377506802,-0.5066674917693604
0.5686275,0.43137255,0.0,0.15686275,0.84313726,0.0,-0.14912115,0.5037630151521983,1.1743058,0.5209394641423927,-0.50834745,0.793167828977671,0.17227906,0.6059567694240874,0.003223436090754,-0.2003853255995048,-0.9708252217784034
0.5686275,0.43137255,0.0,0.1764706,0.6666667,0.15686275,-0.30013034,0.500146944617692,0.9258972,0.5079761173528864,0.9151419,0.8149716821889672,0.5136363,0.6076982480531818,0.0049649147198485,0.2549806180102407,-0.6279359896179344
0.5686275,0.43137255,0.0,0.1764706,0.6862745,0.13725491,-0.29471904,0.500276523700332,0.9390123,0.5086605368242204,0.8935953,0.8146416488392147,0.5126295,0.6078595697879224,0.005126236454589,0.2539421971093247,-0.6210713149102822
0.5686275,0.43137255,0.0,0.1764706,0.7058824,0.11764706,-0.28942135,0.5004033823594344,0.95403165,0.5094443306372282,0.8613123,0.8141471648594137,0.5086408,0.6079982926186921,0.0052649592853587,0.2489544897020781,-0.6143507593171708
0.5686275,0.43137255,0.0,0.1764706,0.7254902,0.09803922,-0.28122726,0.500599598259451,0.967806,0.5101631522689137,0.81144875,0.8133833950955763,0.49934253,0.6080487152079804,0.005315381874647,0.2366893395817968,-0.6039558846302935
0.5686275,0.43137255,0.0,0.1764706,0.74509805,0.078431375,-0.2613654,0.5010752106487528,0.9919576,0.5114235186493811,0.6992059,0.8116641498794004,0.47659937,0.608054293059178,0.0053209597258447,0.2063587137940391,-0.5787595005151421
0.5686275,0.43137255,0.0,0.1764706,0.7647059,0.05882353,-0.23627192,0.5016761002547226,1.0195181,0.5128617809027983,0.5481468,0.8093503494357432,0.44379768,0.607962743531088,0.0052294101977547,0.1624517821924256,-0.5469263404390503
0.5686275,0.43137255,0.0,0.1764706,0.78431374,0.039215688,-0.18697476,0.5028565713853426,1.0777233,0.5158992490426265,0.16975972,0.803554523778145,0.35350275,0.607436781402038,0.0047034480687046,0.0414881505391754,-0.4843888525329669
0.5686275,0.43137255,0.0,0.1764706,0.8039216,0.019607844,-0.14341451,0.5038996664796598,1.1288271,0.5185661318855032,-0.19434464,0.7979774689685905,0.2636893,0.6068144224445845,0.0040810891112511,-0.0789247330273513,-0.547579443462605
0.5686275,0.43137255,0.0,0.1764706,0.8235294,0.0,-0.1026265,0.5048763773877475,1.1781551,0.5211403404096172,-0.5398703,0.7926849872618096,0.17855276,0.6062339016863915,0.003500568353058,-0.1930228663226458,-1.0133150376937194
0.5686275,0.43137255,0.0,0.19607843,0.64705884,0.15686275,-0.22249903,0.5020059062920734,0.91527456,0.5074217697748092,0.9016313,0.8147647380259196,0.5314689,0.6080641380309341,0.0053308046976007,0.2765908593788439,-0.5294542985252881
0.5686275,0.43137255,0.0,0.19607843,0.6666667,0.13725491,-0.22094828,0.5020430405729172,0.93137324,0.5082618885715101,0.87786585,0.8144007182491428,0.52943027,0.6082352157978567,0.0055018824645233,0.2743685758982416,-0.5274870461470393
0.5686275,0.43137255,0.0,0.19607843,0.6862745,0.11764706,-0.2188573,0.5020931111385114,0.9478249,0.5091204277654625,0.8444046,0.8138881856561188,0.5244574,0.608367241520031,0.0056339081866975,0.268189401574154,-0.5248344718408327
0.5686275,0.43137255,0.0,0.19607843,0.7058824,0.09803922,-0.21212181,0.5022543993551605,0.9627976,0.5099017860548215,0.79715866,0.8131645110385669,0.5159448,0.6084402321495164,0.0057068988161829,0.2570641856468885,-0.5162899512367684
0.5686275,0.43137255,0.0,0.19607843,0.7254902,0.078431375,-0.1965413,0.5026274909563255,0.9915938,0.5114045321406301,0.6741358,0.8112801468942555,0.4897294,0.6084373899970704,0.005704056663737,0.2223299924527734,-0.4965247821525672
0.5686275,0.43137255,0.0,0.19607843,0.74509805,0.05882353,-0.18110718,0.5029970767650904,1.0195034,0.5128610094981177,0.53053004,0.8090805103885366,0.45630875,0.6083128655505816,0.0055795322172482,0.1778563897947679,-0.4769453384488004
0.5686275,0.43137255,0.0,0.19607843,0.7647059,0.039215688,-0.13595806,0.5040782188951582,1.0796232,0.5159983994281027,0.14390488,0.8031585003289479,0.36252335,0.6077450395507363,0.0050117062174029,0.052365021703546,-0.4196699751382485
0.5686275,0.43137255,0.0,0.19607843,0.78431374,0.019607844,-0.09287743,0.5051098289065256,1.13167,0.5187144904243935,-0.2266508,0.7974826293848211,0.27071393,0.60710231623858,0.0043689829052467,-0.0706924076724905,-0.5911250654154664
0.5686275,0.43137255,0.0,0.19607843,0.8039216,0.0,-0.052660305,0.5060728694544006,1.1807605,0.5212763067055745,-0.5755101,0.7921390863261939,0.1841967,0.6064960874953896,0.0037627541620562,-0.1866447870707502,-1.061354031633849
0.5686275,0.43137255,0.0,0.21568628,0.627451,0.15686275,-0.13462237,0.5041102034970281,0.9043253,0.5068503766416935,0.8886929,0.8145665584279458,0.55279857,0.6085090461888891,0.0057757128555557,0.3026322962839509,-0.4179755358582602
0.5686275,0.43137255,0.0,0.21568628,0.64705884,0.13725491,-0.13999796,0.5039814793638628,0.92281,0.50781501197375,0.8627537,0.8141692424336442,0.54852194,0.608655244590419,0.0059219112570856,0.2976604854642786,-0.4247949181474433
0.5686275,0.43137255,0.0,0.21568628,0.6666667,0.11764706,-0.14102517,0.5039568817252773,0.9404877,0.5087375310986492,0.8283334,0.8136420200643664,0.54259866,0.6087788109627642,0.0060454776294309,0.2903258560560219,-0.4260980203459301
0.5686275,0.43137255,0.0,0.21568628,0.6862745,0.09803922,-0.1371758,0.5040490589093332,0.9561472,0.5095547317111303,0.7795021,0.8128940621237072,0.5328245,0.6088326175813902,0.0060992842480568,0.2776006749521323,-0.4212147755264803
0.5686275,0.43137255,0.0,0.21568628,0.7058824,0.078431375,-0.12580964,0.5043212332878624,0.9881628,0.5112254853816648,0.6484509,0.810886726566534,0.5036014,0.6088111484120203,0.006077815078687,0.2390370670190048,-0.4067958698335656
0.5686275,0.43137255,0.0,0.21568628,0.7254902,0.05882353,-0.11555037,0.5045669020917283,1.0160956,0.5126831758352227,0.50481725,0.8086866627882678,0.46845415,0.6086455802384062,0.0059122469050729,0.1923739549106077,-0.3937811425334602
0.5686275,0.43137255,0.0,0.21568628,0.74509805,0.039215688,-0.078664966,0.5054501610632562,1.0772521,0.5158746636289359,0.11761515,0.8027558155820508,0.37206745,0.6080268800914143,0.0052935467580809,0.0636312195819011,-0.3469889797968226
0.5686275,0.43137255,0.0,0.21568628,0.7647059,0.019607844,-0.039193425,0.5063953477611937,1.1322411,0.5187442952616891,-0.25892937,0.7969882125087214,0.27803946,0.6073759518438681,0.0046426185105347,-0.0622176448943869,-0.6346334893167016
0.5686275,0.43137255,0.0,0.21568628,0.78431374,0.0,-0.00021894556,0.5073286318256016,1.1819887,0.5213404017251227,-0.61284125,0.7915672778840056,0.18964283,0.60674543714491,0.0040121038115766,-0.1806472739654507,-1.111672872465689
0.5686275,0.43137255,0.0,0.23529412,0.5882353,0.1764706,-0.034697324,0.5065030115378609,0.87826365,0.5054903342007863,0.8927346,0.814628465472583,0.578767,0.60887393707041,0.0061406037370767,0.3340757184235729,-0.2912124155805274
0.5686275,0.43137255,0.0,0.23529412,0.60784316,0.15686275,-0.04194249,0.5063295186141579,0.89183307,0.5061984619240371,0.88132745,0.8144537402159366,0.5770727,0.6089939069180439,0.0062605735847105,0.3324611657250766,-0.3004035015261643
0.5686275,0.43137255,0.0,0.23529412,0.627451,0.13725491,-0.051250808,0.5061066213146225,0.9117855,0.5072396902756683,0.85285,0.8140175460717289,0.5711282,0.6091212858873399,0.0063879525540065,0.3253970443496916,-0.3122118692298906
0.5686275,0.43137255,0.0,0.23529412,0.64705884,0.11764706,-0.056532845,0.5059801374987687,0.9315574,0.5082715000249899,0.81743777,0.8134751299637056,0.5641541,0.6092422558291547,0.0065089224958213,0.3168322100899978,-0.3189125668573856
0.5686275,0.43137255,0.0,0.23529412,0.6666667,0.09803922,-0.060181785,0.5058927598604762,0.9498152,0.509224293673099,0.76219183,0.8126289175966681,0.5506084,0.6092486570434145,0.006515323710081,0.299313044933675,-0.3235415474874398
0.5686275,0.43137255,0.0,0.23529412,0.6862745,0.078431375,-0.054889377,0.5060194920255932,0.9816044,0.510883230543708,0.6314202,0.8106258638947237,0.5193784,0.6091761954880083,0.0064428621546749,0.2581969775770028,-0.3168276931307049
0.5686275,0.43137255,0.0,0.23529412,0.7058824,0.05882353,-0.05053212,0.5061238310086588,1.0112306,0.5124292903802304,0.4842323,0.8083713593856924,0.4816436,0.6089748269248605,0.0062414935915271,0.208261654221613,-0.3113001560971037
0.5686275,0.43137255,0.0,0.23529412,0.7254902,0.039215688,-0.021221418,0.5068257059905824,1.0721823,0.5156100904865143,0.10656227,0.8025865165954581,0.38584104,0.6083407710241849,0.0056074376908515,0.0804994200482417,-0.2741171220905186
0.5686275,0.43137255,0.0,0.23529412,0.74509805,0.019607844,0.012099613,0.5076236124095617,1.1310459,0.5186819234606611,-0.28222424,0.7966314006737423,0.28697377,0.6076456455146549,0.0049123121813216,-0.0515733230891782,-0.6660327422947131
0.5686275,0.43137255,0.0,0.23529412,0.7647059,0.0,0.046054747,0.5084367030577084,1.1816442,0.5213224230192609,-0.64148515,0.7911285337991468,0.19540459,0.6069625532920386,0.0042292199587053,-0.1741166144901214,-1.1502821201491122
0.5686275,0.43137255,0.0,0.25490198,0.5686275,0.1764706,0.06054868,0.5087837752564387,0.8606945,0.5045734793013844,0.8881884,0.8145588310030725,0.6031439,0.6093053618536318,0.0065720285202985,0.3637966658450539,-0.1703850359289064
0.5686275,0.43137255,0.0,0.25490198,0.5882353,0.15686275,0.04859099,0.5084974360493184,0.87730503,0.5054403079851503,0.8783736,0.8144084958876703,0.6014232,0.6094487466407129,0.0067154133073796,0.362378219491151,-0.1855543477721523
0.5686275,0.43137255,0.0,0.25490198,0.60784316,0.13725491,0.035406534,0.5081817206212387,0.89949757,0.5065984383614192,0.847049,0.8139286907284167,0.59398437,0.6095696165703581,0.0068362832370248,0.3534811222729961,-0.202279915431678
0.5686275,0.43137255,0.0,0.25490198,0.627451,0.11764706,0.025185678,0.5079369717087527,0.92033803,0.5076860100934372,0.8118298,0.8133892317481302,0.5857845,0.6096707378501066,0.0069374045167733,0.3434323019718002,-0.2152459099042226
0.5686275,0.43137255,0.0,0.25490198,0.64705884,0.09803922,0.01904786,0.5077899953320403,0.94187415,0.5088098845029835,0.7467668,0.8123926495726204,0.5692296,0.6096641764692147,0.0069308431358813,0.3220382118080169,-0.2230322361791469
0.5686275,0.43137255,0.0,0.25490198,0.6666667,0.078431375,0.020682994,0.5078291503052363,0.97396225,0.510484420544855,0.6171741,0.8104076536136543,0.5372731,0.6095737414879152,0.0068404081545818,0.2800501431546734,-0.2209579341490531
0.5686275,0.43137255,0.0,0.25490198,0.6862745,0.05882353,0.02234326,0.5078689070615249,1.0048655,0.512097126013176,0.46732888,0.8081124463731231,0.49817923,0.6093594931492746,0.0066261598159413,0.2283991787899741,-0.2188517516248997
0.5686275,0.43137255,0.0,0.25490198,0.7058824,0.039215688,0.04400715,0.5083876712057708,1.0656576,0.5152695961931107,0.099485025,0.8024781130766171,0.40304995,0.6087117934918328,0.0059784601584995,0.1017409895580915,-0.1913693290942863
0.5686275,0.43137255,0.0,0.25490198,0.7254902,0.019607844,0.07213412,0.5090612005626536,1.1258453,0.5184105258752186,-0.29622814,0.7964169002687329,0.30058375,0.6079628755688684,0.005229542235535,-0.0349987667799358,-0.6849086646171004
0.5686275,0.43137255,0.0,0.25490198,0.74509805,0.0,0.08763745,0.5094324436388794,1.1789888,0.521183850122004,-0.6648528,0.7907706072210473,0.20059115,0.6071289669939769,0.0043956336606435,-0.1683185771573275,-1.1817794699328084
0.5686275,0.43137255,0.0,0.27450982,0.54901963,0.1764706,0.15320198,0.5110024539785817,0.83795196,0.5033866452057915,0.8853144,0.8145148091490387,0.6254895,0.6096346361111373,0.0069013027778039,0.3906660232397501,-0.0528467157154868
0.5686275,0.43137255,0.0,0.27450982,0.5686275,0.15686275,0.13669482,0.5106071729416716,0.85813355,0.5044398334404744,0.8758692,0.8143701353948888,0.62356585,0.6098057139256783,0.0070723805923449,0.3892200447265479,-0.0737874083119154
0.5686275,0.43137255,0.0,0.27450982,0.5882353,0.13725491,0.11863403,0.5101746887569526,0.8848282,0.5058329094205257,0.8452501,0.8139011371269662,0.61623746,0.6099695784348148,0.0072362451014815,0.3807592167376832,-0.0966990016324837
0.5686275,0.43137255,0.0,0.27450982,0.60784316,0.11764706,0.10310362,0.5098027971537358,0.9075134,0.507016748101976,0.8126433,0.8134016920381433,0.60775346,0.6100737457646183,0.0073404124312849,0.3705326891157621,-0.1164005987620405
0.5686275,0.43137255,0.0,0.27450982,0.627451,0.09803922,0.0938105,0.5095802637251216,0.9300216,0.5081913517007784,0.745056,0.8123664444360255,0.58962935,0.6100460199539751,0.0073126866206418,0.3471411439814049,-0.1281896897780597
0.5686275,0.43137255,0.0,0.27450982,0.64705884,0.078431375,0.09203469,0.5095377401582203,0.9640221,0.5099656882231997,0.6144331,0.8103656695210002,0.5568299,0.6099563659674734,0.00722303263414,0.3041744407655678,-0.130442448851816
0.5686275,0.43137255,0.0,0.27450982,0.6666667,0.05882353,0.089227624,0.5094705220751115,0.99684656,0.5116786514159738,0.46126598,0.8080195798718263,0.51578003,0.6097229177876372,0.0069895844543038,0.2500726868956954,-0.1340034423826626
0.5686275,0.43137255,0.0,0.27450982,0.6862745,0.039215688,0.10340426,0.5098099962493662,1.0587227,0.5149076954198212,0.10395639,0.8025466017618393,0.4220278,0.6090880978103422,0.0063547644770088,0.1255067315356355,-0.1454981714842472
0.5686275,0.43137255,0.0,0.27450982,0.7058824,0.019607844,0.12200229,0.5102553451756932,1.1191511,0.5180611853120104,-0.29568115,0.7964252786451581,0.3151574,0.6082472697109539,0.0055139363776205,-0.0169090555610389,-0.684171371917896
0.5686275,0.43137255,0.0,0.27450982,0.7254902,0.0,0.1281709,0.5104030587500746,1.1726775,0.5208544914284249,-0.66572434,0.7907572576928694,0.21170801,0.6073382692904563,0.0046049359571229,-0.1546279852530598,-1.182954221360039
0.5686275,0.43137255,0.0,0.29411766,0.5294118,0.1764706,0.23595947,0.5129841672718084,0.81715757,0.5023014778923948,0.8830406,0.8144799809585771,0.6453859,0.6099218753742601,0.0071885420409267,0.414564402284972,0.0521379534508047
0.5686275,0.43137255,0.0,0.29411766,0.54901963,0.15686275,0.21759698,0.5125444584785677,0.8406088,0.5035252927551143,0.876214,0.8143754169583213,0.64480656,0.6101483893973344,0.007415056064001,0.4150945524147998,0.0288436240714405
0.5686275,0.43137255,0.0,0.29411766,0.5686275,0.13725491,0.19743298,0.5120616107760345,0.86909455,0.5050118393426307,0.84619194,0.8139155630532922,0.6375732,0.6103296710573192,0.0075963377239857,0.4068803908589409,0.0032639367970979
0.5686275,0.43137255,0.0,0.29411766,0.5882353,0.11764706,0.17869493,0.5116129089562431,0.8930701,0.5062630172979915,0.81258947,0.813400867621241,0.6281182,0.6104255979584919,0.0076922646251585,0.3954753281056209,-0.0205068136268502
0.5686275,0.43137255,0.0,0.29411766,0.60784316,0.09803922,0.16324358,0.5112429103025106,0.9163913,0.5074800481542258,0.751059,0.8124583938534039,0.61023134,0.6103937841033801,0.0076604507700467,0.3725949601624254,-0.040108128502645
0.5686275,0.43137255,0.0,0.29411766,0.627451,0.078431375,0.15508752,0.5110476050164589,0.9518097,0.5093283773159275,0.62227637,0.8104858061448459,0.5763912,0.6102872628257441,0.0075539294924107,0.3284440796801808,-0.0504547618489762
0.5686275,0.43137255,0.0,0.29411766,0.64705884,0.05882353,0.15005389,0.5109270696293283,0.9869421,0.5111617822854623,0.46471187,0.8080723612695683,0.53390265,0.6100537377281197,0.0073204043947862,0.2725432623572369,-0.0568403312368289
0.5686275,0.43137255,0.0,0.29411766,0.6666667,0.039215688,0.15769352,0.5111100084780049,1.0485736,0.5143780576755445,0.119603276,0.8027862681090482,0.4419568,0.6094247780875325,0.0066914447541991,0.1505764438063821,-0.1244076595432235
0.5686275,0.43137255,0.0,0.29411766,0.6862745,0.019607844,0.16289385,0.5112345356513522,1.1112584,0.5176492987596205,-0.28610396,0.7965719741836159,0.32934943,0.6084852695315296,0.0057519361981962,0.0008613914177746,-0.671262242031407
0.5686275,0.43137255,0.0,0.3137255,0.50980395,0.1764706,0.30348772,0.5146012007246884,0.79554623,0.5011736780283852,0.87979496,0.814430266702123,0.6596096,0.6100683818183988,0.0073350484850655,0.43119047049696,0.1378030810258517
0.5686275,0.43137255,0.0,0.3137255,0.5294118,0.15686275,0.28589392,0.5141798990364608,0.8235987,0.5026376112609509,0.87638474,0.8143780317202349,0.6619591,0.6103985140058822,0.0076651806725488,0.4358099477340419,0.1154838996846599
0.5686275,0.43137255,0.0,0.3137255,0.54901963,0.13725491,0.26741433,0.5137373863229473,0.8533311,0.5041892140133636,0.844097,0.8138834747023916,0.65494746,0.6106033583462342,0.0078700250129008,0.4278940993307858,0.0920410278076454
0.5686275,0.43137255,0.0,0.3137255,0.5686275,0.11764706,0.24757288,0.5132622624252277,0.87878466,0.5055175231052739,0.80983907,0.8133587392784534,0.64539886,0.6107128416029849,0.0079795082696516,0.4164440463557484,0.0668705223739974
0.5686275,0.43137255,0.0,0.3137255,0.5882353,0.09803922,0.22970669,0.5128344380006057,0.90089667,0.5066714511923353,0.7601465,0.8125975888414073,0.6302499,0.6107011593447828,0.0079678260114494,0.3972754667662823,0.0442057878567939
0.5686275,0.43137255,0.0,0.3137255,0.60784316,0.078431375,0.21790533,0.512551842230439,0.9365292,0.5085309563903971,0.6355307,0.8106888254260964,0.5966551,0.6105905413489775,0.0078572080156441,0.3535590601633331,0.029234791022821
0.5686275,0.43137255,0.0,0.3137255,0.627451,0.05882353,0.20881467,0.5123341569648111,0.97435695,0.5105050182940275,0.47398922,0.8082144640846299,0.55238694,0.6103512131144896,0.0076178797811561,0.2954616943929044,0.0177025397771762
0.5686275,0.43137255,0.0,0.3137255,0.6666667,0.019607844,0.19676267,0.5120455594207849,1.1025853,0.5171966895053027,-0.27105126,0.7968025393060248,0.34276557,0.6086815960773708,0.0059482627440374,0.0177442810104693,-0.6509726330646888
0.5686275,0.43137255,0.0,0.33333334,0.50980395,0.15686275,0.32956216,0.5152255800317982,0.8056528,0.5017010948737025,0.8795463,0.8144264577682181,0.67158705,0.6104510442245729,0.0077177108912395,0.4470012317552045,0.1708806484092081
0.5686275,0.43137255,0.0,0.33333334,0.5294118,0.13725491,0.3046974,0.5146301676689167,0.8414733,0.5035704074869171,0.8471244,0.8139298456424602,0.66443163,0.610710140266098,0.0079768069327646,0.439274735832069,0.1393376547035666
0.5686275,0.43137255,0.0,0.33333334,0.54901963,0.11764706,0.28558254,0.5141724428493877,0.86730427,0.504918412282204,0.8119921,0.8133917177804942,0.6549597,0.6108275243040286,0.0080941909706953,0.4279219475388077,0.1150888953539192
0.5686275,0.43137255,0.0,0.33333334,0.5686275,0.09803922,0.26975018,0.5137933205716471,0.88820475,0.5060091162904855,0.76881653,0.8127303893488089,0.64225715,0.6108442754036472,0.0081109420703138,0.4119545053866565,0.0950042408086786
0.5686275,0.43137255,0.0,0.33333334,0.5882353,0.078431375,0.25830072,0.5135191515488923,0.9227845,0.5078136806785755,0.64895105,0.8108943873441938,0.6100121,0.6107424065238872,0.0080090731905538,0.3700111473979133,0.0804796654082228
0.5686275,0.43137255,0.0,0.33333334,0.64705884,0.019607844,0.22861014,0.5128081800615583,1.0903549,0.5165584392262018,-0.25372294,0.7970679604646491,0.35508072,0.6088115265841364,0.006078193250803,0.0330713369730757,-0.6276157113251192
0.5686275,0.43137255,0.0,0.3529412,0.49019608,0.15686275,0.37522176,0.5163189462266032,0.78323704,0.5005313156646564,0.87861425,0.8144121815698788,0.6790244,0.6104208144870461,0.0076874811537127,0.4550296751163669,0.2288036025678866
0.5686275,0.43137255,0.0,0.3529412,0.50980395,0.13725491,0.34475222,0.5155893217827586,0.8253522,0.5027291191411843,0.85244614,0.8140113597495477,0.67418355,0.6107766002244969,0.0080432668911635,0.4507927413706869,0.1901504931022163
0.5686275,0.43137255,0.0,0.3529412,0.5294118,0.11764706,0.32210755,0.5150470718624329,0.8549304,0.5042726750229977,0.8169514,0.813467680083393,0.66466314,0.6109291423229412,0.0081958089896078,0.4396000119884689,0.1614238712011497
0.5686275,0.43137255,0.0,0.3529412,0.54901963,0.09803922,0.30149794,0.5145535533485281,0.8771925,0.5054344353559691,0.77601796,0.8128406950521636,0.6515694,0.6109428945855536,0.0082095612522202,0.4232795575540342,0.1352788793464649
0.5686275,0.43137255,0.0,0.3529412,0.5686275,0.078431375,0.2862196,0.5141876977742417,0.9117802,0.507239413440924,0.6621397,0.8110964005264119,0.62004644,0.6108411705805258,0.0081078372471925,0.3824110260599028,0.1158970512281452
0.5686275,0.43137255,0.0,0.3529412,0.5882353,0.05882353,0.2736712,0.5138872137206548,0.9492123,0.5091928309378407,0.4973541,0.8085723482093674,0.5734125,0.610550797622621,0.0078174642892876,0.3212022646249223,0.0999783918219723
0.5686275,0.43137255,0.0,0.3529412,0.60784316,0.039215688,0.2607643,0.5135781444899538,1.0064355,0.5121790566554599,0.19625852,0.8039604107867082,0.48781943,0.6099058706440407,0.0071725373107072,0.208186414844725,-0.021083724197074
0.5686275,0.43137255,0.0,0.37254903,0.47058824,0.15686275,0.41365826,0.5172393478643309,0.7603337,0.4993360925431622,0.87325156,0.8143300402486031,0.68241453,0.6103018268853654,0.007568493552032,0.457776829325444,0.2043288357876442
0.5686275,0.43137255,0.0,0.37254903,0.49019608,0.13725491,0.38055444,0.5164466427076451,0.8060196,0.5017202369075907,0.85402787,0.8140355873811478,0.6802006,0.6107341556654612,0.0080008223321278,0.4572761189450762,0.2355685432188358
0.5686275,0.43137255,0.0,0.37254903,0.50980395,0.11764706,0.35315394,0.5157905096635695,0.8432533,0.5036632995408717,0.8236796,0.8135707376740268,0.6733623,0.6110081822928226,0.0082748489594893,0.4500937627555739,0.2008087670207457
0.5686275,0.43137255,0.0,0.37254903,0.5294118,0.09803922,0.3307706,0.5152545177164869,0.8653357,0.5048156817080692,0.78836066,0.8130297503727055,0.661489,0.6110333165990872,0.0082999832657538,0.4354587902803328,0.172413672012504
0.5686275,0.43137255,0.0,0.37254903,0.54901963,0.078431375,0.31308085,0.5148309180839278,0.8982726,0.506534511309019,0.68371636,0.8114268940158307,0.63168997,0.6109307744695925,0.0081974411362591,0.3969195717788685,0.1499727531191505
0.5686275,0.43137255,0.0,0.37254903,0.5882353,0.039215688,0.28383204,0.5141305253474626,0.99247634,0.5114505893547644,0.22471464,0.8043962785421644,0.500341,0.6099924644147973,0.0072591310814638,0.223963011791735,0.0172724080184614
0.5686275,0.43137255,0.0,0.39215687,0.47058824,0.13725491,0.42503506,0.517511777014949,0.77741164,0.5002273137894485,0.86008376,0.8141283466078201,0.6875102,0.6106224791374059,0.0078891458040725,0.4649455784148866,0.229151614209739
0.5686275,0.43137255,0.0,0.39215687,0.49019608,0.11764706,0.38815784,0.5166287141180188,0.8235088,0.5026329206228125,0.83156514,0.8136915215975222,0.68107724,0.6109843854461178,0.0082510521127845,0.4588722861463836,0.2452140892461342
0.5686275,0.43137255,0.0,0.39215687,0.50980395,0.09803922,0.359236,0.5159361508061688,0.8532274,0.5041838017385886,0.7971642,0.8131645959452911,0.66987586,0.6110948494966829,0.0083615161633494,0.4455846435636975,0.2085243569726563
0.5686275,0.43137255,0.0,0.39215687,0.5294118,0.078431375,0.33759797,0.5154180057509625,0.8843314,0.5058069833801523,0.7061881,0.8117710976587612,0.6427058,0.6109986955966255,0.0082653622632919,0.4106289765021647,0.181074731748408
0.5686275,0.43137255,0.0,0.39215687,0.54901963,0.05882353,0.32101062,0.5150208046459704,0.9249659,0.50792751885801,0.53503424,0.8091495021232751,0.5936703,0.6106992752090852,0.0079659418757518,0.3464026007416463,0.1600323202438752
0.5686275,0.43137255,0.0,0.39215687,0.5686275,0.039215688,0.30231357,0.5145730844480512,0.9783071,0.5107111606423981,0.26152697,0.8049601399888647,0.51404923,0.6100814616931047,0.0073481283597713,0.2414529679426505,0.0668919174456759
0.5686275,0.43137255,0.0,0.4117647,0.4509804,0.13725491,0.46900195,0.5185646094699591,0.7443816,0.4985036224727094,0.8698148,0.8142773989926048,0.6943994,0.610448543645091,0.0077152103117577,0.4719065629297869,0.1811424270389966
0.5686275,0.43137255,0.0,0.4117647,0.47058824,0.11764706,0.433451,0.5177133053055257,0.7930182,0.5010417522754927,0.8431847,0.8138695006989523,0.68988466,0.6108748527599902,0.0081415194266568,0.4684729743276452,0.2518357974714646
0.5686275,0.43137255,0.0,0.4117647,0.49019608,0.09803922,0.39701116,0.5168407158964865,0.83386296,0.5031732584965295,0.81323105,0.8134106948898299,0.68136835,0.6111415564276154,0.0084082230942819,0.459395066442611,0.2564452479869916
0.5686275,0.43137255,0.0,0.4117647,0.50980395,0.078431375,0.36665162,0.5161137255248553,0.8668356,0.5048939543991259,0.73221785,0.8121698004628906,0.65523505,0.6110591601289572,0.0083258267956239,0.4261331125389283,0.2179316830259857
0.5686275,0.43137255,0.0,0.4117647,0.5294118,0.05882353,0.34530497,0.5156025577993786,0.9101077,0.50715213273392,0.56025916,0.809535877018843,0.6052239,0.6107635225173805,0.0080301891840471,0.360810495619329,0.1908516938413318
0.5686275,0.43137255,0.0,0.4117647,0.54901963,0.039215688,0.32277188,0.5150629797745736,0.9639494,0.5099618934098517,0.30348346,0.8056027953320655,0.5300682,0.6102092228388303,0.0074758895054968,0.2619987612325814,0.123445248138896
0.5686275,0.43137255,0.0,0.4117647,0.5686275,0.019607844,0.28966406,0.5142701789891485,1.0405535,0.5139595208682873,-0.13843817,0.7988337989304349,0.3972598,0.6090211662626236,0.0062878329292902,0.0865574279186342,-0.4722228592109175
0.5686275,0.43137255,0.0,0.43137255,0.4509804,0.11764706,0.47641343,0.5187420849916698,0.76092815,0.4993671135870307,0.854333,0.8140402609028783,0.69722486,0.6107164864938596,0.0079831531605262,0.4761013856042507,0.2051928507576412
0.5686275,0.43137255,0.0,0.43137255,0.47058824,0.09803922,0.43969917,0.5178629243182193,0.80510676,0.5016725995580623,0.8259808,0.813605984920256,0.69026226,0.6110471695988459,0.0083138362655125,0.4692422331444573,0.2694064987744878
0.5686275,0.43137255,0.0,0.43137255,0.49019608,0.078431375,0.40178353,0.5169549950944922,0.8447375,0.5037407541697067,0.7620052,0.8126260590702884,0.66950876,0.6111072694448291,0.0083739361114957,0.4436659988631938,0.262499384998748
0.5686275,0.43137255,0.0,0.43137255,0.50980395,0.05882353,0.37420994,0.5162947171868523,0.8929053,0.5062544167579036,0.5936288,0.8100470063684798,0.620248,0.6108653801044119,0.0081320467710785,0.3796917533743144,0.2275200275264483
0.5686275,0.43137255,0.0,0.43137255,0.5294118,0.039215688,0.34805524,0.5156684160275422,0.9451648,0.5089816091384888,0.35832107,0.8064427533602448,0.5505137,0.6103642595087586,0.0076309261754252,0.2882275875877174,0.1943406467182532
0.5686275,0.43137255,0.0,0.43137255,0.54901963,0.019607844,0.3115058,0.5147932018237045,1.0229484,0.5130407903357307,-0.08895345,0.7995917655935691,0.41516688,0.6091419192510015,0.006408585917668,0.1094973338821949,-0.4055221932813784
0.5686275,0.43137255,0.0,0.43137255,0.5686275,0.0,0.28166217,0.5140785654006207,1.0953273,0.5168179235861338,-0.49821764,0.7933229891687414,0.2929239,0.6080731593851653,0.0053398260518319,-0.051937779199014,-0.9571712069337962
0.5686275,0.43137255,0.0,0.4509804,0.43137255,0.11764706,0.5130009,0.5196182098094725,0.7275577,0.4976256581891191,0.86843294,0.8142562325679518,0.7029972,0.6105000335221811,0.0077667001888477,0.481739935302521,0.15668888874546
0.5686275,0.43137255,0.0,0.4509804,0.4509804,0.09803922,0.47614014,0.5187355408458563,0.77402323,0.5000504879294426,0.84222996,0.8138548766569366,0.69746447,0.6108803018107452,0.0081469684774118,0.4768924890818538,0.2242265642734716
0.5686275,0.43137255,0.0,0.4509804,0.47058824,0.078431375,0.4350447,0.5177514683089638,0.81718934,0.5023031357903575,0.7935162,0.8131087191040196,0.6819167,0.6110544410677803,0.0083211077344469,0.4585416781111802,0.2869685365362496
0.5686275,0.43137255,0.0,0.4509804,0.49019608,0.05882353,0.40224206,0.5169659752719717,0.8727647,0.5052033685491087,0.6331273,0.8106520115138602,0.6360447,0.6109404517783136,0.0082071184449802,0.3995340262413074,0.2630810787805988
0.5686275,0.43137255,0.0,0.4509804,0.50980395,0.039215688,0.37368342,0.5162821091798633,0.9250614,0.5079325018834063,0.41605002,0.807326998461849,0.5715983,0.6105138698417062,0.0077805365083728,0.3152623363981831,0.2268520966773646
0.5686275,0.43137255,0.0,0.4509804,0.5294118,0.019607844,0.33502635,0.5153564258384098,1.0039626,0.5120500081176059,-0.032091584,0.8004627294689772,0.43563247,0.6092897211416642,0.0065563878083309,0.1357927728222069,-0.3288778323670456
0.5686275,0.43137255,0.0,0.4509804,0.54901963,0.0,0.3043246,0.5146212406547419,1.0786816,0.5159492597057488,-0.44849187,0.7940846481331569,0.31150478,0.6082183828312159,0.0054850494978825,-0.0280776982749845,-0.8901456204421109
0.5686275,0.43137255,0.0,0.47058824,0.4117647,0.11764706,0.5453326,0.5203924257917049,0.6868064,0.4954990261258826,0.88441193,0.8145009857865615,0.705517,0.6101308125680497,0.0073974792347163,0.4828470903125542,0.0974567769539035
0.5686275,0.43137255,0.0,0.47058824,0.43137255,0.09803922,0.5076238,0.5194894492802946,0.74141926,0.4983490304863195,0.86009353,0.8141284963358068,0.70304555,0.6106556587008071,0.0079223253674736,0.4824351776055616,0.1768366470320924
0.5686275,0.43137255,0.0,0.47058824,0.4509804,0.078431375,0.46351582,0.5184332384189289,0.78673464,0.5007138399656897,0.824692,0.8135862445633786,0.6916475,0.6109111076493324,0.008177774315999,0.4698330118108249,0.2427026056383087
0.5686275,0.43137255,0.0,0.47058824,0.47058824,0.05882353,0.4293548,0.517615217337642,0.84703654,0.5038607293710556,0.67644006,0.8113154416152122,0.65094376,0.6109304627746367,0.0081971294413032,0.4179941253264112,0.2974757935489767
0.5686275,0.43137255,0.0,0.47058824,0.49019608,0.039215688,0.39904708,0.5168894679986794,0.90328664,0.506796173020872,0.4783823,0.8082817535764956,0.59357196,0.6106557981986823,0.0079224648653489,0.3434437279032816,0.2590279744274797
0.5686275,0.43137255,0.0,0.47058824,0.50980395,0.019607844,0.36009008,0.5159566025107191,0.9848822,0.5110542833106205,0.028506998,0.8013909293209138,0.4578264,0.6094672717140844,0.0067339383807511,0.164373779296051,-0.2471967357554023
0.5686275,0.43137255,0.0,0.47058824,0.5294118,0.0,0.32672423,0.515157622966902,1.0617213,0.5150641785918796,-0.39508566,0.7949026810540191,0.33111998,0.6083748275376002,0.0056414942042668,-0.0028275382653093,-0.8181591555649232
0.5686275,0.43137255,0.0,0.49019608,0.4117647,0.09803922,0.5393605,0.5202494180076718,0.7063516,0.496519003522765,0.8795411,0.8144263783393472,0.7084177,0.6103982666232614,0.0076649332899279,0.4876029121450235,0.1258657416457342
0.5686275,0.43137255,0.0,0.49019608,0.43137255,0.078431375,0.4923271,0.5191231540992665,0.7555246,0.499085124739744,0.84819406,0.8139462299012948,0.6986819,0.6107181695801018,0.0079848362467684,0.477454387650689,0.197338744156315
0.5686275,0.43137255,0.0,0.49019608,0.4509804,0.05882353,0.45500755,0.5182294992489922,0.8184763,0.5023702977656116,0.7216607,0.8120080942372807,0.6650482,0.6108692970839615,0.0081359637506281,0.4353219234457821,0.2888391683654061
0.5686275,0.43137255,0.0,0.49019608,0.47058824,0.039215688,0.42343193,0.5174733884989616,0.87771803,0.5054618606586653,0.54275084,0.8092676986741227,0.6146336,0.6107343159439166,0.0080009826105832,0.3702880103372823,0.2899621669522362
0.5686275,0.43137255,0.0,0.49019608,0.49019608,0.019607844,0.38576454,0.5165714039573094,0.9648987,0.5100114343870595,0.092762426,0.8023751417621707,0.4811419,0.6096526600355132,0.0069193267021798,0.19441856054733,-0.1605865608744675
0.5686275,0.43137255,0.0,0.49019608,0.50980395,0.0,0.35021484,0.515720129766063,1.0427395,0.5140736016669359,-0.33635902,0.7958022079965072,0.35219845,0.6085319798098353,0.005798646476502,0.0242949863493744,-0.7390012598371266
0.5686275,0.43137255,0.0,0.50980395,0.4117647,0.078431375,0.5229405,0.5198562240323137,0.72240615,0.4973568205474352,0.86941105,0.8142712144963746,0.7049193,0.6104947530253745,0.0077614196920411,0.4838865361086086,0.1492010766686648
0.5686275,0.43137255,0.0,0.50980395,0.43137255,0.05882353,0.48111898,0.5188547641924112,0.78587145,0.5006687936649473,0.76388043,0.8126547821933908,0.67695695,0.6107261133502497,0.0079927800169164,0.4495357458510917,0.2414479515928361
0.5686275,0.43137255,0.0,0.50980395,0.4509804,0.039215688,0.4473197,0.5180454053621478,0.8509909,0.5040670894546183,0.60097027,0.810159456651351,0.6330936,0.6107573171560391,0.0080239838227057,0.3935979711063404,0.320265743834118
0.5686275,0.43137255,0.0,0.50980395,0.47058824,0.019607844,0.4113719,0.5171845982701623,0.9406145,0.508744150248489,0.1589593,0.8033890916994032,0.5036486,0.6097726134060181,0.0070392800726848,0.2232235590322641,-0.0713595020577068
0.5686275,0.43137255,0.0,0.5294118,0.39215687,0.078431375,0.5525722,0.5205657849957436,0.6863353,0.4954744438226947,0.8912172,0.8146052229415782,0.7100416,0.6102151505866722,0.0074818172533388,0.4887378025874289,0.0967720972880169
0.5686275,0.43137255,0.0,0.5294118,0.4117647,0.05882353,0.5070243,0.5194750935510486,0.7502999,0.4988124705111929,0.8100213,0.8133615302446441,0.6891152,0.6105496981022952,0.0078163647689618,0.4639867953101097,0.1897446304282427
0.5686275,0.43137255,0.0,0.5294118,0.4509804,0.019607844,0.43690294,0.5177959656459069,0.91439325,0.5073757778812326,0.22440055,0.8043914676176169,0.52523226,0.6098544037149188,0.0071210703815854,0.2507182718610706,0.0168490491998437
0.5686275,0.43137255,0.0,0.54901963,0.37254903,0.078431375,0.5873824,0.5213993507426914,0.6453237,0.493334228193974,0.9148884,0.8149677993040444,0.71586484,0.60990045941357,0.0071671260802366,0.4942230220649481,0.0371616486495761
0.5686275,0.43137255,0.0,0.54901963,0.39215687,0.05882353,0.5367115,0.5201859847530604,0.71292573,0.4968620795334463,0.8596365,0.8141214956394541,0.7030912,0.6103898533086536,0.0076565199753202,0.4807247578824237,0.1354212811153822
0.5686275,0.43137255,0.0,0.5686275,0.37254903,0.05882353,0.5718168,0.5210266170356512,0.6701846,0.4946316095570981,0.90639955,0.8148377742422495,0.71613365,0.6101653336116662,0.0074320002783329,0.4958720303717503,0.0732970193445403
0.5686275,0.43137255,0.0,0.5686275,0.39215687,0.039215688,0.5278714,0.5199742984067028,0.75130874,0.4988651188806423,0.75643414,0.812540725986565,0.6785381,0.6104600477579701,0.0077267144246367,0.4492142238074222,0.1912110214221433
0.5686275,0.43137255,0.0,0.5882353,0.3529412,0.05882353,0.61251956,0.5220012865556145,0.63036096,0.4925533893585733,0.943178,0.8154011166623618,0.72868615,0.6099852641921832,0.0072519308588498,0.510313667321062,0.0154133011149044
0.5686275,0.43137255,0.0,0.5882353,0.37254903,0.039215688,0.5683583,0.5209437996928623,0.71003264,0.4967111019512453,0.82139504,0.8135357442349945,0.6999286,0.6103968819597007,0.0076635486263673,0.4755232997684005,0.1312161714579352
0.5686275,0.43137255,0.0,0.5882353,0.39215687,0.019607844,0.52573895,0.5199232355145269,0.8125654,0.5020618323189657,0.45798615,0.8079693420239067,0.59876347,0.6099848032857997,0.0072514699524664,0.3438982509739297,0.2802476211319115
0.5686275,0.43137255,0.0,0.60784316,0.33333334,0.05882353,0.6474146,0.5228368847700953,0.5906625,0.4904817012158115,0.9724651,0.8158497126661488,0.7368474,0.6097227662173519,0.0069894328840185,0.5189942272087436,-0.0422884827482424
0.5686275,0.43137255,0.0,0.60784316,0.3529412,0.039215688,0.60766,0.5218849192255859,0.66613555,0.4944203068846748,0.8862222,0.814528713766338,0.7200059,0.6102779799588662,0.0075446466255328,0.5000012166595768,0.0674117024948619
0.5686275,0.43137255,0.0,0.60784316,0.37254903,0.019607844,0.56490976,0.5208612207082742,0.769842,0.4998322892724353,0.5533896,0.8094306547632311,0.62938046,0.6100413882479802,0.0073080549146468,0.3826274786750512,0.21814917671403
0.5686275,0.43137255,0.0,0.60784316,0.39215687,0.0,0.5206744,0.5198019597183144,0.87614137,0.505379581640074,0.10196173,0.8025160492640216,0.4995925,0.60923253020747,0.0064991968741366,0.2125969446752414,-0.1481867751516226
0.5686275,0.43137255,0.0,0.627451,0.3137255,0.05882353,0.68222255,0.5236703962798477,0.5518382,0.4884556348167998,1.0012494,0.8162906077213528,0.74510336,0.6094722129393334,0.006738879606,0.5278356055693797,-0.0987195850145832
0.5686275,0.43137255,0.0,0.627451,0.33333334,0.039215688,0.6453194,0.5227867125097596,0.62120336,0.4920754948274474,0.94940215,0.815496453218951,0.7386417,0.6101195535187194,0.007386220185386,0.522543093613626,0.002102722956338
0.5686275,0.43137255,0.0,0.627451,0.3529412,0.019607844,0.60373855,0.5217910160855159,0.72373104,0.4974259608024347,0.64565897,0.8108439618798031,0.65770954,0.6100203129225846,0.0072869795892512,0.4181626187999783,0.1511268086202436
0.5686275,0.43137255,0.0,0.627451,0.37254903,0.0,0.55786514,0.5206925301849239,0.8356548,0.5032667664300275,0.19717446,0.8039744404816548,0.5302314,0.6093112456988687,0.0065779123655353,0.2514869050651427,-0.0198491184535245
0.5686275,0.43137255,0.0,0.64705884,0.29411766,0.05882353,0.716119,0.5244820816003348,0.5117343,0.4863627890343715,1.0256557,0.8166644438110121,0.7511697,0.6091697714819061,0.0064364381485728,0.5337045142233096,-0.157010662954329
0.5686275,0.43137255,0.0,0.64705884,0.3137255,0.039215688,0.67824274,0.5235750958183487,0.58304423,0.490084138528559,0.98934096,0.8161082034275361,0.75020933,0.6099224792581479,0.0071891459248145,0.5359215332254236,-0.0533616147406458
0.5686275,0.43137255,0.0,0.64705884,0.33333334,0.019607844,0.64092207,0.5226814138494768,0.67680335,0.4949770122238321,0.7301869,0.8121386917347321,0.68263745,0.6099323726026803,0.0071990392693469,0.4491281018879625,0.0829173621028234
0.5686275,0.43137255,0.0,0.64705884,0.3529412,0.0,0.5961615,0.5216095755393624,0.79016644,0.5008929302716935,0.29190773,0.8054254877241366,0.55941194,0.6093093311783976,0.0065759978450641,0.2882055952838881,0.1078422723110047
0.5686275,0.43137255,0.0,0.6666667,0.29411766,0.039215688,0.71339065,0.5244167486165898,0.54491276,0.4880942255029438,1.019802,0.816574780484357,0.7593684,0.6096952515346302,0.0069619182012968,0.5459956664966565,-0.1087857536061768
0.5686275,0.43137255,0.0,0.6666667,0.3137255,0.019607844,0.6776975,0.5235620389272031,0.6324112,0.4926603813214678,0.809555,0.8133543880370845,0.7065546,0.6098589360952519,0.0071256027619184,0.4788311676713342,0.0183932994025802
0.5686275,0.43137255,0.0,0.6666667,0.33333334,0.0,0.6320459,0.5224688654171712,0.7438941,0.4984781816707641,0.38587046,0.8068647324754736,0.5872702,0.609270593187803,0.0065372598544696,0.3231783440860214,0.1804338359992286
0.5686275,0.43137255,0.0,0.6862745,0.27450982,0.039215688,0.74863416,0.5252606907953947,0.50367707,0.4859423174944074,1.0491837,0.8170248262932833,0.767165,0.6094092781943619,0.0066759448610284,0.5541213232683826,-0.1687218647606328
0.5686275,0.43137255,0.0,0.6862745,0.29411766,0.019607844,0.71561956,0.5244701222987488,0.588541,0.4903709890916349,0.8887499,0.814567431232551,0.73097014,0.6098028475409782,0.0070695142076449,0.509194181665428,-0.0453720969894042
0.5686275,0.43137255,0.0,0.6862745,0.3137255,0.0,0.6687043,0.523346687288272,0.69896024,0.4961332825194599,0.48314995,0.8083547806630701,0.6169382,0.609278250156934,0.0065449168236006,0.3606170677504939,0.1151224306691514
0.5686275,0.43137255,0.0,0.7058824,0.27450982,0.019607844,0.7482458,0.525251390543678,0.5422675,0.4879561813911534,0.9682794,0.8157855998726347,0.7529309,0.6096643906024887,0.0069310572691553,0.5363037447252451,-0.1126306332179757
0.5686275,0.43137255,0.0,0.7058824,0.29411766,0.0,0.7043591,0.5242004792272208,0.6547112,0.4938241199341845,0.5856785,0.8099252300405849,0.6482496,0.6093166097339968,0.0065832764006634,0.4003216545880168,0.0508063795945939
0.5686275,0.43137255,0.0,0.7254902,0.25490198,0.019607844,0.7843718,0.5261164652465649,0.4998284,0.4857414723322104,1.0351156,0.8168093421571421,0.7731053,0.6095557599119724,0.006822426578639,0.5610478513609307,-0.1743159133531037
0.5686275,0.43137255,0.0,0.7254902,0.27450982,0.0,0.74270004,0.5251185921980319,0.6124509,0.4916187423834743,0.6881867,0.811495367180469,0.6811125,0.609410900587325,0.0066775672539917,0.4421164806556885,-0.0106189943026927
0.5686275,0.43137255,0.0,0.74509805,0.23529412,0.019607844,0.8178342,0.5269177570076595,0.46949983,0.4841587583313495,1.0924358,0.8176873269855472,0.7932566,0.6095879474415188,0.0068546141081854,0.5862576512041014,-0.2183985237179539
0.5686275,0.43137255,0.0,0.74509805,0.25490198,0.0,0.77772313,0.5259572562413475,0.5723646,0.4895268173098583,0.79601157,0.8131469408245208,0.7153664,0.6095436714585755,0.0068103381252421,0.4859504286706175,-0.0688844281603048
0.5686275,0.43137255,0.0,0.7647059,0.21568628,0.019607844,0.85459465,0.5277980238344373,0.43403,0.4823077448057795,1.1513059,0.8185890510036448,0.81331015,0.6095649398812872,0.0068316065479538,0.6110674683471393,-0.2699539582332172
0.5686275,0.43137255,0.0,0.7647059,0.23529412,0.0,0.8098268,0.5267260113943797,0.53380805,0.4875147201786711,0.90555584,0.8148248510736433,0.7497303,0.609688527548898,0.0069551942155646,0.5300635349837315,-0.1249264507885972
0.5686275,0.43137255,0.0,0.78431374,0.19607843,0.019607844,0.8940759,0.5287434423785439,0.3918856,0.4801084156276554,1.2053902,0.8194174703906071,0.83045053,0.6094231094656021,0.0066897761322687,0.6316437116950612,-0.3312108695706763
0.5686275,0.43137255,0.0,0.78431374,0.21568628,0.0,0.84502906,0.5275689658853104,0.49611837,0.4855478621993964,1.0008726,0.8162848358900615,0.7806733,0.6098005546582561,0.0070672213249227,0.569514487962901,-0.179708447975835
0.5686275,0.43137255,0.0,0.8039216,0.1764706,0.019607844,0.93088514,0.529624878159612,0.3471326,0.4777729537416774,1.254059,0.820162938647,0.8440256,0.6091869235160964,0.0064535901827631,0.647392990141069,-0.3962594230588818
0.5686275,0.43137255,0.0,0.8039216,0.19607843,0.0,0.88054097,0.5284193351717704,0.45260268,0.4832769712398865,1.0811338,0.8175142122177331,0.8047592,0.60973683954313,0.0070035062097966,0.5995092058055685,-0.2429585369335928
0.5686275,0.43137255,0.0,0.8235294,0.15686275,0.019607844,0.9606877,0.5303385311767055,0.29846275,0.4752330898336141,1.3052646,0.8209472649678373,0.854805,0.6088396286593857,0.0061062953260522,0.6594215327671763,-0.4670010927338835
0.5686275,0.43137255,0.0,0.8235294,0.1764706,0.0,0.91506904,0.5292461455333015,0.40106642,0.4805875216996002,1.1487361,0.8185496889767085,0.8216238,0.6094611187365367,0.0067277854032034,0.6195142385835355,-0.3178665469188968
0.5686275,0.43137255,0.0,0.84313726,0.13725491,0.019607844,0.9929467,0.5311110058595065,0.24736631,0.4725665926930777,1.3481245,0.8216037582811236,0.8628125,0.6084271189445692,0.0056937856112359,0.6675633701098125,-0.5412698200095105
0.5686275,0.43137255,0.0,0.84313726,0.15686275,0.0,0.9468961,0.5300082766120217,0.35254753,0.4780555351397368,1.2130055,0.8195341157960317,0.8374831,0.6091993091825968,0.0064659758492634,0.638341564879104,-0.3883888124114526
0.5686275,0.43137255,0.0,0.8627451,0.13725491,0.0,0.9816417,0.5308402965989005,0.30013564,0.475320390758886,1.2711436,0.8204246266486881,0.8509736,0.6088617713354916,0.0061284380021581,0.6537620470435578,-0.4645695399257592
0.5686275,0.43137255,0.0,0.88235295,0.11764706,0.0,1.0132493,0.5315971723788452,0.24849525,0.4726255071703055,1.3268797,0.8212783482394476,0.86287475,0.6085003425961993,0.005767009262866,0.6671502079688684,-0.5396289019768995
0.5686275,0.43137255,0.0,0.9019608,0.019607844,0.078431375,1.2696071,0.5377359237026916,-0.2589441,0.4461444924524891,1.1698043,0.8188723947848692,0.72682244,0.6009176036466833,-0.00181572968665,0.4591250954891069,-1.2771925131134858
0.5686275,0.43137255,0.0,0.9019608,0.09803922,0.0,1.0420675,0.5322872550526528,0.20319402,0.470261436435337,1.3787162,0.8220723374932787,0.87465924,0.6082070096604228,0.0054736763270895,0.6806780640997415,-0.6054742846726217
0.5686275,0.43137255,0.0,0.92156863,0.019607844,0.05882353,1.2243929,0.5366532236805507,-0.16779265,0.4509012832079521,1.3066676,0.8209687545858274,0.78775597,0.6028410871581101,0.0001077538247767,0.545661555667677,-1.1447037922541623
0.5686275,0.43137255,0.0,0.9411765,0.019607844,0.039215688,1.1861867,0.5357383363955713,-0.09470537,0.4547153847834707,1.42305,0.822751406865434,0.83817714,0.6044017093481587,0.0016683760148253,0.6172072761360886,-1.0384713626717492
0.5686275,0.43137255,0.0,0.9607843,0.0,0.039215688,1.2119627,0.536355569952187,-0.14550191,0.4520645381374921,1.4157128,0.8226390214038254,0.8273912,0.6036863764978349,0.0009530431645015,0.6001993849753128,-1.11230418386881
0.5686275,0.43137255,0.0,0.98039216,0.0,0.019607844,1.1769164,0.5355163492639713,-0.08184247,0.4553866429400681,1.5103354,0.8240883737072385,0.8684698,0.6049971219704259,0.0022637886370926,0.6587367670377412,-1.0197751157469013
0.5686275,0.43137255,0.0,0.98039216,0.019607844,0.0,1.1332769,0.5344713583655806,0.021904476,0.4608007369703791,1.5245457,0.8243060343770398,0.89324236,0.6065260432376665,0.0037927099043331,0.6969334747501513,-0.8689788269119957
0.5882353,0.33333334,0.078431375,0.29411766,0.6666667,0.039215688,0.53088737,0.5200465195142638,0.7996671,0.5013887288566153,0.43659475,0.8076416860624305,0.58904976,0.6096923114777699,0.0069589781444365,0.3302149132975588,0.2614999777485303
0.5882353,0.3529412,0.05882353,0.29411766,0.60784316,0.09803922,0.49826938,0.5192654482359916,0.7690466,0.4997907796133131,0.7452137,0.8123688601692739,0.6708432,0.6104750293395261,0.0077416960061928,0.4402493397933715,0.2169930271326993
0.5882353,0.3529412,0.05882353,0.3137255,0.60784316,0.078431375,0.5063336,0.5194585540610404,0.7746728,0.5000843861883496,0.7146154,0.8119001805298107,0.6652072,0.6104810402597335,0.0077477069264002,0.4326374205638105,0.2251707170001364
0.5882353,0.3529412,0.05882353,0.33333334,0.5686275,0.09803922,0.5445089,0.5203727005801141,0.7298271,0.4977440874706042,0.74719894,0.8123992686452021,0.673845,0.61017201889864,0.0074386855653067,0.4416923214350756,0.1599874454453166
0.5882353,0.3529412,0.05882353,0.33333334,0.60784316,0.05882353,0.5100302,0.5195470734458195,0.78762543,0.5007603264292028,0.6539517,0.8109709832521093,0.65053576,0.6104261277090438,0.0076927943757105,0.413219837877486,0.2439973718798214
0.5882353,0.3529412,0.05882353,0.3529412,0.5686275,0.078431375,0.54267436,0.5203287713064281,0.7336313,0.4979426121977541,0.73913765,0.8122757923568731,0.67181444,0.6101823919536851,0.0074490586203517,0.4391377686435048,0.1655168640199776
0.5882353,0.3529412,0.05882353,0.3529412,0.5882353,0.05882353,0.52559036,0.5199196772690496,0.76928693,0.499803321160378,0.6645173,0.8111328182072687,0.65313154,0.610285272212232,0.0075519388788987,0.41566173387887,0.217342341116358
0.5882353,0.3529412,0.05882353,0.3529412,0.60784316,0.039215688,0.51013345,0.5195495455200941,0.83010256,0.5029770199888967,0.43776447,0.8076596027506897,0.5926668,0.6100620560865602,0.0073287227532268,0.3367104315969003,0.3044432143868665
0.5882353,0.37254903,0.039215688,0.078431375,0.8039216,0.11764706,-0.3248567,0.4995548464329084,0.89437366,0.5063310439930085,0.9562401,0.8156011915975329,0.5085857,0.6071623606744833,0.0044290273411499,0.24771715096055,-0.6593034090402748
0.5882353,0.37254903,0.039215688,0.09803922,0.8039216,0.09803922,-0.25283352,0.5012795157410047,0.90344703,0.5068045433837568,0.92280954,0.8150891291869059,0.5244744,0.6077243961038891,0.0049910627705557,0.2675485718880509,-0.5679360869606369
0.5882353,0.37254903,0.039215688,0.11764706,0.74509805,0.13725491,-0.2157469,0.5021675930807439,0.8961294,0.5064226700723463,0.9239955,0.8151072946609966,0.53479266,0.607899185938029,0.0051658526046955,0.2802185162979627,-0.520888662883066
0.5882353,0.37254903,0.039215688,0.11764706,0.7647059,0.11764706,-0.20366137,0.5024569934779916,0.9024683,0.506753468928696,0.9190541,0.8150316062507565,0.53928703,0.6080806895524814,0.005347356219148,0.2861800273093558,-0.5055571792292575
0.5882353,0.37254903,0.039215688,0.11764706,0.78431374,0.09803922,-0.19133131,0.5027522493514006,0.9069816,0.5069889961964916,0.9022674,0.8147744813007599,0.53930587,0.6081719089495508,0.0054385756162173,0.2860383143932326,-0.489915491657599
0.5882353,0.37254903,0.039215688,0.13725491,0.74509805,0.11764706,-0.13988803,0.5039841116519581,0.90074223,0.5066633918797249,0.9006045,0.8147490101964899,0.5538196,0.6084655045760576,0.0057321712427242,0.3040215382003887,-0.4246554681595076
0.5882353,0.37254903,0.039215688,0.15686275,0.7058824,0.13725491,-0.0806226,0.5054032835341294,0.8898311,0.5060939894683655,0.885325,0.8145149716586828,0.56484455,0.6086707482203926,0.0059374148870592,0.3169310374019121,-0.3494723975058983
0.5882353,0.37254903,0.039215688,0.15686275,0.7254902,0.11764706,-0.07287337,0.5055888468207808,0.8972908,0.5064832782183183,0.88021624,0.8144367196131586,0.56821126,0.6088362815507525,0.0061029482174191,0.3215267298371477,-0.3396418633286877
0.5882353,0.37254903,0.039215688,0.15686275,0.74509805,0.09803922,-0.05984395,0.5059008496771529,0.90608513,0.5069422142352179,0.85392094,0.8140339495030497,0.5667207,0.6089590044718068,0.0062256711384734,0.3194826852365802,-0.3231129755389557
0.5882353,0.37254903,0.039215688,0.19607843,0.78431374,0.019607844,0.17919339,0.5116248450642917,1.0441302,0.5141461759169651,-0.08017358,0.799726248486626,0.38105,0.6084990898226277,0.0057657564892942,0.0677550259596578,-0.3936877697383551
0.5882353,0.37254903,0.039215688,0.21568628,0.74509805,0.039215688,0.21349077,0.5124461310820122,0.9775556,0.5106719403132957,0.28737676,0.8053560860633858,0.49280772,0.6094913858195645,0.0067580524862312,0.215143517179054,0.0236345611698388
0.5882353,0.37254903,0.039215688,0.21568628,0.7647059,0.019607844,0.2374507,0.5130198763989782,1.0396906,0.5139144932305614,-0.11177614,0.799242186122483,0.38845506,0.6087255185840076,0.0059921852506741,0.0760396923762455,-0.4362850020575924
0.5882353,0.37254903,0.039215688,0.21568628,0.78431374,0.0,0.23647906,0.5129966093557983,1.0933657,0.51671555694082,-0.46774846,0.7937896913032099,0.2873654,0.607833952533276,0.0051006191999427,-0.0583044831970707,-0.9161016656546846
0.5882353,0.37254903,0.039215688,0.23529412,0.7254902,0.039215688,0.2725018,0.5138592109139395,0.9715013,0.5103559941075498,0.27497512,0.8051661278100462,0.506326,0.6097937776105119,0.0070604442771784,0.2315915846708182,0.0850187368883176
0.5882353,0.37254903,0.039215688,0.23529412,0.74509805,0.019607844,0.28827557,0.5142369301610727,1.0343511,0.5136358481737248,-0.12977234,0.7989665350730618,0.39761814,0.6089464378026198,0.0062131044692864,0.0868588241936981,-0.4605421487829402
0.5882353,0.37254903,0.039215688,0.29411766,0.64705884,0.05882353,0.39925137,0.5168943600509751,0.877079,0.505428512958744,0.59386563,0.8100506336202546,0.62339866,0.610791168876658,0.0080578355433245,0.3827193489177681,0.2592871393094856
0.5882353,0.37254903,0.039215688,0.3137255,0.5882353,0.09803922,0.4478168,0.5180573089992438,0.79763377,0.5012826171659975,0.77844554,0.8128778787194888,0.674632,0.6107392682949101,0.0080059349615767,0.4476965332124523,0.2585444972826242
0.5882353,0.37254903,0.039215688,0.3137255,0.60784316,0.078431375,0.43221742,0.5176837660161565,0.83014715,0.5029793466449494,0.7158647,0.8119193164968883,0.65940976,0.6108608097193314,0.008127476385998,0.4287352600146583,0.3011072776593296
0.5882353,0.37254903,0.039215688,0.3137255,0.627451,0.05882353,0.42087492,0.5174121582735898,0.86920786,0.5050177524083476,0.6004137,0.8101509312858658,0.6301655,0.6108602806559343,0.008126947322601,0.3909915711546814,0.28671839048083
0.5882353,0.37254903,0.039215688,0.3137255,0.64705884,0.039215688,0.41525006,0.5172774651943413,0.92993844,0.5081870125494502,0.31027335,0.8057067973958835,0.5518206,0.6103904250465583,0.0076570917132249,0.2876765456747505,0.1325973748116209
0.5882353,0.37254903,0.039215688,0.33333334,0.5686275,0.09803922,0.4763053,0.5187394958792367,0.7777855,0.5002468228626605,0.7865911,0.8130026459552151,0.6802273,0.6106629882323708,0.0079296548990374,0.4537865225523651,0.2296949915176525
0.5882353,0.37254903,0.039215688,0.33333334,0.5882353,0.078431375,0.4574138,0.5182871191326333,0.81342846,0.5021068723987027,0.7259319,0.8120735171506783,0.6655914,0.6108225028940047,0.0080891695606714,0.4358127993685423,0.2815021019065588
0.5882353,0.37254903,0.039215688,0.33333334,0.60784316,0.05882353,0.4417107,0.5179110926569144,0.85676354,0.5043683385348975,0.6119783,0.8103280686238585,0.6368175,0.6108691666052234,0.0081358332718901,0.3989689281320365,0.3131502973303484
0.5882353,0.37254903,0.039215688,0.33333334,0.627451,0.039215688,0.4297986,0.5176258449733515,0.9191573,0.507624394144576,0.33319756,0.8060579318925387,0.5607178,0.6104360570034887,0.0077027236701554,0.2989049838388333,0.1634970250164102
0.5882353,0.37254903,0.039215688,0.3529412,0.5294118,0.11764706,0.5199472,0.5197845452967067,0.73697454,0.4981170802966798,0.78818977,0.8130271328718653,0.68170387,0.610309586155084,0.0075762528217506,0.4531863153276688,0.1703762443134838
0.5882353,0.37254903,0.039215688,0.3529412,0.54901963,0.09803922,0.498021,0.5192595006993275,0.76027375,0.4993329633774014,0.7883908,0.813030212338323,0.68222857,0.6105408921383506,0.0078075588050172,0.4552934111064055,0.2042416805625547
0.5882353,0.37254903,0.039215688,0.3529412,0.5686275,0.078431375,0.47728017,0.5187628399963259,0.7955575,0.5011742659134039,0.73551524,0.8122203071821034,0.66945094,0.6107191376972777,0.0079858043639443,0.4398608371563033,0.2555266393196362
0.5882353,0.37254903,0.039215688,0.3529412,0.5882353,0.05882353,0.46106485,0.5183745473506786,0.84092575,0.5035418344087083,0.62539506,0.8105335757634242,0.6424619,0.6108166525076036,0.0080833191742703,0.4055077904575809,0.3214694435368425
0.5882353,0.37254903,0.039215688,0.3529412,0.60784316,0.039215688,0.44521657,0.5179950439852755,0.9029759,0.5067799579700661,0.36279184,0.8065112329157118,0.57032806,0.6104287449570178,0.0076954116236844,0.3108814864587889,0.2033872755812069
0.5882353,0.37254903,0.039215688,0.37254903,0.5294118,0.09803922,0.5161568,0.5196937807774968,0.74129415,0.4983425015410593,0.7911929,0.8130731322308938,0.6828813,0.6103698048498166,0.0076364715164833,0.4550256712646048,0.1766547993010161
0.5882353,0.37254903,0.039215688,0.37254903,0.54901963,0.078431375,0.49216473,0.5191192661487329,0.7761118,0.5001594799456016,0.7479217,0.8124103393864608,0.67206603,0.6105630284935984,0.0078296951602651,0.4423077210509635,0.227262269131458
0.5882353,0.37254903,0.039215688,0.37254903,0.5882353,0.039215688,0.45547643,0.5182407270620876,0.88354075,0.5057657225612496,0.40078595,0.8070931959282159,0.57993436,0.6103665485171844,0.007633215183851,0.322874448248422,0.2545997132362818
0.5882353,0.37254903,0.039215688,0.37254903,0.60784316,0.019607844,0.43183863,0.5176746955588729,0.9675674,0.5101507009264284,-0.036996987,0.8003875924959563,0.45413634,0.6094043296604192,0.0066709963270858,0.1568933643981977,-0.3354898462987735
0.5882353,0.39215687,0.019607844,0.05882353,0.8235294,0.11764706,-0.48237514,0.4957829049784675,0.90235883,0.5067477549351548,0.99723357,0.8162290959951194,0.47240576,0.6062532519695806,0.0035199186362472,0.2033960278436691,-0.8591284932553195
0.5882353,0.39215687,0.019607844,0.078431375,0.7647059,0.15686275,-0.46814466,0.4961236687134077,0.9013515,0.5066951874387767,0.99184054,0.8161464899692997,0.4750158,0.6063217820404948,0.0035884487071613,0.2065024010701422,-0.8410759484705413
0.5882353,0.39215687,0.019607844,0.078431375,0.78431374,0.13725491,-0.44754693,0.4966169024820366,0.9055324,0.5069133705432703,0.9876818,0.8160827898407245,0.4818891,0.6065376876220104,0.0038043542886771,0.2153694956381402,-0.8149460414864506
0.5882353,0.39215687,0.019607844,0.09803922,0.7647059,0.13725491,-0.38866577,0.4980268725958197,0.90958965,0.5071250993545696,0.9706909,0.8158225370365672,0.49720493,0.6069915029956521,0.0042581696623188,0.2345997182300055,-0.7402504503351931
0.5882353,0.39215687,0.019607844,0.09803922,0.78431374,0.11764706,-0.37201738,0.4984255352504983,0.9126248,0.5072834892648103,0.9663517,0.8157560724180916,0.5023197,0.6071550323111334,0.0044216989778,0.2411605682782364,-0.7191306107229529
0.5882353,0.39215687,0.019607844,0.09803922,0.8039216,0.09803922,-0.35377282,0.4988624201413416,0.9163036,0.5074754694941862,0.9448578,0.8154268461387063,0.50246286,0.6072549119247447,0.0045215785914113,0.2410006107122017,-0.6959858824286549
0.5882353,0.39215687,0.019607844,0.11764706,0.7254902,0.15686275,-0.35058394,0.4989387811169358,0.904244,0.5068461339159503,0.9592326,0.8156470284469173,0.50429755,0.6071439811599345,0.0044106478266011,0.2429648388091857,-0.6919405284476455
0.5882353,0.39215687,0.019607844,0.11764706,0.74509805,0.13725491,-0.33219293,0.4993791728706501,0.9108542,0.5071910917807919,0.9550455,0.8155828937419904,0.51123565,0.6073843861311442,0.0046510527978108,0.2520630535182582,-0.6686100180628747
0.5882353,0.39215687,0.019607844,0.11764706,0.7647059,0.11764706,-0.31548274,0.4997793156298454,0.9160449,0.5074619699122761,0.94965214,0.8155002822383176,0.5167381,0.6075805225934797,0.0048471892601463,0.2592207624919491,-0.6474117673689006
0.5882353,0.39215687,0.019607844,0.11764706,0.78431374,0.09803922,-0.29578948,0.5002508909163264,0.92140466,0.5077416725400458,0.92208886,0.8150780903997906,0.5159013,0.6076902179520541,0.0049568846187209,0.2577608566499689,-0.622429255717283
0.5882353,0.39215687,0.019607844,0.13725491,0.7254902,0.13725491,-0.27143577,0.5008340656551719,0.910494,0.5071722950127083,0.93606657,0.8152921895520552,0.5250416,0.6077661834066451,0.0050328500733117,0.2690530848313752,-0.5915345711869363
0.5882353,0.39215687,0.019607844,0.13725491,0.74509805,0.11764706,-0.25694096,0.5011811587280859,0.91620916,0.5074705424578393,0.9305349,0.8152074599451562,0.52993435,0.6079530537103605,0.0052197203770271,0.2754659653662698,-0.5731467188400116
0.5882353,0.39215687,0.019607844,0.13725491,0.7647059,0.09803922,-0.236989,0.5016589288300233,0.92319715,0.507835214689074,0.8998514,0.8147374747506873,0.5286865,0.6080772060899281,0.0053438727565948,0.273502396355195,-0.5478360261879115
0.5882353,0.39215687,0.019607844,0.13725491,0.8235294,0.039215688,-0.1379897,0.504029569201354,1.0229089,0.513038731182914,0.3341983,0.8060732602951746,0.40637252,0.6077138535598142,0.0049805202264808,0.1095269376448297,-0.4222472763182613
0.5882353,0.39215687,0.019607844,0.13725491,0.84313726,0.019607844,-0.095981,0.5050355107463502,1.0791054,0.5159713753802605,-0.035325397,0.8004131965522876,0.315933,0.6071400275596327,0.0044066942262994,-0.0115095745169312,-0.3689557933055494
0.5882353,0.39215687,0.019607844,0.15686275,0.6862745,0.15686275,-0.21566913,0.502169455343394,0.8986477,0.5065540888132914,0.9220961,0.8150782008698296,0.5350249,0.6079339150088383,0.005200581675505,0.2806181044633472,-0.5207900063171095
0.5882353,0.39215687,0.019607844,0.15686275,0.7058824,0.13725491,-0.20624945,0.5023950192753013,0.90821105,0.5070531565365975,0.91512984,0.8149714977679104,0.5390305,0.6081398911932697,0.0054065578599364,0.2861048131141144,-0.508840369178339
0.5882353,0.39215687,0.019607844,0.15686275,0.7254902,0.11764706,-0.19344,0.5027017545224818,0.9144586,0.5073791869922403,0.90900046,0.8148776128424116,0.54333967,0.6083195181190445,0.0055861847857111,0.2917944066802848,-0.4925905420429252
0.5882353,0.39215687,0.019607844,0.15686275,0.74509805,0.09803922,-0.17444634,0.5031565772952331,0.9240123,0.5078777539246045,0.8747918,0.8143536324492354,0.5414526,0.6084626545563577,0.0057293212230243,0.2890848659324909,-0.4684955236112499
0.5882353,0.39215687,0.019607844,0.15686275,0.8039216,0.039215688,-0.08280156,0.5053511061032704,1.0287697,0.5133445806967519,0.29944003,0.8055408613546501,0.41513607,0.6080788493848908,0.0053455160515574,0.1200864546590017,-0.3522365866221584
0.5882353,0.39215687,0.019607844,0.15686275,0.8235294,0.019607844,-0.0424339,0.5063177512836976,1.0844259,0.5162490312972244,-0.07326615,0.7998320509381863,0.32290864,0.6074662778397029,0.0047329445063694,-0.0033356366305912,-0.3843772098954318
0.5882353,0.39215687,0.019607844,0.15686275,0.84313726,0.0,-0.008110444,0.507139661765114,1.1340494,0.5188386616939445,-0.42608592,0.7944278443075916,0.23328435,0.6068020559222167,0.0040687225888833,-0.1233014414829746,-0.8599445383989948
0.5882353,0.39215687,0.019607844,0.1764706,0.6862745,0.13725491,-0.13083158,0.5042009776504766,0.9026122,0.5067609776823206,0.89720076,0.8146968747289344,0.5563271,0.6085529433539105,0.0058196100205771,0.3072278609868966,-0.4131666189976769
0.5882353,0.39215687,0.019607844,0.1764706,0.7058824,0.11764706,-0.12364217,0.5043731356076842,0.9122547,0.5072641761532711,0.8824311,0.8144706448708225,0.5570145,0.6087026522105926,0.0059693188772592,0.3083037320007169,-0.4040462551975455
0.5882353,0.39215687,0.019607844,0.1764706,0.7254902,0.09803922,-0.109915294,0.5047018397735916,0.92375195,0.5078641672486176,0.84727055,0.8139320842584561,0.5537024,0.608832697093555,0.0060993637602217,0.3038810310064892,-0.3866325868181058
0.5882353,0.39215687,0.019607844,0.1764706,0.78431374,0.039215688,-0.027016465,0.506686937628382,1.0290229,0.5133577941124096,0.27334106,0.8051410985859321,0.42511582,0.6083952767755746,0.0056619434422412,0.132072150230692,-0.2814686146833927
0.5882353,0.39215687,0.019607844,0.1764706,0.8039216,0.019607844,0.012742181,0.5076389993591676,1.0860286,0.5163326664950122,-0.10693979,0.7993162654133541,0.3306103,0.6077626437558447,0.0050293104225112,0.0056430260000694,-0.4297660635962896
0.5882353,0.39215687,0.019607844,0.1764706,0.8235294,0.0,0.044485893,0.5083991352361251,1.1372302,0.5190046505623894,-0.46578544,0.7938197592392658,0.23864354,0.6070745150125935,0.0043411816792601,-0.1173565014428842,-0.913455703166351
0.5882353,0.39215687,0.019607844,0.19607843,0.64705884,0.15686275,-0.05000258,0.5061365114508495,0.88185626,0.505677816643194,0.8870953,0.8145420870318796,0.57298297,0.6087854717086411,0.0060521383753076,0.3268105962311455,-0.3106283878686598
0.5882353,0.39215687,0.019607844,0.19607843,0.6666667,0.13725491,-0.05105237,0.5061113731352223,0.89266485,0.5062418689898333,0.8792309,0.8144216272146968,0.5736144,0.6089249564465842,0.0061916231132507,0.3280699784590653,-0.3119601333630977
0.5882353,0.39215687,0.019607844,0.19607843,0.6862745,0.11764706,-0.04868818,0.5061679860625118,0.9019931,0.506728668890316,0.86504287,0.8142043061717922,0.5727826,0.6090336537082067,0.0063003203748733,0.3272145269737672,-0.3089609661968172
0.5882353,0.39215687,0.019607844,0.19607843,0.7058824,0.09803922,-0.046186414,0.5062278934533925,0.91833943,0.5075817118259193,0.82357424,0.8135691235332924,0.56524247,0.6091262429375347,0.0063929096042013,0.3175603189004566,-0.3057872691571289
0.5882353,0.39215687,0.019607844,0.19607843,0.7647059,0.039215688,0.030806925,0.5080715782582652,1.0281612,0.513312822463733,0.24741554,0.804743992576002,0.4354612,0.6087094644326667,0.0059761310993334,0.1444574916662338,-0.2081148964945213
0.5882353,0.39215687,0.019607844,0.19607843,0.78431374,0.019607844,0.067068875,0.5089399079957294,1.0860299,0.5163327349260726,-0.137677,0.7988454578561779,0.33847395,0.6080393669259933,0.0053060335926599,0.0148060131801369,-0.4711968799048325
0.5882353,0.39215687,0.019607844,0.19607843,0.8039216,0.0,0.09635346,0.5096411574657876,1.1369537,0.5189902240506615,-0.49911863,0.7933091886306525,0.2447295,0.6073135233823672,0.0045801900490338,-0.110534333329673,-0.9583856469949382
0.5882353,0.39215687,0.019607844,0.21568628,0.6666667,0.11764706,0.031033259,0.5080769980527452,0.8892676,0.5060645827754212,0.8490294,0.813959025253327,0.58977675,0.6093668686938312,0.0066335353604977,0.3475652316625223,-0.2078277735628765
0.5882353,0.39215687,0.019607844,0.21568628,0.6862745,0.09803922,0.029076051,0.5080301306930924,0.908661,0.507076637721814,0.8036165,0.8132634273722035,0.5804512,0.6094567319290366,0.0067233985957032,0.3357296247527875,-0.210310652526579
0.5882353,0.39215687,0.019607844,0.21568628,0.7254902,0.05882353,0.050411228,0.5085410234859439,0.96813637,0.5101803937856252,0.5843861,0.8099054339922003,0.53431123,0.6095422837545897,0.0068089504212564,0.2750667184575283,-0.1832452283704851
0.5882353,0.39215687,0.019607844,0.21568628,0.74509805,0.039215688,0.08847878,0.5094525902592054,1.0266052,0.5132316259000967,0.22132146,0.8043443046712774,0.44546852,0.6090095069435265,0.0062761736101931,0.1563667016848623,-0.134953411163152
0.5882353,0.39215687,0.019607844,0.21568628,0.7647059,0.019607844,0.12334341,0.510287459661373,1.0847911,0.5162680862370358,-0.17028797,0.7983459495437996,0.34594882,0.6083004984807361,0.0055671651474027,0.0233499360187627,-0.5151533475088373
0.5882353,0.39215687,0.019607844,0.21568628,0.78431374,0.0,0.144857,0.5108026248822451,1.135902,0.5189353423402417,-0.53082776,0.7928234938662644,0.24997711,0.6075204870295837,0.0047871536962504,-0.1047805814717379,-1.0011265296733625
0.5882353,0.39215687,0.019607844,0.23529412,0.64705884,0.11764706,0.12019728,0.510212122412842,0.87396884,0.5052662069255484,0.83885044,0.8138031118574455,0.61100554,0.609760480398612,0.0070271470652785,0.3732834949143175,-0.0947158893464316
0.5882353,0.39215687,0.019607844,0.23529412,0.7058824,0.05882353,0.11602153,0.5101121297202935,0.9638375,0.5099560549962007,0.5588427,0.8095141810683835,0.5462339,0.6098607885949593,0.0071274552616258,0.2892512510372107,-0.1000131741666558
0.5882353,0.39215687,0.019607844,0.23529412,0.7254902,0.039215688,0.14586462,0.5108267532977258,1.0232671,0.513057425304407,0.20304765,0.8040644012100883,0.45739314,0.6093161932707404,0.006582859937407,0.1708051561542908,-0.062154761392426
0.5882353,0.39215687,0.019607844,0.23529412,0.74509805,0.019607844,0.17588864,0.5115457094279643,1.0815101,0.5160968655029751,-0.1947265,0.7979716199908671,0.3542241,0.6085380649739355,0.0058047316406021,0.0329993390377505,-0.5480941504123052
0.5882353,0.39215687,0.019607844,0.23529412,0.7647059,0.0,0.18719043,0.5118163423283084,1.1330618,0.5187871206634721,-0.5551316,0.7924512271815386,0.2550402,0.6076848967244398,0.0049515633911063,-0.0991753139820473,-1.033885801264434
0.5882353,0.39215687,0.019607844,0.25490198,0.627451,0.11764706,0.20734318,0.5122989206289829,0.8559535,0.504326066802603,0.8325786,0.8137070449204334,0.6319584,0.610110677450673,0.0073773441173397,0.3985876917089359,0.0158358342995449
0.5882353,0.39215687,0.019607844,0.25490198,0.6666667,0.078431375,0.19073696,0.5119012677852449,0.9172416,0.5075244194758727,0.68749803,0.8114848186612126,0.5984922,0.61030350197411,0.0075701686407767,0.3560747505754493,-0.0052305088417917
0.5882353,0.39215687,0.019607844,0.25490198,0.6862745,0.05882353,0.1917006,0.511924342857299,0.9546682,0.5094775508065369,0.5456788,0.8093125467710097,0.56401587,0.6102381468116151,0.0075048134782818,0.3108958632360252,-0.0040080672232839
0.5882353,0.39215687,0.019607844,0.25490198,0.7058824,0.039215688,0.20610468,0.5122692635878078,1.0164104,0.5126995992897124,0.19504897,0.803941884002552,0.4725213,0.6096369156266906,0.0069035822933573,0.1893623724233173,-0.0227140714153085
0.5882353,0.39215687,0.019607844,0.25490198,0.7254902,0.019607844,0.22336383,0.5126825517304149,1.0775312,0.5158892270027845,-0.21141954,0.7977159295536695,0.3631585,0.6087625694289563,0.0060292360956229,0.0436467697003938,-0.5705947738069655
0.5882353,0.39215687,0.019607844,0.25490198,0.74509805,0.0,0.22605701,0.5127470426103365,1.1295177,0.5186021701702982,-0.57220054,0.7921897792924144,0.26112473,0.6078463306910163,0.005112997357683,-0.0921263706564655,-1.0568930773870353
0.5882353,0.39215687,0.019607844,0.27450982,0.64705884,0.078431375,0.26266208,0.5136235888368744,0.90273947,0.5067676186056796,0.6853549,0.8114519917131094,0.6169188,0.6106143997185546,0.0078810663852211,0.3784998625750102,0.0860124103138081
0.5882353,0.39215687,0.019607844,0.27450982,0.6666667,0.05882353,0.259198,0.513540638042039,0.9434177,0.5088904371925517,0.5427251,0.8092673042686944,0.58178025,0.610566126501095,0.0078327931677616,0.3326598941849107,0.0816179493276276
0.5882353,0.39215687,0.019607844,0.27450982,0.6862745,0.039215688,0.26407376,0.5136573928825557,1.0055817,0.5121345018141511,0.20367193,0.80407396348753,0.49110913,0.6099552860614122,0.0072219527280789,0.2125030588097382,-0.0110911465135209
0.5882353,0.39215687,0.019607844,0.27450982,0.7254902,0.0,0.25708696,0.5134900868349828,1.1243372,0.5183318239347833,-0.5765274,0.7921235036598733,0.26829892,0.6079818048098798,0.0052484714765464,-0.0834590391479626,-1.0627252980378956
0.5882353,0.39215687,0.019607844,0.29411766,0.627451,0.078431375,0.3205974,0.5150109099260463,0.8875588,0.5059754077722459,0.6906089,0.8115324686799966,0.6329217,0.6108395954594297,0.0081062621260962,0.3980040506071116,0.1595081304424118
0.5882353,0.39215687,0.019607844,0.29411766,0.64705884,0.05882353,0.31376937,0.5148474054776825,0.9298991,0.508184959617639,0.54608035,0.8093186974871454,0.59658295,0.6107836875274889,0.0080503541941555,0.3506937218983183,0.1508462011525609
0.5882353,0.39215687,0.019607844,0.29411766,0.6666667,0.039215688,0.30720818,0.5146902910273139,0.99140745,0.5113948087090515,0.22259432,0.8043638012636887,0.50707,0.6101496336666847,0.0074163003333513,0.2323773228505904,0.0144144246700175
0.5882353,0.39215687,0.019607844,0.3137255,0.60784316,0.078431375,0.35121912,0.5157441782530451,0.8748698,0.5053132252850306,0.6988704,0.8116590116531259,0.6416531,0.6109054717304006,0.0081721383970672,0.4085168501989542,0.1983542808836527
0.5882353,0.39215687,0.019607844,0.3137255,0.627451,0.05882353,0.3444394,0.5155818306269675,0.9185045,0.5075903248080181,0.5520454,0.8094100653391121,0.60499644,0.6108607402580325,0.0081274069246992,0.3608222772202911,0.1897536362435109
0.5882353,0.39215687,0.019607844,0.3137255,0.64705884,0.039215688,0.33826345,0.5154339414953483,0.97809947,0.5107003236508371,0.24362886,0.8046859912406757,0.51999724,0.6102734187956204,0.007540085462287,0.2485125011071169,0.0427669724351103
0.5882353,0.39215687,0.019607844,0.33333334,0.5882353,0.078431375,0.37939882,0.5164189703196334,0.8615179,0.5046164477862937,0.7066271,0.8117778217235286,0.6491813,0.6109377466098186,0.0082044132764852,0.4174490061720999,0.2341025508826182
0.5882353,0.39215687,0.019607844,0.33333334,0.60784316,0.05882353,0.370539,0.5162068129660525,0.90662956,0.506970625567284,0.5596342,0.8095263044704266,0.61226755,0.6109012476679211,0.0081679143345877,0.3695150426211615,0.2228631502826393
0.5882353,0.39215687,0.019607844,0.33333334,0.627451,0.039215688,0.36150753,0.5159905450039781,0.9659603,0.5100668355514376,0.26480383,0.8050103321880079,0.53075725,0.610355904247808,0.0076225709144745,0.2619740361646339,0.0713088044542321
0.5882353,0.39215687,0.019607844,0.33333334,0.64705884,0.019607844,0.34504375,0.5155963026807246,1.0397278,0.5139164341842738,-0.16957831,0.798356819430442,0.40506443,0.6092898520984801,0.0065565187651468,0.0955839829232082,-0.514196803226755
0.5882353,0.39215687,0.019607844,0.3529412,0.5686275,0.078431375,0.40718955,0.5170844478615587,0.8471831,0.5038683780973038,0.71426547,0.8118948204504829,0.6562127,0.6109492154697818,0.0082158821364484,0.4256873394184355,0.2693573679217036
0.5882353,0.39215687,0.019607844,0.3529412,0.5882353,0.05882353,0.39668846,0.5168329885234364,0.89361537,0.506291472177096,0.5669909,0.809638988475033,0.61909825,0.6109211497251885,0.0081878163918551,0.3775726127694264,0.2560358771128281
0.5882353,0.39215687,0.019607844,0.3529412,0.60784316,0.039215688,0.3813733,0.5164662508810773,0.9519065,0.5093334287723842,0.29036033,0.805401785966441,0.5412134,0.6104004885399675,0.0076671552066341,0.2750479756197017,0.1057565301551941
0.5882353,0.39215687,0.019607844,0.37254903,0.5294118,0.09803922,0.44306365,0.5179434901037517,0.7953759,0.5011647882115421,0.78869385,0.8130348539059099,0.67571115,0.6107143774070679,0.0079810440737345,0.4491972484513746,0.2552626612174021
0.5882353,0.39215687,0.019607844,0.37254903,0.54901963,0.078431375,0.4259676,0.5175341077528609,0.8304736,0.5029963828684797,0.72968835,0.8121310556074116,0.66204315,0.6108871820762508,0.0081538487429173,0.4324616027457339,0.2931788738312925
0.5882353,0.39215687,0.019607844,0.37254903,0.5686275,0.05882353,0.4103216,0.5171594479117367,0.88045293,0.5056045829665831,0.5841823,0.8099023125288682,0.62498564,0.6108887811357294,0.008155447802396,0.3846844506093752,0.2733306245387464
0.5882353,0.39215687,0.019607844,0.37254903,0.5882353,0.039215688,0.3939647,0.5167677654413768,0.9378811,0.5086015057031398,0.32413512,0.805919120810745,0.5519936,0.6104294639850872,0.0076961306517538,0.2887521510300885,0.1512817231510826
0.5882353,0.39215687,0.019607844,0.39215687,0.5294118,0.078431375,0.4416353,0.5179092871292253,0.8126369,0.5020655649222588,0.7488546,0.8124246283664575,0.66770893,0.6107998268059806,0.0080664934726472,0.4390563937607346,0.280351583627048
0.5882353,0.39215687,0.019607844,0.39215687,0.54901963,0.05882353,0.4229467,0.5174617688934942,0.86425495,0.5047592820723102,0.6044492,0.8102127442940236,0.6305503,0.6108112650866094,0.0080779317532759,0.3912811257242025,0.2893465983732622
0.5882353,0.39215687,0.019607844,0.39215687,0.5686275,0.039215688,0.4030844,0.5169861457994827,0.9221335,0.5077797077676026,0.36141706,0.8064901751351468,0.5622117,0.6104186762340774,0.007685342900744,0.3017296147573839,0.2015342020160993
0.5882353,0.39215687,0.019607844,0.39215687,0.5882353,0.019607844,0.38016725,0.5164373710018206,0.99991405,0.5118387303292046,-0.07609236,0.7997887612905265,0.43466297,0.609354954207184,0.0066216208738505,0.1331499265701678,-0.3881866760200089
0.5882353,0.39215687,0.019607844,0.4117647,0.50980395,0.078431375,0.46108702,0.5183750783042756,0.7921666,0.5009973094122827,0.7688219,0.8127304715166065,0.6740251,0.6107009530777217,0.0079676197443882,0.4463352241311642,0.2505979506960391
0.5882353,0.39215687,0.019607844,0.4117647,0.5294118,0.05882353,0.43746415,0.5178094043383622,0.84495664,0.5037521883777946,0.6324231,0.8106412256209664,0.6382813,0.610734272779041,0.0080009394457077,0.4006386574007092,0.3077631838070326
0.5882353,0.39215687,0.019607844,0.43137255,0.49019608,0.078431375,0.48512852,0.5189507768739234,0.76560277,0.4996110609857551,0.7928464,0.8130984590850302,0.6811926,0.6105534323149029,0.0078200989815695,0.4544254870631514,0.2119874062627011
0.5882353,0.39215687,0.019607844,0.4509804,0.47058824,0.078431375,0.5151984,0.5196708313073689,0.73465735,0.4979961563919938,0.8169351,0.8134674308410736,0.6889303,0.6103781395134787,0.0076448061801454,0.4629709007522618,0.167008206012711
0.5882353,0.39215687,0.019607844,0.47058824,0.4509804,0.078431375,0.54649895,0.5204203550927474,0.7016322,0.4962727201364798,0.83866763,0.8138003117614996,0.69559956,0.6101644623302422,0.0074311289969089,0.4699704252096758,0.1190061229458014
0.5882353,0.39215687,0.019607844,0.49019608,0.43137255,0.078431375,0.57605845,0.5211281876023975,0.66716176,0.4944738604104228,0.8588988,0.8141101966543133,0.7007063,0.6099040815557112,0.0071707482223778,0.4748589360723722,0.0689033043938331
0.5882353,0.39215687,0.019607844,0.5294118,0.43137255,0.039215688,0.557707,0.5206887435723081,0.73253125,0.4978852047591059,0.7186281,0.8119616438683411,0.6696221,0.6101785307332518,0.0074451973999183,0.4357465371551551,0.163917920844778
0.5882353,0.39215687,0.019607844,0.5294118,0.4509804,0.019607844,0.5239637,0.519880724971689,0.8326668,0.5031108369274576,0.3257634,0.8059440614762329,0.560798,0.6096452077917931,0.0069118744584598,0.2934788373076204,0.153476488538108
0.5882353,0.39215687,0.019607844,0.54901963,0.4117647,0.039215688,0.5849528,0.5213411713595609,0.6944065,0.4958956432203009,0.7637958,0.8126534857681403,0.68105173,0.6099634334493341,0.0072301001160007,0.4490901559791926,0.1085035717808723
0.5882353,0.39215687,0.019607844,0.54901963,0.43137255,0.019607844,0.54975057,0.5204982182959248,0.79567444,0.5011803687197881,0.3924837,0.806966028936313,0.5793029,0.609548205317342,0.0068148719840086,0.3164378098733551,0.243409085129882
0.5882353,0.39215687,0.019607844,0.5686275,0.39215687,0.039215688,0.6145457,0.5220498045814905,0.6513904,0.4936508213842907,0.81681854,0.8134656450609399,0.69425154,0.6097220903422403,0.006988757008907,0.4645857074916513,0.0459795742162305
0.5882353,0.39215687,0.019607844,0.5686275,0.4117647,0.019607844,0.5762077,0.5211317615481156,0.7556369,0.4990909849269142,0.4604997,0.8080078426584317,0.5974481,0.6094101963778206,0.0066768630444871,0.338786959064041,0.1975019652736794
0.5882353,0.39215687,0.019607844,0.5882353,0.37254903,0.039215688,0.6473593,0.5228355602406918,0.60524815,0.491242863010852,0.8754543,0.8143637801722348,0.7093539,0.6094807344745928,0.0067474011412595,0.4824505099523535,-0.0210881908337654
0.5882353,0.39215687,0.019607844,0.5882353,0.39215687,0.019607844,0.60906607,0.5219185891055733,0.7110707,0.4967652744670394,0.54492325,0.8093009738932103,0.6216867,0.6093282791552744,0.0065949458219409,0.3690207780006024,0.1327250138040165
0.5882353,0.39215687,0.019607844,0.60784316,0.37254903,0.019607844,0.64417434,0.5227592927528949,0.66452336,0.4943361740064479,0.6380765,0.8107278195238946,0.64892477,0.6092744287610792,0.0065410954277458,0.4031683636763778,0.0650683878544848
0.5882353,0.39215687,0.019607844,0.60784316,0.39215687,0.0,0.6089522,0.5219158629728571,0.77548355,0.5001266952466771,0.20070115,0.8040284594177257,0.52837896,0.60869033921242,0.0059570058790866,0.245521180695558,-0.0150954806169507
0.5882353,0.39215687,0.019607844,0.627451,0.3529412,0.019607844,0.6808714,0.523638042365496,0.6152079,0.4917626186879102,0.7204999,0.811990314038863,0.67219305,0.6091303250307565,0.006396991697423,0.4318257173100545,-0.0066116732922429
0.5882353,0.39215687,0.019607844,0.627451,0.37254903,0.0,0.6436611,0.522747002318958,0.73115104,0.4978131779575598,0.29701442,0.8055037078155173,0.55727553,0.608687962697345,0.0059546293640116,0.2819927723478495,0.1147255990296076
0.5882353,0.39215687,0.019607844,0.64705884,0.3529412,0.0,0.6779579,0.5235682747773797,0.6834089,0.4953217274694596,0.3910669,0.8069443275080003,0.58414453,0.6086114432516131,0.0058781099182798,0.3156223922478933,0.0925185584349188
0.5882353,0.39215687,0.019607844,0.6666667,0.33333334,0.0,0.7110683,0.5243611369364732,0.63530314,0.4928112998041167,0.48484185,0.8083806959299347,0.61040443,0.6085177108901748,0.0057843775568415,0.3484494265906925,0.0225967629871875
0.5882353,0.4117647,0.0,0.039215688,0.78431374,0.1764706,-0.7218007,0.4900496137999076,0.91384137,0.5073469777363234,1.0416479,0.8169093987972137,0.41122952,0.6047686634444815,0.0020353301111482,0.1276710971624508,-1.1628594515490278
0.5882353,0.4117647,0.0,0.039215688,0.8039216,0.15686275,-0.69124526,0.4907812949752936,0.91462636,0.5073879430574654,1.0389918,0.8168687147817122,0.420791,0.605012650938157,0.0022793176048237,0.1397787254519432,-1.1240973831935035
0.5882353,0.4117647,0.0,0.039215688,0.8235294,0.13725491,-0.66443765,0.4914232307198254,0.91363347,0.5073361283027514,1.0356604,0.8168176867534727,0.4282854,0.6051923485920165,0.0024590152586831,0.1491367379894151,-1.0900897333502906
0.5882353,0.4117647,0.0,0.039215688,0.84313726,0.11764706,-0.6404699,0.4919971630123861,0.9129645,0.5073012191304526,1.0314448,0.8167531156462432,0.43464646,0.6053504992630273,0.0026171659296939,0.1570535771516809,-1.0596846833038118
0.5882353,0.4117647,0.0,0.05882353,0.7647059,0.1764706,-0.6748278,0.4911744275769832,0.91796166,0.5075619974595261,1.0288289,0.8167130469762479,0.42398754,0.6051498240042524,0.002416490670919,0.1437707416809515,-1.103270507647009
0.5882353,0.4117647,0.0,0.05882353,0.78431374,0.15686275,-0.64359826,0.4919222514544742,0.9196873,0.5076520496244753,1.0247575,0.8166506852697974,0.43361554,0.6054083287829156,0.0026749954495823,0.1559832884689931,-1.0636532518908957
0.5882353,0.4117647,0.0,0.05882353,0.8039216,0.13725491,-0.61578315,0.4925883127598975,0.91911435,0.5076221514720974,1.021035,0.8165936662961398,0.44145536,0.6056013768427116,0.0028680435093782,0.1657950763919204,-1.028367508976758
0.5882353,0.4117647,0.0,0.05882353,0.8235294,0.11764706,-0.5899853,0.4932060687063426,0.91798913,0.5075634314012912,1.015736,0.8165125009457042,0.44791326,0.6057606670177793,0.0030273336844459,0.1737779671201842,-0.995640825513154
0.5882353,0.4117647,0.0,0.078431375,0.74509805,0.1764706,-0.6231397,0.4924121532038225,0.92019445,0.5076785168923262,1.0162039,0.816519667803603,0.43775287,0.6055367792999172,0.0028034459665839,0.1610369886188266,-1.037699864357439
0.5882353,0.4117647,0.0,0.078431375,0.7647059,0.15686275,-0.5917308,0.4931642718108126,0.92284566,0.5078168720543911,1.0108702,0.8164379711014097,0.44732836,0.6058063716555377,0.0030730383222044,0.1732066729373296,-0.9978550879215408
0.5882353,0.4117647,0.0,0.078431375,0.78431374,0.13725491,-0.56379545,0.493833211969476,0.92314523,0.5078325054411837,1.0066931,0.8163739897763717,0.45534763,0.6060132357290104,0.0032799023956771,0.1832877935692386,-0.962416832806962
0.5882353,0.4117647,0.0,0.078431375,0.8039216,0.11764706,-0.53804237,0.4944498960176646,0.9219907,0.5077722550030274,1.0012105,0.8162900106353571,0.4617196,0.6061707205520164,0.003437387218683,0.1911550101772818,-0.9297469349965714
0.5882353,0.4117647,0.0,0.078431375,0.8235294,0.09803922,-0.50989956,0.4951238045888856,0.9263614,0.5080003419482587,0.97386575,0.8158711666780932,0.46344253,0.6063317710717459,0.0035984377384125,0.192887083470879,-0.8940454696838096
0.5882353,0.4117647,0.0,0.078431375,0.88235295,0.039215688,-0.39203417,0.4979462126088426,1.022681,0.5130268366204199,0.38207757,0.8068066361906924,0.3375748,0.6059265618066516,0.0031932284733182,0.0235033116563742,-0.744523551836147
0.5882353,0.4117647,0.0,0.09803922,0.74509805,0.15686275,-0.538304,0.4944436316215957,0.92303336,0.5078266670275328,0.9975193,0.8162334727998031,0.46074954,0.6061679238163106,0.0034345904829771,0.1898911256637513,-0.930078802149638
0.5882353,0.4117647,0.0,0.09803922,0.7647059,0.13725491,-0.5092944,0.4951382959111202,0.9251067,0.507934865865492,0.9922072,0.8161521065947511,0.46933985,0.6064084227904544,0.003675089457121,0.2007759473125743,-0.8932777669713268
0.5882353,0.4117647,0.0,0.09803922,0.78431374,0.11764706,-0.48234558,0.4957836129165969,0.9251596,0.5079376248814261,0.9858239,0.8160543323935008,0.47621265,0.606591856730508,0.0038585233971746,0.2093291291491671,-0.8590909890156473
0.5882353,0.4117647,0.0,0.09803922,0.8039216,0.09803922,-0.45605978,0.4964130534104145,0.93363255,0.5083797921780314,0.94549674,0.8154366332363719,0.4743565,0.6067431596082726,0.0040098262749392,0.2064304547351495,-0.8257452965639865
0.5882353,0.4117647,0.0,0.09803922,0.8627451,0.039215688,-0.34121767,0.4991630661928673,1.0349544,0.5136673326825022,0.3469895,0.8062691857565686,0.34690878,0.606366528210646,0.0036331948773126,0.0351729786606468,-0.6800586409031215
0.5882353,0.4117647,0.0,0.09803922,0.88235295,0.019607844,-0.2995096,0.5001618084638213,1.0871974,0.5163936634538272,-0.004775379,0.8008811369098165,0.2609708,0.6058122029424883,0.003078869609155,-0.0799270603050895,-0.6271485518115918
0.5882353,0.4117647,0.0,0.11764706,0.6862745,0.19607843,-0.5278997,0.4946927730332619,0.90845877,0.5070660837860027,0.9985629,0.8162494571753562,0.45970735,0.6060027713315402,0.0032694379982069,0.1876981701790395,-0.9168801074803344
0.5882353,0.4117647,0.0,0.11764706,0.7058824,0.1764706,-0.50648665,0.4952055300512935,0.9177793,0.5075524824316314,0.9888198,0.8161002203695148,0.46670413,0.6062860776174799,0.0035527442841465,0.1968911248435005,-0.8897159227898812
0.5882353,0.4117647,0.0,0.11764706,0.7254902,0.15686275,-0.48059693,0.4958254861723888,0.92251426,0.507799577659133,0.98226845,0.8159998724902495,0.47472858,0.6065416454405904,0.0038083121072571,0.2071894287364556,-0.8568726812910865
0.5882353,0.4117647,0.0,0.11764706,0.74509805,0.13725491,-0.45323285,0.4964807471394541,0.92500776,0.5079297024309365,0.9774493,0.8159260565928184,0.48307475,0.6067788353877364,0.0040455020544029,0.2178034695006311,-0.8221591048721087
0.5882353,0.4117647,0.0,0.11764706,0.7647059,0.11764706,-0.42723483,0.4971032966548664,0.9284945,0.5081116606204704,0.9663359,0.8157558304795764,0.48919854,0.6069902625849711,0.0042569292516377,0.2254930766181337,-0.7891784738501602
0.5882353,0.4117647,0.0,0.11764706,0.78431374,0.09803922,-0.40245584,0.4976966551407958,0.94189554,0.5088110011734687,0.91587955,0.8149829811741081,0.48510638,0.6071635458294575,0.0044302124961241,0.2197938327977161,-0.7577442878075968
0.5882353,0.4117647,0.0,0.11764706,0.84313726,0.039215688,-0.29402798,0.500293071754108,1.0463938,0.5142643003691812,0.3058568,0.8056391481916597,0.35274085,0.6067321734383163,0.0039988401049829,0.0421890063655227,-0.6201946533079453
0.5882353,0.4117647,0.0,0.11764706,0.8627451,0.019607844,-0.25066015,0.5013315591845817,1.0997438,0.5170484056184782,-0.046046097,0.8002489855783153,0.26767918,0.6062096501271251,0.0034763167937917,-0.071734791274939,-0.5651789960510278
0.5882353,0.4117647,0.0,0.11764706,0.88235295,0.0,-0.20922786,0.5023236980769955,1.1484034,0.5195877329648181,-0.38756505,0.795017875741329,0.18387015,0.6056431022610475,0.0029097689277141,-0.1840840957035498,-0.8080220839378616
0.5882353,0.4117647,0.0,0.13725491,0.6862745,0.1764706,-0.43085185,0.4970166834220467,0.90961474,0.507126408876225,0.9768894,0.8159174801007035,0.48521742,0.606686857466325,0.0039535241329917,0.2195580197448347,-0.793766958785938
0.5882353,0.4117647,0.0,0.13725491,0.7058824,0.15686275,-0.4126381,0.4974528304015736,0.91825634,0.5075773757850938,0.96731526,0.8157708315804855,0.49097785,0.6069336792557176,0.0042003459223842,0.2271450928311178,-0.7706613226124273
0.5882353,0.4117647,0.0,0.13725491,0.7254902,0.13725491,-0.39188746,0.4979497258945394,0.9231153,0.5078309439688061,0.9606306,0.815668441374963,0.49728617,0.6071497037461029,0.0044163704127695,0.23527046882079,-0.7443374294854354
0.5882353,0.4117647,0.0,0.13725491,0.74509805,0.11764706,-0.37338296,0.4983928352172023,0.9336603,0.5083812416723102,0.9407134,0.8153633660372334,0.50033027,0.6073791476422487,0.0046458143089153,0.2392555356136539,-0.7208629512128907
0.5882353,0.4117647,0.0,0.13725491,0.7647059,0.09803922,-0.35106295,0.4989273106637557,0.9488012,0.5091713778004135,0.88901305,0.8145714620195094,0.49558377,0.6075567168278928,0.0048233834945595,0.2328005094014725,-0.6925481954277369
0.5882353,0.4117647,0.0,0.13725491,0.8039216,0.05882353,-0.2898279,0.5003936467828598,0.9980914,0.5117436142657877,0.6330875,0.8106514025591828,0.447117,0.6075962212026101,0.0048628878692767,0.167587790519228,-0.6148665182260494
0.5882353,0.4117647,0.0,0.13725491,0.8235294,0.039215688,-0.24186696,0.5015421211796056,1.0573064,0.514833783653612,0.2633685,0.8049883468243059,0.35960266,0.6071214172191746,0.0043880838858411,0.0504429804861734,-0.5540241123137419
0.5882353,0.4117647,0.0,0.13725491,0.84313726,0.019607844,-0.19846587,0.502581405040475,1.111242,0.5176484464818686,-0.09328309,0.7995254477359098,0.27316436,0.6065850997527512,0.0038517664194177,-0.0653166414260986,-0.4989662627871932
0.5882353,0.4117647,0.0,0.13725491,0.8627451,0.0,-0.1574539,0.5035634790080816,1.1596355,0.5201738885439581,-0.43330166,0.7943173194901101,0.18962665,0.6060182290140499,0.0032848956807165,-0.1772984722867887,-0.8696706639482041
0.5882353,0.4117647,0.0,0.15686275,0.7058824,0.13725491,-0.32730967,0.4994961075502885,0.9215506,0.5077492870507637,0.9403068,0.8153571377181779,0.5115159,0.6075341774397434,0.00480084410641,0.2526882411372531,-0.6624152023456544
0.5882353,0.4117647,0.0,0.15686275,0.7254902,0.11764706,-0.31515497,0.4997871643229378,0.93792474,0.5086037825911486,0.90922815,0.8148811004089305,0.51066595,0.6077573491076723,0.0050240157743389,0.2517975995926363,-0.6469959693568901
0.5882353,0.4117647,0.0,0.15686275,0.7647059,0.078431375,-0.2648089,0.5009927529842071,0.9769931,0.510642586498898,0.7574168,0.812555777301128,0.48986697,0.6080637055947444,0.005330372261411,0.2238065334326688,-0.5831278370763121
0.5882353,0.4117647,0.0,0.15686275,0.78431374,0.05882353,-0.23579255,0.5016875792716705,1.0066695,0.5121912684892339,0.60154164,0.8101682084347673,0.4574729,0.6080156853985573,0.0052823520652239,0.1804197170001123,-0.5463182197786374
0.5882353,0.4117647,0.0,0.15686275,0.8039216,0.039215688,-0.18973963,0.5027903638268217,1.0653192,0.5152519347585288,0.22889492,0.8044603087113933,0.36815813,0.6075008690989147,0.0047675357655812,0.060878746265177,-0.4878963117862169
0.5882353,0.4117647,0.0,0.15686275,0.8235294,0.019607844,-0.14641549,0.503827805050342,1.1172081,0.5179597891435529,-0.13067754,0.7989526699419541,0.2800384,0.6069134213786164,0.0041800880452829,-0.0572173996392587,-0.4617622729956049
0.5882353,0.4117647,0.0,0.15686275,0.84313726,0.0,-0.10715168,0.5047680173589255,1.1656951,0.5204901084739454,-0.47243065,0.7937179734235432,0.19537093,0.6063253664188046,0.0035920330854713,-0.1706725114975626,-0.9224128011775048
0.5882353,0.4117647,0.0,0.1764706,0.6666667,0.15686275,-0.25829846,0.5011486520932104,0.9021727,0.5067380408350844,0.9389304,0.8153360552872735,0.52760154,0.6077409160718561,0.0050075827385227,0.2718633633902524,-0.5748688137160873
0.5882353,0.4117647,0.0,0.1764706,0.6862745,0.13725491,-0.25259292,0.5012852770157215,0.91803974,0.5075660722181211,0.9204553,0.8150530684794808,0.528634,0.6079681392377745,0.0052348059044411,0.2736627069295889,-0.5676308735262917
0.5882353,0.4117647,0.0,0.1764706,0.7058824,0.11764706,-0.24521695,0.5014619022266649,0.93794346,0.5086047592890103,0.8815675,0.8144574167683899,0.52476466,0.608174692761355,0.0054413594280216,0.2689527286121236,-0.5582738492782844
0.5882353,0.4117647,0.0,0.1764706,0.7254902,0.09803922,-0.23137367,0.5017933938989569,0.9561835,0.5095566260073016,0.8328498,0.8137111989590882,0.5192199,0.6083537396217823,0.0056204062884488,0.2617548877407523,-0.5407125079551415
0.5882353,0.4117647,0.0,0.1764706,0.74509805,0.078431375,-0.20671158,0.5023839531033211,0.9828534,0.510948411128714,0.7197277,0.8119784864408911,0.49862316,0.6084369502243088,0.0057036168909753,0.2342791739173218,-0.5094266186667239
0.5882353,0.4117647,0.0,0.1764706,0.7647059,0.05882353,-0.1829911,0.5029519642641679,1.008864,0.5123057909792722,0.58444446,0.8099063277952426,0.4701058,0.6083880276795609,0.0056546943462275,0.1961288349058273,-0.4793352507538772
0.5882353,0.4117647,0.0,0.1764706,0.78431374,0.039215688,-0.13872105,0.5040120562964178,1.0680215,0.5153929587319482,0.20564124,0.8041041277425043,0.3783139,0.6078363809236235,0.00510304759029,0.0733138790845477,-0.4231750525698288
0.5882353,0.4117647,0.0,0.1764706,0.8039216,0.019607844,-0.096636534,0.5050198133601653,1.1197222,0.5180909901493059,-0.16013175,0.7985015141830292,0.28765133,0.6072041058975002,0.0044707725641667,-0.0481835652820061,-0.5014637414398878
0.5882353,0.4117647,0.0,0.1764706,0.8235294,0.0,-0.055569675,0.5060032015984954,1.1691667,0.5206712765957823,-0.5090371,0.7931572658508061,0.20151998,0.6066105813483613,0.0038772480150279,-0.1636258342586133,-0.9717547713621169
0.5882353,0.4117647,0.0,0.19607843,0.64705884,0.15686275,-0.17508362,0.5031413170180243,0.8948473,0.5063557600478145,0.92317337,0.8150947019895319,0.5476456,0.6081972596851236,0.0054639263517902,0.2964228286480787,-0.4693039630356736
0.5882353,0.4117647,0.0,0.19607843,0.6666667,0.13725491,-0.17380753,0.5031718743252783,0.9120998,0.5072560919566388,0.9011108,0.8147567659236047,0.5464677,0.6083949107351739,0.0056615774018405,0.2954085500367018,-0.4676851371421212
0.5882353,0.4117647,0.0,0.19607843,0.7254902,0.078431375,-0.14725998,0.5038075827834013,0.98453516,0.5110361739636434,0.68676585,0.8114736036698204,0.50801367,0.6087724534722884,0.006039120138955,0.2454239176506649,-0.4340073885039276
0.5882353,0.4117647,0.0,0.19607843,0.74509805,0.05882353,-0.1264203,0.5043066102976995,1.0092214,0.5123244415537268,0.5658628,0.809621708587205,0.48288798,0.6087509201462105,0.006017586812877,0.2118747778595438,-0.4075705478809486
0.5882353,0.4117647,0.0,0.19607843,0.7647059,0.039215688,-0.08412886,0.5053193225715296,1.0679559,0.5153895309579241,0.17927665,0.8037002962983434,0.38770118,0.6081363832759323,0.0054030499425989,0.0845212966621423,-0.3539203738663333
0.5882353,0.4117647,0.0,0.19607843,0.78431374,0.019607844,-0.042498644,0.5063162008849211,1.1204194,0.5181273705894028,-0.19256438,0.7980047374934321,0.2951188,0.6074827696559187,0.0047494363225853,-0.0395250453681703,-0.5451798276822271
0.5882353,0.4117647,0.0,0.19607843,0.8039216,0.0,-0.0039221,0.5072399559736501,1.1706686,0.5207496550439322,-0.5447349,0.7926104756770257,0.2073372,0.6068666955648694,0.004133362231536,-0.1570975068386982,-1.0198720177909704
0.5882353,0.4117647,0.0,0.21568628,0.627451,0.15686275,-0.08722916,0.5052450825557345,0.8819974,0.5056851823136924,0.91135746,0.814913715546711,0.5687086,0.6086146601387127,0.0058813268053793,0.3220383586138583,-0.357853366355096
0.5882353,0.4117647,0.0,0.21568628,0.64705884,0.13725491,-0.09272781,0.505113411772835,0.9017244,0.5067146467439448,0.8856867,0.8145205115941898,0.56489444,0.6087828567036565,0.0060495233703231,0.3177370174400951,-0.3648288524805729
0.5882353,0.4117647,0.0,0.21568628,0.6666667,0.11764706,-0.09161741,0.5051400013794687,0.92270243,0.5078093975162966,0.8450039,0.8138973656250579,0.5586963,0.608948921506941,0.0062155881736077,0.3100915865816978,-0.3634202223496439
0.5882353,0.4117647,0.0,0.21568628,0.6862745,0.09803922,-0.08770465,0.5052336964913485,0.9435289,0.5088962382801697,0.79410255,0.8131177000442936,0.5499756,0.6090825449386039,0.0063492116052706,0.2989665132349123,-0.3584565626937167
0.5882353,0.4117647,0.0,0.21568628,0.7058824,0.078431375,-0.07774131,0.5054722789558587,0.9793903,0.5107676878087696,0.66118515,0.8110817792233228,0.5209447,0.6091072486626503,0.006373915329317,0.260834509493449,-0.3458172464055911
0.5882353,0.4117647,0.0,0.21568628,0.7254902,0.05882353,-0.067462556,0.5057184143066521,1.0094471,0.5123362179171166,0.52788574,0.8090400071421897,0.48995677,0.6090315464553194,0.0062982131219861,0.2198518867659015,-0.3327778029797952
0.5882353,0.4117647,0.0,0.21568628,0.74509805,0.039215688,-0.02724738,0.5066814081106285,1.0667864,0.5153285028940816,0.15205573,0.8032833483630084,0.39719823,0.6084310864559062,0.0056977531225728,0.0957772428743801,-0.2817615503941191
0.5882353,0.4117647,0.0,0.21568628,0.7647059,0.019607844,0.012562354,0.5076346932113116,1.1207848,0.5181464379712252,-0.22579262,0.7974957744064806,0.30251816,0.6077589685296724,0.0050256351963391,-0.0309943819080518,-0.589968310453815
0.5882353,0.4117647,0.0,0.21568628,0.78431374,0.0,0.047636744,0.5084745855977545,1.1709311,0.520763353698018,-0.5813131,0.7920502008546891,0.21241826,0.6070960467168205,0.0043627133834871,-0.1516027464385553,-1.069175906168955
0.5882353,0.4117647,0.0,0.23529412,0.5882353,0.1764706,0.014381652,0.5076782581680469,0.8515095,0.5040941539389961,0.9091202,0.8148794470102483,0.59167045,0.6088839530390971,0.0061506197057637,0.3492289792335707,-0.2289517045682011
0.5882353,0.4117647,0.0,0.23529412,0.60784316,0.15686275,0.0059349434,0.5074759930366248,0.8667975,0.5048919667878723,0.901733,0.8147662955621713,0.5914885,0.6090447517955561,0.0063114184622227,0.3497451479686984,-0.2396670476901356
0.5882353,0.4117647,0.0,0.23529412,0.627451,0.13725491,-0.0037411777,0.5072442883480447,0.88909423,0.5060555343229381,0.8748038,0.8143538159573167,0.586719,0.6092178795427665,0.0064845462094331,0.3443569391832858,-0.2519420019723751
0.5882353,0.4117647,0.0,0.23529412,0.64705884,0.11764706,-0.009946908,0.5070956857475294,0.9117121,0.5072358612467901,0.8337621,0.8137251729625276,0.5785091,0.6093522399856157,0.0066189066522823,0.3342510648948881,-0.259814480249466
0.5882353,0.4117647,0.0,0.23529412,0.6666667,0.09803922,-0.012474942,0.5070351493657527,0.93564934,0.5084850391488863,0.77741396,0.8128620778520169,0.56686276,0.6094607554555519,0.0067274221222186,0.3194623479053601,-0.2630214991633904
0.5882353,0.4117647,0.0,0.23529412,0.6862745,0.078431375,-0.0077809496,0.5071475518497504,0.971662,0.5103643800229484,0.6467213,0.8108602338426477,0.53686744,0.6094573885717822,0.0067240552384488,0.2801749888413778,-0.257066784303123
0.5882353,0.4117647,0.0,0.23529412,0.7058824,0.05882353,-0.0018055616,0.5072906386702228,1.0032315,0.5120118546909448,0.5080661,0.8087364263454003,0.50316405,0.609346306568856,0.0066129732355226,0.2356992195844949,-0.2494865139579103
0.5882353,0.4117647,0.0,0.23529412,0.7254902,0.039215688,0.024622131,0.5079234769949837,1.0657448,0.5152741437481229,0.13279605,0.8029883442865777,0.40772095,0.6087286550098948,0.0059953216765614,0.1085527400328747,-0.2159608155696251
0.5882353,0.4117647,0.0,0.23529412,0.74509805,0.019607844,0.06315963,0.5088462970942319,1.1208042,0.5181474519951198,-0.25119206,0.7971067263185652,0.3109239,0.608033491802639,0.0053001584693056,-0.0210013765985113,-0.6242043366601234
0.5882353,0.4117647,0.0,0.23529412,0.7647059,0.0,0.09433563,0.5095928385475107,1.1706003,0.5207460904077873,-0.610666,0.7916005969259187,0.21809,0.607313175293739,0.0045798419604055,-0.1452042004241403,-1.1087408143794593
0.5882353,0.4117647,0.0,0.25490198,0.5686275,0.1764706,0.11107178,0.5099936028935111,0.82914513,0.5029270559833156,0.9011493,0.8147573547928205,0.6137887,0.6092260045565491,0.0064926712232157,0.3756985361937655,-0.1062923366164452
0.5882353,0.4117647,0.0,0.25490198,0.5882353,0.15686275,0.09676994,0.509651130508504,0.8493748,0.5039827512832104,0.8933717,0.8146382242680072,0.6131721,0.6094240353532405,0.0066907020199071,0.3759576403360207,-0.124435400076461
0.5882353,0.4117647,0.0,0.25490198,0.60784316,0.13725491,0.083183765,0.5093257956499491,0.8742949,0.5052832213755595,0.86671185,0.8142298703995661,0.6080635,0.6096129624750249,0.0068796291416915,0.3703080741483821,-0.1416705736055419
0.5882353,0.4117647,0.0,0.25490198,0.627451,0.11764706,0.07379748,0.5091010313598503,0.89846027,0.5065443062821607,0.8283041,0.8136415717933818,0.6001873,0.6097623031451309,0.0070289698117976,0.3607904677398024,-0.1535778483445603
0.5882353,0.4117647,0.0,0.25490198,0.64705884,0.09803922,0.06793625,0.5089606781653908,0.92529577,0.5079447323801968,0.76689124,0.8127008993262625,0.5867078,0.6098687699572835,0.00713543662395,0.3437208999660137,-0.1610133001514003
0.5882353,0.4117647,0.0,0.25490198,0.6666667,0.078431375,0.06880686,0.508981525765785,0.96223855,0.5098726126495831,0.6360839,0.8106972987519765,0.5557098,0.6098504790557816,0.0071171457224481,0.3032159047174184,-0.1599088626741025
0.5882353,0.4117647,0.0,0.25490198,0.6862745,0.05882353,0.06998489,0.5090097349949841,0.9955021,0.5116084909160742,0.4926209,0.8084998488226484,0.5193693,0.6097060249112355,0.0069726915779022,0.2553721128003141,-0.158414430252911
0.5882353,0.4117647,0.0,0.25490198,0.7058824,0.039215688,0.08914095,0.5094684466103282,1.0578879,0.514864129718385,0.12730841,0.8029042891403504,0.4247791,0.6090789551563546,0.0063456218230211,0.1295629666528111,-0.1341133936982144
0.5882353,0.4117647,0.0,0.25490198,0.7254902,0.019607844,0.11548518,0.5100992862096929,1.1190277,0.5180547465713298,-0.27206838,0.7967869598351186,0.32081485,0.6083136642053804,0.005580330872047,-0.0091154134675984,-0.6523436182739585
0.5882353,0.4117647,0.0,0.25490198,0.74509805,0.0,0.13443126,0.5105529696445172,1.1687006,0.5206469524643221,-0.6330088,0.7912583680490564,0.22337435,0.6074860967192987,0.0047527633859652,-0.13920840324978,-1.1388567747472202
0.5882353,0.4117647,0.0,0.27450982,0.54901963,0.1764706,0.20122929,0.5121525173110587,0.8046847,0.5016505740881302,0.8955408,0.8146714483604653,0.6338182,0.609491513253218,0.0067581799198847,0.3994516079918893,0.0080798667992776
0.5882353,0.4117647,0.0,0.27450982,0.5686275,0.15686275,0.18602897,0.5117885300654244,0.82924914,0.5029324838106043,0.88936096,0.8145767910576693,0.63487965,0.6097659349778993,0.0070326016445659,0.4021488757644272,-0.0112029833961975
0.5882353,0.4117647,0.0,0.27450982,0.5882353,0.13725491,0.16827886,0.5113634852970667,0.8560487,0.5043310342754855,0.86127675,0.8141466198130232,0.62853473,0.6099470464618585,0.0072137131285251,0.3950091650209085,-0.0337204608433202
0.5882353,0.4117647,0.0,0.27450982,0.60784316,0.11764706,0.15359049,0.5110117570848877,0.8824354,0.5057080382878573,0.8260864,0.8136076027128926,0.6207041,0.6101091326952125,0.0073757993618791,0.3857713107254316,-0.0523538676626982
0.5882353,0.4117647,0.0,0.27450982,0.627451,0.09803922,0.14356112,0.5107715937131787,0.91197336,0.5072494945803182,0.7609931,0.8126105567458143,0.6055092,0.6102105483464371,0.0074772150131037,0.3665949414965233,-0.0650769352279726
0.5882353,0.4117647,0.0,0.27450982,0.64705884,0.078431375,0.14139973,0.5107198367989958,0.9501766,0.5092431526512374,0.63375336,0.8106616014088117,0.5751099,0.610208196953015,0.0074748636196816,0.3270214402757187,-0.0678188467502562
0.5882353,0.4117647,0.0,0.27450982,0.6666667,0.05882353,0.13925706,0.5106685284121459,0.98545605,0.5110842312310423,0.4876964,0.8084244196974584,0.5374698,0.6100590597802155,0.0073257264468821,0.2775846943669183,-0.0705369967658509
0.5882353,0.4117647,0.0,0.27450982,0.6862745,0.039215688,0.14943507,0.5109122514566268,1.0478684,0.5143412542070743,0.13582537,0.803034744898351,0.44437626,0.6094294168540174,0.006696083520684,0.1540311897223469,-0.102541833352397
0.5882353,0.4117647,0.0,0.27450982,0.7058824,0.019607844,0.16459538,0.5112752806307503,1.1107773,0.5176241907814688,-0.26909995,0.7968324278423895,0.3354242,0.6085772997515362,0.0058439664182028,0.0089877243074264,-0.6483424576544167
0.5882353,0.4117647,0.0,0.27450982,0.7254902,0.0,0.16822682,0.511362239268867,1.1657666,0.5204938410772385,-0.6382075,0.7911787383234596,0.23192865,0.6076782728898551,0.0049449395565217,-0.1286748917452971,-1.145864148532137
0.5882353,0.4117647,0.0,0.29411766,0.5294118,0.1764706,0.28014678,0.5140422778623078,0.7822954,0.5004821759423025,0.88968354,0.8145817320812296,0.6507086,0.6097020619619467,0.0069687286286133,0.4193434311036306,0.1081931813511321
0.5882353,0.4117647,0.0,0.29411766,0.54901963,0.15686275,0.2627932,0.5136267288850292,0.8119671,0.5020306090924188,0.8865929,0.8145343924741253,0.65378445,0.6100639101505244,0.0073305768171911,0.4249926042633409,0.0861787597639669
0.5882353,0.4117647,0.0,0.29411766,0.5882353,0.11764706,0.22120532,0.5126308640400208,0.86791295,0.5049501767362284,0.82794213,0.8136360272929972,0.63902014,0.6104056893564155,0.0076723560230821,0.4081606277965258,0.0334211072594919
0.5882353,0.4117647,0.0,0.29411766,0.60784316,0.09803922,0.20983408,0.5123585679846256,0.8967294,0.5064539803929701,0.76626545,0.8126913139961887,0.62427634,0.6105012874579282,0.0077679541245947,0.3896023390670792,0.018995755525388
0.5882353,0.4117647,0.0,0.29411766,0.627451,0.078431375,0.203612,0.5122095737701501,0.93726194,0.5085691938006324,0.6404593,0.810764317546598,0.5937777,0.6105143617057934,0.0077810283724601,0.350084398714075,0.0111025308253915
0.5882353,0.4117647,0.0,0.29411766,0.64705884,0.05882353,0.19912694,0.5121021744890164,0.9748695,0.5105317655071254,0.48993605,0.8084587247529421,0.55464417,0.6103642215830279,0.0076308882496946,0.2987784001083964,0.0054128692396038
0.5882353,0.4117647,0.0,0.29411766,0.6666667,0.039215688,0.20480946,0.5122382481189821,1.0361664,0.513730581645304,0.15293568,0.8032968268489796,0.4646372,0.6097552188710886,0.0070218855377552,0.1794649371746481,-0.0794787601523757
0.5882353,0.4117647,0.0,0.29411766,0.6862745,0.019607844,0.20464021,0.5122341953159205,1.1015774,0.5171440909038972,-0.25820798,0.796999262251543,0.34933653,0.6087925161571203,0.0060591828237869,0.0263575547925981,-0.6336611177858683
0.5882353,0.4117647,0.0,0.29411766,0.7058824,0.0,0.20616256,0.5122706494908797,1.1586689,0.5201234424104516,-0.63137656,0.7912833689709291,0.24448496,0.6078924869574202,0.0051591536240868,-0.1130030616635221,-1.136656706830158
0.5882353,0.4117647,0.0,0.3137255,0.5294118,0.15686275,0.32623678,0.5151459505515338,0.7913751,0.5009560050463416,0.88452744,0.8145027551331357,0.6673798,0.6102015702436704,0.007468236910337,0.4409155558992599,0.1666621397732637
0.5882353,0.4117647,0.0,0.3137255,0.54901963,0.13725491,0.30638525,0.5146705850842004,0.8271521,0.5028230469925529,0.85809946,0.8140979527395005,0.6638789,0.6105305282720845,0.0077971949387512,0.437980944902708,0.1414788367739599
0.5882353,0.4117647,0.0,0.3137255,0.5686275,0.11764706,0.28779164,0.5142253419560868,0.8528177,0.5041624232532272,0.82533807,0.813596140305132,0.6553158,0.6106613018381487,0.0079279685048153,0.4278337069005442,0.1178913164886937
0.5882353,0.4117647,0.0,0.3137255,0.5882353,0.09803922,0.27294743,0.5138698820821348,0.8797633,0.5055685944498319,0.77295476,0.8127937754138024,0.64188844,0.610744083981923,0.0080107506485896,0.4110759267929851,0.0990602184704822
0.5882353,0.4117647,0.0,0.3137255,0.60784316,0.078431375,0.263023,0.5136322311057733,0.92096376,0.5077186641512464,0.6526753,0.8109514318811663,0.6122207,0.6107674423793953,0.0080341090460619,0.3727991544408636,0.086470249368677
0.5882353,0.4117647,0.0,0.3137255,0.627451,0.05882353,0.25527716,0.5134467491749151,0.9614827,0.509833168364283,0.49665153,0.8085615869668129,0.57113713,0.610613834835337,0.0078805015020036,0.3190534898314857,0.0766440251544932
0.5882353,0.4117647,0.0,0.3137255,0.64705884,0.039215688,0.2473182,0.5132561635953342,1.0210626,0.5129423802499077,0.17704459,0.8036661074189957,0.48180845,0.6099548837547458,0.0072215504214125,0.2009545718855455,-0.0469822650782254
0.5882353,0.4117647,0.0,0.3137255,0.6666667,0.019607844,0.23958312,0.5130709392911541,1.0898029,0.5165296297497844,-0.2412449,0.7972590889243724,0.3627137,0.6089532193217703,0.0062198859884369,0.0430503064004205,-0.6107965078407436
0.5882353,0.4117647,0.0,0.3137255,0.6862745,0.0,0.23636256,0.5129938197084716,1.1482811,0.5195813502131869,-0.6175172,0.7914956558667695,0.25570884,0.6080236085961427,0.0052902752628093,-0.0990385036709889,-1.117975572145264
0.5882353,0.4117647,0.0,0.33333334,0.50980395,0.15686275,0.36649343,0.5161099374849449,0.77076995,0.499880713579158,0.8834599,0.8144864037414201,0.67357445,0.6101590182685077,0.0074256849351743,0.4474756723186213,0.217731005098385
0.5882353,0.4117647,0.0,0.33333334,0.5294118,0.13725491,0.34409475,0.5155735780094988,0.81084114,0.5019718516955797,0.85753185,0.8140892584735424,0.67082256,0.6105448960595402,0.0078115627262069,0.4457691309445019,0.189316439643139
0.5882353,0.4117647,0.0,0.33333334,0.54901963,0.11764706,0.3242911,0.5150993593733892,0.8413345,0.5035631662365284,0.82656115,0.8136148745629771,0.66406226,0.6107591333909649,0.0080258000576315,0.4382538229845005,0.1641938919998393
0.5882353,0.4117647,0.0,0.33333334,0.5686275,0.09803922,0.31002152,0.5147576593331811,0.86673605,0.504888759859543,0.78071195,0.8129125937009849,0.65248984,0.6108530042979029,0.0081196709645696,0.4239267102757647,0.1460917448335594
0.5882353,0.4117647,0.0,0.33333334,0.5882353,0.078431375,0.30025375,0.5145237600007173,0.9063395,0.5069554898609304,0.6640698,0.8111259635870006,0.62355435,0.6108684044828827,0.0081350711495494,0.3865766974518448,0.1337005255180037
0.5882353,0.4117647,0.0,0.33333334,0.60784316,0.05882353,0.29126394,0.5143084897175794,0.9467822,0.5090660126304544,0.50691336,0.8087187693986789,0.5816532,0.6106977572489042,0.0079644239155708,0.3317591296912928,0.1222962121222083
0.5882353,0.4117647,0.0,0.33333334,0.627451,0.039215688,0.28213516,0.5140898916970446,1.0052302,0.5121161560689654,0.20249195,0.804055889539236,0.4966191,0.610087312435082,0.0073539791017486,0.2194400237406049,-0.0126816444151058
0.5882353,0.4117647,0.0,0.33333334,0.64705884,0.019607844,0.27268532,0.5138636055540616,1.0765429,0.5158376486462791,-0.22142,0.7975627505194961,0.37593603,0.609088001573279,0.0063546682399456,0.0595308012253376,-0.5840744478912641
0.5882353,0.4117647,0.0,0.33333334,0.6666667,0.0,0.25985986,0.5135564867214532,1.1368082,0.51898262820296,-0.60064167,0.7917541411503036,0.2653421,0.6080977520249057,0.0053644186915722,-0.0870788736293454,-1.095229003749474
0.5882353,0.4117647,0.0,0.3529412,0.49019608,0.15686275,0.40666714,0.5170719383378982,0.74790794,0.4986876460360656,0.8792888,0.8144225137139349,0.6779547,0.6100606993626329,0.0073273660292995,0.451512804029995,0.1862679513200522
0.5882353,0.4117647,0.0,0.3529412,0.50980395,0.13725491,0.37948808,0.5164211076933205,0.79225254,0.5010017947572399,0.85801536,0.8140966645310297,0.6765854,0.6105065223271967,0.0077731889938633,0.4519466371035704,0.2342157819288029
0.5882353,0.4117647,0.0,0.3529412,0.5294118,0.11764706,0.3560292,0.5158593609285426,0.82813585,0.5028743858403469,0.8274113,0.8136278963329403,0.6705254,0.6107872143672766,0.0080538810339432,0.4456618270457402,0.204456281169023
0.5882353,0.4117647,0.0,0.3529412,0.54901963,0.09803922,0.33979598,0.5154706393808631,0.8553083,0.5042923956103963,0.7868244,0.8130062193414337,0.66064286,0.6109230847775643,0.008189751444231,0.4337267401887498,0.1838630887933054
0.5882353,0.4117647,0.0,0.3529412,0.5686275,0.078431375,0.32802957,0.5151888807189887,0.89431095,0.5063277717441216,0.67619914,0.8113117513681259,0.6328466,0.6109428012770787,0.0082094679437454,0.3979438955197544,0.1689364392104801
0.5882353,0.4117647,0.0,0.3529412,0.5882353,0.05882353,0.31604812,0.5149019723781403,0.9352078,0.5084619965445568,0.5154476,0.8088494901478267,0.58890116,0.6107378196901746,0.0080044863568412,0.3404660420379234,0.1537369765293885
0.5882353,0.4117647,0.0,0.3529412,0.60784316,0.039215688,0.3054313,0.5146477419475214,0.9917779,0.5114141404836071,0.22914387,0.804464121981932,0.50878435,0.6101753348043535,0.0074420014710201,0.2347481557283654,0.023242594876986
0.5882353,0.4117647,0.0,0.3529412,0.627451,0.019607844,0.29188758,0.5143234235011448,1.0656803,0.5152707781841536,-0.19974795,0.7978947054544921,0.38593996,0.6091629690465968,0.0064296357132634,0.0721250416105466,-0.5548625889801121
0.5882353,0.4117647,0.0,0.3529412,0.64705884,0.0,0.27453163,0.5139078174320816,1.1270638,0.5184741107723169,-0.5818247,0.7920423638727524,0.27325687,0.6081414306923837,0.0054080973590502,-0.0771414429607488,-1.069865556439188
0.5882353,0.4117647,0.0,0.37254903,0.5294118,0.09803922,0.36499992,0.5160741737637561,0.84285504,0.5036425151615346,0.7963986,0.8131528687746273,0.66808456,0.610956519233306,0.0082231858999726,0.4426525805007332,0.2158363604744628
0.5882353,0.4117647,0.0,0.37254903,0.54901963,0.078431375,0.35004067,0.5157159592111955,0.88255876,0.5057144770285379,0.6936783,0.8115794832678128,0.64209265,0.6110033065025154,0.008269973169182,0.4094110080106357,0.1968593286204302
0.5882353,0.4117647,0.0,0.37254903,0.5686275,0.05882353,0.33718684,0.5154081609863498,0.92407924,0.5078812470191864,0.5290294,0.8090575253166308,0.5967652,0.610782311107389,0.0080489777740556,0.350115323868074,0.180553188415464
0.5882353,0.4117647,0.0,0.37254903,0.5882353,0.039215688,0.324547,0.515105486749175,0.9785859,0.510725708463733,0.2585044,0.8049138425433262,0.5205458,0.6102483459187448,0.0075150125854113,0.2496316247483977,0.0628177666967672
0.5882353,0.4117647,0.0,0.37254903,0.60784316,0.019607844,0.3074895,0.5146970278579006,1.0530884,0.5146136658164114,-0.17259935,0.7983105457222672,0.39599288,0.6092070797988597,0.0064737464655264,0.084819643725901,-0.5182688651001948
0.5882353,0.4117647,0.0,0.37254903,0.627451,0.0,0.28622806,0.5141879004500771,1.1183995,0.5180219618724052,-0.56340504,0.7923245016133036,0.28040752,0.6081781213119286,0.0054447879785953,-0.068117324715173,-1.0450375843212536
0.5882353,0.4117647,0.0,0.39215687,0.5294118,0.078431375,0.37494802,0.5163123913760801,0.86649466,0.5048761623234287,0.71643513,0.8119280536726962,0.652626,0.6110388691240684,0.0083055357907349,0.4223849527655522,0.228456348090683
0.5882353,0.4117647,0.0,0.39215687,0.54901963,0.05882353,0.3570611,0.5158840702529318,0.91181487,0.5072412237535212,0.54842806,0.8093546577672623,0.605768,0.6108266505912384,0.0080933172579051,0.3612931020723249,0.2057653001149998
0.5882353,0.4117647,0.0,0.39215687,0.5686275,0.039215688,0.338874,0.5154485619877455,0.9644821,0.5099896950833799,0.28999168,0.8053961392127971,0.53111595,0.6102781320946408,0.0075447987613074,0.2630039608088981,0.1052596188176552
0.5882353,0.4117647,0.0,0.39215687,0.5882353,0.019607844,0.31900617,0.5149728061553347,1.0420872,0.5140395603249027,-0.14463538,0.7987388750387846,0.40548602,0.609250413839674,0.0065170805063406,0.0969237387122126,-0.4805761115287962
0.5882353,0.4117647,0.0,0.39215687,0.60784316,0.0,0.2947369,0.5143916531793126,1.11035,0.5176018946977979,-0.54090184,0.7926691873073132,0.28806168,0.6082209117281412,0.0054875783948078,-0.058308534398475,-1.0147054253424443
0.5882353,0.4117647,0.0,0.4117647,0.50980395,0.078431375,0.4030585,0.516985525639972,0.84691143,0.5038542004257954,0.7410095,0.8123044634403704,0.6636598,0.6110480631687126,0.0083147298353792,0.4358249753213283,0.2641167931413004
0.5882353,0.4117647,0.0,0.4117647,0.5294118,0.05882353,0.38057995,0.5164472535897406,0.89626384,0.5064296842560346,0.572069,0.80971677033816,0.6163042,0.6108645693946452,0.0081312360613117,0.3743257292438506,0.2356009057482304
0.5882353,0.4117647,0.0,0.4117647,0.54901963,0.039215688,0.35890615,0.5159282521577648,0.95000905,0.5092344090280233,0.327936,0.8059773394342471,0.54561704,0.6103800002066785,0.007646666873345,0.2815109896040461,0.1564049312629443
0.5882353,0.4117647,0.0,0.4117647,0.5686275,0.019607844,0.33330834,0.5153152862120505,1.0294745,0.5133813592812001,-0.11016421,0.7992668764044322,0.41753957,0.6093211739658942,0.0065878406325609,0.1123486513787199,-0.4341122702896957
0.5882353,0.4117647,0.0,0.4117647,0.5882353,0.0,0.30353153,0.514602249786231,1.1014222,0.5171359911547512,-0.51371336,0.7930856383557168,0.29708013,0.608274626432233,0.0055412930988996,-0.0466993374079645,-0.9780579530898866
0.5882353,0.4117647,0.0,0.43137255,0.49019608,0.078431375,0.43805486,0.5178235495416524,0.82035184,0.5024681728449626,0.7687408,0.8127292289569122,0.67571574,0.6110069837811758,0.0082736504478424,0.4502151436110722,0.2915652382587109
0.5882353,0.4117647,0.0,0.43137255,0.50980395,0.05882353,0.40982622,0.5171475856661846,0.87654495,0.5054006428541554,0.6025419,0.8101835299900868,0.6296377,0.6109105861701423,0.0081772528368089,0.3908305553894244,0.2727022016840784
0.5882353,0.4117647,0.0,0.43137255,0.5294118,0.039215688,0.38453537,0.5165419702877417,0.9305029,0.5082164690104384,0.3796236,0.806769048075208,0.5648873,0.6105091624577961,0.0077758291244626,0.3061211552205605,0.2260748734156794
0.5882353,0.4117647,0.0,0.43137255,0.54901963,0.019607844,0.35353643,0.5157996686131193,1.0128806,0.5125153953171971,-0.060489666,0.8000277507234418,0.43530908,0.6094476048845862,0.0067142715512527,0.1351813946476951,-0.3671557321792067
0.5882353,0.4117647,0.0,0.43137255,0.5686275,0.0,0.3208015,0.5150157969828109,1.0870656,0.5163867830217569,-0.4721301,0.7937225771026457,0.31191233,0.6083750523690712,0.0056417190357378,-0.0276689057312289,-0.9220076798485636
0.5882353,0.4117647,0.0,0.4509804,0.4509804,0.09803922,0.50732976,0.5194824084359547,0.742411,0.4984007861414813,0.84525543,0.8139012183817882,0.6983321,0.6105948043197414,0.007861470986408,0.4761245729089778,0.1782781736625728
0.5882353,0.4117647,0.0,0.4509804,0.47058824,0.078431375,0.46929115,0.5185715347034351,0.7911551,0.5009445241807126,0.79965746,0.8132027857116487,0.6867013,0.610906281531932,0.0081729481985987,0.4631688282095809,0.2491277477439835
0.5882353,0.4117647,0.0,0.4509804,0.49019608,0.05882353,0.43702948,0.5177989957923763,0.85371035,0.5042090061423253,0.64118904,0.8107754951059934,0.6439763,0.6109278323468984,0.008194499013565,0.4086345806444617,0.3072117731864524
0.5882353,0.4117647,0.0,0.4509804,0.50980395,0.039215688,0.4092062,0.5171327389475907,0.9093391,0.5071120228010327,0.43697482,0.807647507650888,0.58517337,0.6106307564665038,0.0078974231331704,0.3320675979453815,0.271915671238373
0.5882353,0.4117647,0.0,0.4509804,0.5294118,0.019607844,0.37662828,0.5163526268113003,0.9932654,0.511491766190093,-0.0040580593,0.8008921242279363,0.45527855,0.6095788390764432,0.0068455057431098,0.1607972774550728,-0.2910913204236387
0.5882353,0.4117647,0.0,0.4509804,0.54901963,0.0,0.34380203,0.5155665685656404,1.0702505,0.5155092790925727,-0.4231028,0.7944735373633304,0.33031657,0.6085164616738479,0.0057831283405144,-0.00406175186866,-0.8559235736331721
0.5882353,0.4117647,0.0,0.47058824,0.43137255,0.09803922,0.5382722,0.5202233570352813,0.70913965,0.4966645003991307,0.8656976,0.8142143352079729,0.70436984,0.6103673975474616,0.0076340642141283,0.482273628710637,0.1299181997061557
0.5882353,0.4117647,0.0,0.47058824,0.4509804,0.078431375,0.49958915,0.5192970513933753,0.75915295,0.4992744734837983,0.8328987,0.8137119475990215,0.6972136,0.610761157492065,0.0080278241587317,0.4754109321305551,0.2026125882637654
0.5882353,0.4117647,0.0,0.47058824,0.47058824,0.05882353,0.46382678,0.5184406846149396,0.8262142,0.5027741032318719,0.68746567,0.8114843229155007,0.6591689,0.6108997035874374,0.008166370254104,0.4274363626244108,0.3000861776309253
0.5882353,0.4117647,0.0,0.47058824,0.49019608,0.039215688,0.43509704,0.5177527214736365,0.88595206,0.5058915579497688,0.49980462,0.8086098833722711,0.60695124,0.6107513875985587,0.0080180542652254,0.3599143130129678,0.3047603115848167
0.5882353,0.4117647,0.0,0.47058824,0.50980395,0.019607844,0.40091866,0.5169342850496165,0.97212607,0.5103885983973152,0.05671263,0.8018229602967114,0.47658578,0.609715281247881,0.0069819479145476,0.1881310770570105,-0.2091782381228954
0.5882353,0.4117647,0.0,0.47058824,0.5294118,0.0,0.3686724,0.5161621150942158,1.0509424,0.514501675275607,-0.36605436,0.7953473590233255,0.35118684,0.6086703831310495,0.0059370497977161,0.0227321203952633,-0.779027729184915
0.5882353,0.4117647,0.0,0.49019608,0.4117647,0.09803922,0.5683928,0.5209446260964449,0.6709736,0.4946727832819239,0.8851132,0.8145117269436545,0.70815986,0.6100430454406744,0.007309712107341,0.4852424276864702,0.0744438123013087
0.5882353,0.4117647,0.0,0.49019608,0.43137255,0.078431375,0.5284803,0.5199888796484982,0.7267537,0.4975837006176017,0.85927075,0.8141158936216112,0.70483494,0.610562824629237,0.0078294912959036,0.4837794332530955,0.155520263664713
0.5882353,0.4117647,0.0,0.49019608,0.4509804,0.05882353,0.49014235,0.5190708380424178,0.79612607,0.5012039369990814,0.7332459,0.8121855474648063,0.67317146,0.6108201075021018,0.0080867741687684,0.4445556053299912,0.256353054520559
0.5882353,0.4117647,0.0,0.49019608,0.47058824,0.039215688,0.46082228,0.5183687389752395,0.85982585,0.5045281468343895,0.56601673,0.809624066802995,0.6288883,0.6108403175375413,0.008106984204208,0.3878835547615178,0.3373948979437418
0.5882353,0.4117647,0.0,0.49019608,0.49019608,0.019607844,0.42503446,0.5175117627420028,0.948499,0.5091556075515001,0.12068139,0.802802781782164,0.49807164,0.6098233840252223,0.0070900506918889,0.2156226489802753,-0.1229544650330396
0.5882353,0.4117647,0.0,0.49019608,0.50980395,0.0,0.3924893,0.5167324356177512,1.0305431,0.5134371243743993,-0.30644473,0.796260410785293,0.37219587,0.6088099902591478,0.0060766569258144,0.0497025647000841,-0.6986796564879726
0.5882353,0.4117647,0.0,0.50980395,0.4117647,0.078431375,0.5560575,0.5206492446211096,0.6924647,0.4957943092618983,0.8807276,0.8144445520302177,0.70974994,0.6102960353044086,0.0075627019710752,0.4884683118741941,0.105681163308741
0.5882353,0.4117647,0.0,0.50980395,0.43137255,0.05882353,0.51667875,0.5197062795964477,0.7630818,0.4994795022721864,0.7757792,0.8128370376721964,0.68517995,0.6106742731802769,0.0079409398469434,0.4588771086550192,0.2083231614862019
0.5882353,0.4117647,0.0,0.50980395,0.4509804,0.039215688,0.48541838,0.5189577178076402,0.8327745,0.5031164576059165,0.61553407,0.8103825330919874,0.64457566,0.6108189028351814,0.008085569501848,0.4074261093062793,0.3096216176848469
0.5882353,0.4117647,0.0,0.50980395,0.47058824,0.019607844,0.45007783,0.5181114519932007,0.9231877,0.5078347201191377,0.18651342,0.8038111433961865,0.5199263,0.6099191051695083,0.0071857718361749,0.2435275769924596,-0.0342191757064996
0.5882353,0.4117647,0.0,0.50980395,0.49019608,0.0,0.41659915,0.517309770580676,1.0066392,0.5121896883538398,-0.24185956,0.7972496740924785,0.39379296,0.6089163776756648,0.0061830443423314,0.0773344629998998,-0.6116250080736421
0.5882353,0.4117647,0.0,0.5294118,0.39215687,0.078431375,0.5833505,0.5213028028256982,0.6554652,0.4938634677938995,0.9018192,0.814767616637761,0.713545,0.6099779624191196,0.0072446290857862,0.4915596581063131,0.051902317564158
0.5882353,0.4117647,0.0,0.5294118,0.4117647,0.05882353,0.5432345,0.5203421850212276,0.72809124,0.497653500299183,0.8206405,0.813524186877779,0.69732213,0.6105066240660633,0.0077732907327299,0.4733098257217689,0.1574643623237659
0.5882353,0.4117647,0.0,0.5294118,0.43137255,0.039215688,0.5094629,0.519533488455666,0.80146605,0.50148260693994,0.6635882,0.8111185876577057,0.65817237,0.6107115610177706,0.0079782276844372,0.4240154281305707,0.2641147211366264
0.5882353,0.4117647,0.0,0.5294118,0.4509804,0.019607844,0.47395355,0.5186831805428745,0.8968345,0.5064594642093082,0.2535283,0.8048376227813284,0.5414388,0.6099934225111704,0.007260089177837,0.2709654342278815,0.0561104679071064
0.5882353,0.4117647,0.0,0.5294118,0.47058824,0.0,0.4404441,0.517880762646328,0.98113894,0.510858940627778,-0.17591158,0.7982598116721479,0.41522384,0.6089998383154179,0.0062665049820846,0.1046931800230961,-0.522733434708402
0.5882353,0.4117647,0.0,0.54901963,0.39215687,0.05882353,0.5701202,0.5209859905217062,0.68779546,0.4955506418084209,0.8673218,0.8142392128781493,0.70841247,0.6102586150694255,0.0075252817360921,0.4861293778344113,0.0988944049908164
0.5882353,0.4117647,0.0,0.54901963,0.4117647,0.039215688,0.53329986,0.5201042892638396,0.7686576,0.4997704804724041,0.7166571,0.8119314535935643,0.67287153,0.6106020744432693,0.0078687411099359,0.4420433782960835,0.2164276444299819
0.5882353,0.4117647,0.0,0.54901963,0.43137255,0.019607844,0.49693936,0.519233599583934,0.8666398,0.504883736397611,0.32030177,0.80586040461558,0.56129366,0.6099925801990417,0.0072592468657082,0.2960573105541645,0.1461147289957405
0.5882353,0.4117647,0.0,0.5686275,0.37254903,0.05882353,0.6080177,0.5218934844205756,0.64290243,0.4932078733514966,0.91941434,0.8150371242748509,0.72344476,0.6100461606823077,0.0073128273489743,0.5038093014983872,0.0336423449183797
0.5882353,0.4117647,0.0,0.5686275,0.39215687,0.039215688,0.5676016,0.5209256801877143,0.72890556,0.4976959959876751,0.77222437,0.812782587811676,0.68957716,0.6104680879956885,0.0077347546623551,0.4622548079567994,0.1586479753308952
0.5882353,0.4117647,0.0,0.5686275,0.4117647,0.019607844,0.52426505,0.5198879413732667,0.8291878,0.5029292831032804,0.39541522,0.8070109313552439,0.582956,0.609942718610597,0.0072093852772636,0.3232153543924786,0.2473604742743037
0.5882353,0.4117647,0.0,0.5882353,0.3529412,0.05882353,0.64943814,0.5228853399950081,0.59984416,0.4909608523900461,0.95902795,0.8156438932889524,0.7361035,0.6098300285580022,0.0070966952246688,0.518261087628884,-0.02894290388298
0.5882353,0.4117647,0.0,0.5882353,0.37254903,0.039215688,0.6094795,0.5219284888210287,0.6825085,0.4952747402150048,0.83693385,0.8137737551293263,0.7096407,0.6103256613884532,0.0075923280551199,0.4865580014634384,0.0912098438919753
0.5882353,0.4117647,0.0,0.5882353,0.39215687,0.019607844,0.5638968,0.5208369638362782,0.78781897,0.5007704262316134,0.4876998,0.8084244717370634,0.6131385,0.6100106206016517,0.0072772872683183,0.3613944373756632,0.2442786770645783
0.5882353,0.4117647,0.0,0.5882353,0.4117647,0.0,0.52054906,0.5197989581177374,0.8910192,0.5061559911195669,0.03671639,0.8015166741251872,0.48276153,0.6091572077874972,0.0064238744541638,0.1904374378412354,-0.2361312594090755
0.5882353,0.4117647,0.0,0.60784316,0.33333334,0.05882353,0.68701583,0.5237851764582635,0.55692697,0.4887211939885913,0.9902449,0.8161220496144015,0.7447292,0.6095428066870855,0.006809473353752,0.5273836560021,-0.0913230866626829
0.5882353,0.4117647,0.0,0.60784316,0.3529412,0.039215688,0.64624506,0.5228088783951435,0.6370274,0.4929012804275027,0.8989244,0.8147232761552679,0.72739893,0.6101444783259714,0.007411144992638,0.5079215376122741,0.0251029522032785
0.5882353,0.4117647,0.0,0.60784316,0.37254903,0.019607844,0.6051116,0.5218238952442862,0.7384531,0.498194239427754,0.58057886,0.8098471176803166,0.6413812,0.6099550841174523,0.0072217507841189,0.3966354790588327,0.1725253223587809
0.5882353,0.4117647,0.0,0.60784316,0.39215687,0.0,0.5596377,0.5207349764995041,0.8496631,0.5039977967849844,0.13262,0.8029856478133542,0.5139736,0.6092394736992809,0.0065061403659475,0.2300190679753479,-0.106862350894611
0.5882353,0.4117647,0.0,0.627451,0.3137255,0.05882353,0.71984977,0.5245714188249289,0.5143944,0.4865016076613452,1.0203459,0.8165831122990302,0.75153,0.6092187129284348,0.0064853795951014,0.534185219165162,-0.1531442111247893
0.5882353,0.4117647,0.0,0.627451,0.33333334,0.039215688,0.6837698,0.52370744742078,0.5911292,0.4905060564522991,0.9608151,0.8156712670342237,0.745238,0.6099615903024342,0.0072282569691009,0.5293591562926386,-0.0416101274674766
0.5882353,0.4117647,0.0,0.627451,0.3529412,0.019607844,0.64234346,0.5227154505441804,0.69011515,0.4956716963542222,0.672325,0.8112524106976994,0.66826123,0.609879852532034,0.0071465191987006,0.4301813049736411,0.1022660819789189
0.5882353,0.4117647,0.0,0.627451,0.37254903,0.0,0.59764725,0.5216451537122512,0.8043456,0.5016328784380181,0.23093897,0.8044916178376802,0.54431057,0.6092565499959831,0.0065232166626498,0.2683103274939465,0.0256622156570431
0.5882353,0.4117647,0.0,0.64705884,0.3137255,0.039215688,0.7171495,0.5245067580969479,0.5489503,0.4883049278483375,1.0099725,0.8164242198639993,0.7586908,0.6097453019364282,0.0070119686030948,0.5451249158806709,-0.1029171573911328
0.5882353,0.4117647,0.0,0.64705884,0.33333334,0.019607844,0.68011093,0.5236198315134927,0.6439252,0.4932612464680854,0.7540125,0.8125036336167927,0.6926829,0.6097949038661236,0.0070615705327902,0.4604749492214862,0.0351289219634193
0.5882353,0.4117647,0.0,0.64705884,0.3529412,0.0,0.6345205,0.522528120980442,0.7569216,0.4991580287030641,0.32687247,0.8059610492118919,0.5727715,0.6092157329651328,0.0064823996317993,0.3040286722596595,0.1549714003016528
0.5882353,0.4117647,0.0,0.6666667,0.29411766,0.039215688,0.75019366,0.5252980345317233,0.507803,0.4861576327153709,1.0409968,0.8168994254525402,0.7663312,0.6094516975665448,0.0067183642332114,0.5531013957474779,-0.1627247882286826
0.5882353,0.4117647,0.0,0.6666667,0.3137255,0.019607844,0.71730834,0.5245105618370991,0.6007952,0.4910104835718336,0.83409923,0.8137303367521168,0.71740097,0.6097504607203499,0.0070171273870164,0.4912908582582533,-0.0275605492393147
0.5882353,0.4117647,0.0,0.6666667,0.33333334,0.0,0.67197245,0.5234249472793526,0.7107976,0.4967510221434651,0.42360008,0.80744264415907,0.6021234,0.6092062045272959,0.0064728711939625,0.3409784166793571,0.1323280503434203
0.5882353,0.4117647,0.0,0.6862745,0.29411766,0.019607844,0.7519254,0.5253395031494916,0.5576823,0.4887606102793666,0.91341096,0.8149451693796192,0.7410062,0.6096817609361592,0.0069484276028258,0.5206757006945459,-0.0902252427140413
0.5882353,0.4117647,0.0,0.6862745,0.3137255,0.0,0.7077815,0.5242824316294725,0.667619,0.494497721076974,0.52390087,0.8089789701632312,0.63310045,0.6092530409565593,0.0065197076232259,0.3802658896428002,0.0695678846439933
0.5882353,0.4117647,0.0,0.7058824,0.27450982,0.019607844,0.78190726,0.5260574494687895,0.5123573,0.4863953000090545,0.9995287,0.8162642510308202,0.7645977,0.6095723335028881,0.0068390001695547,0.5500867081205908,-0.1561051496216899
0.5882353,0.4117647,0.0,0.7058824,0.29411766,0.0,0.7406147,0.5250686568686025,0.6234655,0.4921935446275977,0.6251319,0.8105295449764658,0.6630707,0.6092639154908887,0.0065305821575553,0.4182406309165937,0.0053907101358556
0.5882353,0.4117647,0.0,0.7254902,0.25490198,0.019607844,0.8151179,0.5268527123374269,0.47027242,0.4841990766679206,1.0713816,0.8173648348136603,0.78559065,0.6094722079396693,0.0067388746063359,0.5760236426091051,-0.2172755554996543
0.5882353,0.4117647,0.0,0.7254902,0.27450982,0.0,0.7720235,0.5258207726210034,0.58531123,0.4902024433899343,0.73107815,0.81215234345781,0.6961376,0.6093918531562492,0.0066585198229158,0.4606382311385664,-0.0500665234572938
0.5882353,0.4117647,0.0,0.74509805,0.23529412,0.019607844,0.84654456,0.5276052562782125,0.4378253,0.4825058045127691,1.1292292,0.8182508976495417,0.804533,0.6094539861468411,0.0067206528135077,0.5995831207862139,-0.2644374916527419
0.5882353,0.4117647,0.0,0.74509805,0.25490198,0.0,0.8066983,0.5266510969818786,0.545835,0.4881423543119058,0.8348648,0.813742063009805,0.7291327,0.6095118381011965,0.0067785047678631,0.5028061048225183,-0.107445243866804
0.5882353,0.4117647,0.0,0.7647059,0.21568628,0.019607844,0.8831866,0.5284826870705887,0.39956263,0.4805090452706138,1.1834127,0.8190808362277835,0.8220539,0.6093575228563287,0.0066241895229953,0.6208840334372354,-0.3200523150614358
0.5882353,0.4117647,0.0,0.7647059,0.23529412,0.0,0.83791137,0.5273985254987611,0.50588566,0.4860575740630934,0.94057506,0.8153612470210317,0.7614574,0.6096057821942954,0.006872448860962,0.5441451768632947,-0.1655116761816423
0.5882353,0.4117647,0.0,0.78431374,0.19607843,0.019607844,0.9183765,0.5293253461115339,0.35906535,0.4783956717253247,1.2357198,0.8198820343363877,0.8377206,0.6092010173910821,0.0064676840577487,0.6396451979543426,-0.3789151434067262
0.5882353,0.4117647,0.0,0.78431374,0.21568628,0.0,0.8738793,0.5282598150163268,0.4644265,0.4838940032245174,1.034993,0.8168074650794555,0.7910996,0.6096537611067666,0.0069204277734332,0.5816897660706872,-0.2257726268156936
0.5882353,0.4117647,0.0,0.8039216,0.1764706,0.019607844,0.9525644,0.5301440109026925,0.3158158,0.476138669160568,1.2810677,0.8205766370741852,0.849816,0.6089531057124818,0.0062197723791485,0.6535223936540364,-0.4417784052471619
0.5882353,0.4117647,0.0,0.8039216,0.19607843,0.0,0.9078701,0.5290737597441908,0.4184416,0.4814942550230722,1.116837,0.8180610845593111,0.81438285,0.6095430331088582,0.0068096997755247,0.6105560602607868,-0.2926117176940956
0.5882353,0.4117647,0.0,0.8235294,0.15686275,0.019607844,0.97949404,0.5307888683193029,0.271304,0.4738157954791959,1.3289886,0.8213106493136463,0.85992885,0.6086384377040485,0.005905104370715,0.6648747869117296,-0.506476345220521
0.5882353,0.4117647,0.0,0.8235294,0.1764706,0.0,0.9380518,0.5297964917823356,0.37390876,0.4791702833342314,1.1801358,0.8190306444851281,0.8306988,0.609332473200565,0.0065991398672316,0.630182797397972,-0.3573402399681072
0.5882353,0.4117647,0.0,0.84313726,0.13725491,0.019607844,1.0074539,0.531458396523348,0.2260049,0.4714518351670749,1.3721966,0.8219724744040191,0.86855173,0.608294235364814,0.0055609020314806,0.6741639065811939,-0.5723186523590953
0.5882353,0.4117647,0.0,0.84313726,0.15686275,0.0,0.96588206,0.5304629156205912,0.32960624,0.4768583306279945,1.24149,0.8199704176713518,0.84565943,0.6090972213066458,0.0063638879733125,0.6480530405944572,-0.4217340030077778
0.5882353,0.4117647,0.0,0.8627451,0.11764706,0.019607844,1.0372895,0.5321728402616587,0.18031353,0.4690674046363938,1.4113258,0.8225718245789759,0.8763096,0.6079373564923428,0.0052040231590094,0.6822235497358605,-0.6387311071480808
0.5882353,0.4117647,0.0,0.8627451,0.13725491,0.0,0.99539465,0.5311696248493787,0.2828594,0.4744188208699694,1.2982572,0.8208399319128035,0.8588371,0.6088094592107172,0.0060761258773838,0.6633895002879884,-0.4896805543656216
0.5882353,0.4117647,0.0,0.88235295,0.039215688,0.078431375,1.248199,0.5372232851501132,-0.2187776,0.4482406042627989,1.2150596,0.8195655787586953,0.74816036,0.6016764893905359,-0.0010568439427975,0.489866415435137,-1.2188104679904954
0.5882353,0.4117647,0.0,0.88235295,0.11764706,0.0,1.024768,0.5318729999179436,0.23759604,0.4720567253042436,1.3510091,0.8216479426448015,0.87112445,0.6085258892889961,0.0057925559556628,0.6775817176275828,-0.5554709235743339
0.5882353,0.4117647,0.0,0.9019608,0.019607844,0.078431375,1.274661,0.5378569440131679,-0.26114672,0.4460295469340776,1.2133571,0.8195395005256989,0.7422905,0.6011419971576482,-0.0015913361756852,0.4797633244110511,-1.2803940381512149
0.5882353,0.4117647,0.0,0.9019608,0.09803922,0.0,1.0512679,0.5325075665403739,0.19325313,0.4697426652323974,1.3996918,0.822393624537468,0.8814042,0.6082146187700798,0.0054812854367464,0.6891765216327941,-0.6199233821060519
0.5882353,0.4117647,0.0,0.92156863,0.019607844,0.05882353,1.2297733,0.5367820627109324,-0.17183557,0.4506903009173114,1.3453043,0.8215605599310166,0.8010807,0.6030109745197535,0.0002776411864201,0.5633374334997986,-1.1505801856563416
0.5882353,0.4117647,0.0,0.92156863,0.039215688,0.039215688,1.1668931,0.5352763325467841,-0.057532772,0.4566552583738132,1.4568408,0.8232689854742042,0.8554004,0.6050668587982672,0.0023335254649338,0.6422411458633923,-0.9844409493477893
0.5882353,0.4117647,0.0,0.92156863,0.078431375,0.0,1.0741029,0.5330543745260553,0.14987338,0.4674788677743957,1.4427471,0.8230531105845368,0.88890773,0.6078621176283293,0.0051287842949959,0.6971598549972855,-0.682975899005344
0.5882353,0.4117647,0.0,0.9411765,0.0,0.05882353,1.2566903,0.5374266175410843,-0.22182259,0.448081699564354,1.3367136,0.8214289745940434,0.79052705,0.602312430566494,-0.0004209027668394,0.5466410261425524,-1.2232363679969886
0.5882353,0.4117647,0.0,0.9411765,0.019607844,0.039215688,1.1910098,0.5358538302212951,-0.09849274,0.4545177387733461,1.4567817,0.823268081628431,0.84976625,0.6045465502076907,0.0018132168743573,0.6325674915102878,-1.0439763067423469
0.5882353,0.4117647,0.0,0.9411765,0.05882353,0.0,1.0945805,0.5335447330096806,0.10848473,0.4653189774381919,1.4819235,0.8236531820101611,0.8949962,0.6075056308193446,0.0047722974860112,0.7033682259900185,-0.74313433828742
0.5882353,0.4117647,0.0,0.9607843,0.0,0.039215688,1.2160323,0.5364530199193774,-0.14638558,0.452018423379057,1.4497449,0.8231602975634861,0.8397972,0.6038772469539735,0.0011439136206401,0.6167827826178798,-1.1135885971785155
0.5882353,0.4117647,0.0,0.9607843,0.019607844,0.019607844,1.1570909,0.5350416082380324,-0.036942944,0.4577297504417916,1.5433301,0.82459375861485,0.88782597,0.6057883724315579,0.0030550390982246,0.686931729060957,-0.9545136124144896
0.5882353,0.4117647,0.0,0.9607843,0.039215688,0.0,1.1133423,0.5339940025359055,0.06597724,0.4631006994661626,1.5162109,0.824178369356986,0.89851016,0.6070910237863513,0.004357690453018,0.7061123430820327,-0.8049190217290965
0.5882353,0.4117647,0.0,0.98039216,0.0,0.019607844,1.1797669,0.5355846082016787,-0.08279541,0.4553369129998185,1.5399584,0.8245421134151532,0.87897664,0.6051545448722168,0.0024212115388834,0.6727900616594712,-1.0211602210649169
0.5882353,0.4117647,0.0,0.98039216,0.019607844,0.0,1.1330321,0.5344654950392987,0.022911385,0.4608532830820508,1.5459622,0.824634075614189,0.90063524,0.6066509512451795,0.0039176179118461,0.7069402676272962,-0.867515284057284
0.5882353,0.4117647,0.0,1.0,0.0,0.0,1.1563195,0.5350231361911143,-0.028621018,0.4581640349468172,1.5660875,0.8249423381494886,0.89792866,0.6060431697624734,0.00330983642914,0.7008624472158583,-0.9424176843996211
0.60784316,0.33333334,0.05882353,0.27450982,0.7058824,0.019607844,0.49748832,0.5192467449673458,0.9106736,0.5071816669574768,-0.0006057434,0.8009450039987915,0.46918538,0.609124471974538,0.0063911386412047,0.1734396280103994,-0.286437928524238
0.60784316,0.33333334,0.05882353,0.27450982,0.7254902,0.0,0.47284853,0.5186567199279917,0.9765511,0.5106195221210493,-0.3591385,0.7954532906609231,0.3634204,0.608243177569988,0.0055098442366546,0.0338488102035267,-0.7697058010389658
0.60784316,0.33333334,0.05882353,0.33333334,0.64705884,0.019607844,0.53593916,0.5201674898694285,0.87242997,0.505185899965697,0.045355473,0.8016490005700457,0.48457482,0.6090007968017237,0.0062674634683903,0.1918203560126871,-0.2244866021682762
0.60784316,0.3529412,0.039215688,0.13725491,0.74509805,0.11764706,-0.096455745,0.505024142523147,0.86717796,0.5049118211268889,0.93137383,0.8152203100757199,0.56736535,0.6083854245752519,0.0056520912419186,0.3199501594330079,-0.3695580444768367
0.60784316,0.3529412,0.039215688,0.15686275,0.7254902,0.11764706,-0.024602238,0.5067447487695016,0.86270934,0.5046786236256487,0.9109948,0.8149081610035955,0.583034,0.608777177799582,0.0060438444662486,0.3390128185786364,-0.2784059700791964
0.60784316,0.3529412,0.039215688,0.21568628,0.78431374,0.0,0.29020393,0.5142831067101314,1.0710019,0.5155484900901669,-0.42540562,0.7944382645537863,0.3119334,0.6080899537846949,0.0053566204513615,-0.0273969056148977,-0.8590275622387751
0.60784316,0.3529412,0.039215688,0.27450982,0.7254902,0.0,0.39968264,0.516904687241168,1.0433191,0.5141038481956212,-0.45331165,0.7940108226494828,0.3298967,0.6083397860287573,0.0056064526954239,-0.0070531977784042,-0.8966422240041682
0.60784316,0.3529412,0.039215688,0.29411766,0.627451,0.078431375,0.45748854,0.5182889089600815,0.8000556,0.5014090031135024,0.72963035,0.8121301672822224,0.6623915,0.6106093597852689,0.0078760264519354,0.4310269881339278,0.2620646673679468
0.60784316,0.3529412,0.039215688,0.29411766,0.6666667,0.039215688,0.44741717,0.518047739702492,0.90154463,0.5067052654676681,0.32155788,0.8058796446618678,0.5568399,0.6102108832773426,0.0074775499440092,0.2925920989213401,0.1478078429047446
0.60784316,0.3529412,0.039215688,0.3137255,0.60784316,0.078431375,0.48243928,0.5188863801954464,0.7853055,0.5006392594413905,0.7341928,0.8122000509940522,0.66731256,0.6105752302102965,0.007841896876963,0.4364811470405449,0.2406253483500684
0.60784316,0.3529412,0.039215688,0.3137255,0.627451,0.05882353,0.4686397,0.5185559350869313,0.8274395,0.5028380458367857,0.620495,0.8104585209582008,0.6388581,0.6106175006273059,0.0078841672939726,0.3999752045500573,0.3018671418080265
0.60784316,0.3529412,0.039215688,0.3137255,0.64705884,0.039215688,0.46420866,0.5184498292915433,0.89081556,0.5061453625316897,0.3434721,0.8062153087881924,0.56616545,0.6102701668704751,0.0075368335371417,0.3043404096978335,0.177346108693278
0.60784316,0.3529412,0.039215688,0.3137255,0.6666667,0.019607844,0.4510133,0.5181338526685488,0.9661928,0.5100789665121402,-0.06708397,0.7999267445317596,0.4500407,0.6093798545708161,0.0066465212374828,0.1508174557679771,-0.3760442236866695
0.60784316,0.3529412,0.039215688,0.3137255,0.6862745,0.0,0.42175758,0.5174332943659083,1.0318093,0.5135032038946984,-0.44438484,0.7941475562554612,0.33639404,0.608361351505356,0.0056280181720226,0.0007157638853868,-0.884609738913074
0.60784316,0.3529412,0.039215688,0.33333334,0.5686275,0.09803922,0.52169657,0.5198264363936813,0.7315017,0.4978314770452043,0.8010377,0.8132239274859624,0.6847453,0.6102939469749494,0.0075606136416159,0.4570470813333371,0.1624214673627004
0.60784316,0.3529412,0.039215688,0.33333334,0.5882353,0.078431375,0.5041146,0.5194054187370822,0.767689,0.499719931692307,0.7413172,0.8123091771330241,0.6710403,0.6104781758541379,0.0077448425208044,0.4403126089648615,0.2150197323395956
0.60784316,0.3529412,0.039215688,0.33333334,0.60784316,0.05882353,0.48846078,0.519030571206716,0.81272805,0.5020703208809548,0.62974316,0.8106001764152535,0.64364403,0.6105670228343082,0.0078336895009747,0.4053842636531262,0.2804840491729344
0.60784316,0.3529412,0.039215688,0.33333334,0.627451,0.039215688,0.48090833,0.5188497201332388,0.8773427,0.5054422738228846,0.36636487,0.8065659616902562,0.57487196,0.61028598521546,0.0075526518821265,0.3151601984663187,0.2082033788284432
0.60784316,0.3529412,0.039215688,0.33333334,0.64705884,0.019607844,0.4641317,0.5184479866541942,0.95570177,0.5095314869241224,-0.047699,0.8002236677398121,0.45737815,0.609401047106043,0.0066677137727095,0.1599915139347242,-0.3499151382396337
0.60784316,0.3529412,0.039215688,0.3529412,0.60784316,0.039215688,0.49452972,0.5191758983444998,0.86087024,0.5045826490634745,0.39538985,0.8070105428841565,0.58359665,0.6102563634307103,0.0075230300973769,0.3259802070941249,0.2473262890238371
0.60784316,0.3529412,0.039215688,0.3529412,0.627451,0.019607844,0.47524774,0.5187141713908681,0.94267184,0.50885151236121,-0.024854388,0.800573582957649,0.46435508,0.6093797555699091,0.0066464222365756,0.1686431564079895,-0.3191227839267267
0.60784316,0.3529412,0.039215688,0.37254903,0.5882353,0.039215688,0.5048612,0.5194232956021455,0.8415785,0.5035758975242607,0.43283153,0.8075840439829747,0.59309036,0.6101944123697937,0.0074610790364602,0.3378247063990371,0.2977940827448912
0.60784316,0.3529412,0.039215688,0.37254903,0.60784316,0.019607844,0.48429,0.5189306976932679,0.92642164,0.5080034866665332,0.008688483,0.8010873654141717,0.47313336,0.6093405165913243,0.0066071832579909,0.1796644115668389,-0.2739101991789084
0.60784316,0.3529412,0.039215688,0.37254903,0.627451,0.0,0.45357472,0.5181951885137223,1.0014609,0.5119194540964237,-0.39120492,0.7949621230647294,0.35461023,0.6083589218916251,0.0056255885582917,0.0233599777021796,-0.8129282900250427
0.60784316,0.37254903,0.019607844,0.078431375,0.8039216,0.11764706,-0.39306775,0.4979214626065568,0.8800166,0.505581814086495,1.0141048,0.8164875164573909,0.50035125,0.6066635977168143,0.0039302643834809,0.2379160990391577,-0.7458347257636373
0.60784316,0.37254903,0.019607844,0.09803922,0.74509805,0.15686275,-0.3659087,0.4985718136801436,0.8721035,0.5051688637421666,1.0074933,0.8163862455598664,0.5045627,0.6067089743273922,0.0039756409940588,0.2425960868755863,-0.7113812593939988
0.60784316,0.37254903,0.019607844,0.09803922,0.7647059,0.13725491,-0.3512113,0.4989237581274569,0.878292,0.5054918148000925,1.0033011,0.8163220341649952,0.5101273,0.6069125356975148,0.0041792023641815,0.249925854132598,-0.6927363971465758
0.60784316,0.37254903,0.019607844,0.09803922,0.78431374,0.11764706,-0.33741874,0.4992540355288545,0.8836716,0.5057725501147733,0.9985506,0.8162492691023974,0.5149345,0.6070919515820083,0.004358618248675,0.2562301603649755,-0.6752393839119416
0.60784316,0.37254903,0.019607844,0.09803922,0.8039216,0.09803922,-0.3200745,0.4996693611345257,0.8901098,0.5061085310686949,0.97621304,0.8159071205673816,0.5154161,0.6072283375902007,0.0044950042568673,0.2566473676509586,-0.6532367958197566
0.60784316,0.37254903,0.019607844,0.11764706,0.7254902,0.15686275,-0.3056992,0.500013592481735,0.87262326,0.5051959873260966,0.98985356,0.8161160550170813,0.5189259,0.6071085449416377,0.0043752116083043,0.2603826024933376,-0.6350005483126326
0.60784316,0.37254903,0.019607844,0.11764706,0.74509805,0.13725491,-0.2905003,0.5003775454722986,0.8803543,0.5055994350845413,0.9842277,0.8160298829088473,0.5246939,0.6073356211552291,0.0046022878218957,0.268027596382186,-0.6157195128384318
0.60784316,0.37254903,0.019607844,0.11764706,0.7647059,0.11764706,-0.27822545,0.5006714796708934,0.8861618,0.5059025038089259,0.9805333,0.8159732948596391,0.52948993,0.6075157594464861,0.0047824261131527,0.2743719916931912,-0.600147843262613
0.60784316,0.37254903,0.019607844,0.11764706,0.78431374,0.09803922,-0.2609717,0.5010846386433377,0.89419997,0.5063219799880118,0.9540099,0.8155670307921825,0.5290794,0.6076578831411773,0.0049245498078439,0.2736454124048383,-0.5782600362910375
0.60784316,0.37254903,0.019607844,0.13725491,0.7254902,0.13725491,-0.22716404,0.5018941976516709,0.8780651,0.5054799731161451,0.9669655,0.8157654742400842,0.5392888,0.6077132150026333,0.0049798816693,0.2859449677777992,-0.5353722558280736
0.60784316,0.37254903,0.019607844,0.13725491,0.74509805,0.11764706,-0.21433048,0.5022015105963472,0.8857818,0.5058826743539312,0.9614875,0.8156815663111608,0.54431295,0.6079219170871464,0.005188583753813,0.2926492450878303,-0.5190918241744956
0.60784316,0.37254903,0.019607844,0.13725491,0.7647059,0.09803922,-0.19554211,0.5026514174096179,0.89572084,0.5064013475760344,0.9298962,0.8151976764993927,0.5433583,0.6080834804950149,0.0053501471616816,0.2912155476351521,-0.4952572371490533
0.60784316,0.37254903,0.019607844,0.15686275,0.7254902,0.11764706,-0.146706,0.5038208484163844,0.8830713,0.5057412242416358,0.941125,0.8153696701332578,0.5591634,0.608310580930426,0.0055772475970926,0.3107828321261711,-0.4333046187870509
0.60784316,0.37254903,0.019607844,0.15686275,0.74509805,0.09803922,-0.12819666,0.5042640737067349,0.89365023,0.5062932918212014,0.90888196,0.8148757978470609,0.55811185,0.6084777211249991,0.0057443877916657,0.3092483680563218,-0.4098239969268569
0.60784316,0.37254903,0.019607844,0.1764706,0.6862745,0.13725491,-0.084570915,0.5053087370410113,0.87006587,0.5050625280953512,0.92760473,0.8151625780681746,0.57103324,0.6085112810681791,0.0057779477348457,0.3246815161469454,-0.3544811605468316
0.60784316,0.37254903,0.019607844,0.1764706,0.7058824,0.11764706,-0.07393872,0.5055633358920529,0.87968075,0.5055642864035311,0.9158915,0.8149831646821892,0.5738779,0.6087035956592578,0.0059702623259244,0.3285731074015293,-0.3409933486428194
0.60784316,0.37254903,0.019607844,0.1764706,0.7254902,0.09803922,-0.059119746,0.505918191485147,0.8919797,0.506206113760788,0.8822376,0.814467681352257,0.5716992,0.6088639955327307,0.0061306621993973,0.3256775570018552,-0.3221942634420864
0.60784316,0.37254903,0.019607844,0.1764706,0.8039216,0.019607844,0.065376304,0.5088993776457592,1.0631675,0.5151396456094609,-0.06607957,0.7999421290823905,0.3541547,0.6079937174458702,0.0052603841125368,0.0351822637205177,-0.3746903913586575
0.60784316,0.37254903,0.019607844,0.19607843,0.64705884,0.15686275,0.00092476327,0.5073560191115137,0.84797317,0.503909607811179,0.91487396,0.8149675783639665,0.58792394,0.6087444017622198,0.0060110684288863,0.3444104010482395,-0.2460228726621028
0.60784316,0.37254903,0.019607844,0.19607843,0.6666667,0.13725491,-0.001106265,0.5073073840474793,0.8611739,0.5045984970749565,0.9086376,0.814872054647394,0.58956844,0.6089259785899434,0.0061926452566099,0.3471453195033885,-0.2485993988049032
0.60784316,0.37254903,0.019607844,0.19607843,0.6862745,0.11764706,0.0021727951,0.5073859045198273,0.8740683,0.5052713983546285,0.88836145,0.8145614813710317,0.58820087,0.6090729280818291,0.0063395947484958,0.3456691477931053,-0.2444396417702135
0.60784316,0.37254903,0.019607844,0.19607843,0.7058824,0.09803922,0.00972071,0.5075666471189137,0.888303,0.506014242399008,0.8536447,0.8140297187744505,0.5838895,0.6092035360974574,0.006470202764124,0.3401592872464004,-0.2348644918056869
0.60784316,0.37254903,0.019607844,0.19607843,0.7647059,0.039215688,0.08839247,0.5094505233581899,1.0034701,0.5120243029229273,0.28477162,0.8053161826419611,0.45887804,0.6089303363076928,0.0061970029743594,0.1736294466041577,-0.1350629087983851
0.60784316,0.37254903,0.019607844,0.19607843,0.78431374,0.019607844,0.12210935,0.5102579089536469,1.0638975,0.5151777430470726,-0.09974076,0.7994265343694438,0.36208868,0.6082873954567211,0.0055540621233877,0.0444021237673283,-0.420062453714394
0.60784316,0.37254903,0.019607844,0.19607843,0.8039216,0.0,0.14749368,0.510865762686871,1.1192652,0.5180671388142629,-0.46064198,0.7938985426365476,0.26870564,0.6076104813792272,0.0048771480458938,-0.0801916210580923,-0.906522805826046
0.60784316,0.37254903,0.019607844,0.21568628,0.6666667,0.11764706,0.088961534,0.5094641502751227,0.8587944,0.5044743195844,0.8724637,0.8143179725380674,0.6067399,0.6094188141325301,0.0066854807991966,0.3678255886749944,-0.1343409994430602
0.60784316,0.37254903,0.019607844,0.21568628,0.74509805,0.039215688,0.1480938,0.5108801334027104,0.99970245,0.5118276880444624,0.2592697,0.8049255651491123,0.469022,0.6092111288654284,0.006477795532095,0.185591344207256,-0.0593268585464226
0.60784316,0.37254903,0.019607844,0.21568628,0.7647059,0.019607844,0.18046917,0.511655394878249,1.0612689,0.5150405698760506,-0.13226824,0.7989283049075371,0.3698233,0.6085414232206122,0.0058080898872788,0.0531920133103547,-0.4639063831524994
0.60784316,0.37254903,0.019607844,0.21568628,0.78431374,0.0,0.20068496,0.5121394828998033,1.1167791,0.5179373997447997,-0.49246544,0.7934110967850959,0.27499956,0.6078293264765663,0.0050959931432329,-0.0732019617568625,-0.9494177832409828
0.60784316,0.37254903,0.019607844,0.23529412,0.7254902,0.039215688,0.20781781,0.5123102861760087,0.9934113,0.5114993807008109,0.2453177,0.8047118594893006,0.48218226,0.6095071754553734,0.00677384212204,0.2015295517228388,0.0164379436957333
0.60784316,0.37254903,0.019607844,0.23529412,0.74509805,0.019607844,0.23360743,0.5129278451557968,1.057728,0.5148557873500249,-0.15434195,0.7985901976586982,0.37899783,0.6087912767215067,0.0060579433881733,0.0640287862327945,-0.4936596424316132
0.60784316,0.37254903,0.019607844,0.23529412,0.7647059,0.0,0.24231254,0.5131362979662022,1.1137333,0.5177784530545678,-0.5137029,0.7930857981264343,0.28078097,0.6080001830490681,0.0052668497157347,-0.0666170242829409,-0.978043893351148
0.60784316,0.37254903,0.019607844,0.25490198,0.7254902,0.019607844,0.28362697,0.5141256147403369,1.0512491,0.514517681922729,-0.16606808,0.7984105863852671,0.38960266,0.6090179610161109,0.0062846276827776,0.0767724895631147,-0.5094653396066986
0.60784316,0.37254903,0.019607844,0.25490198,0.74509805,0.0,0.28178373,0.5140814763679896,1.1092768,0.5175458869853847,-0.52803487,0.7928662731606039,0.2876752,0.6081645455046595,0.005431212171326,-0.0585247531257757,-0.9973619743713644
0.60784316,0.37254903,0.019607844,0.27450982,0.64705884,0.078431375,0.3134305,0.5148392905941442,0.8740925,0.5052726612187427,0.7088949,0.8118125586164374,0.63213927,0.6106415034764415,0.0079081701431081,0.39666493673179,0.150416301243983
0.60784316,0.37254903,0.019607844,0.29411766,0.64705884,0.05882353,0.36120594,0.515983322893222,0.9014315,0.5066993617334595,0.5691725,0.8096724042923521,0.6106033,0.6107850296396778,0.0080516963063445,0.3673355588076422,0.21102337939436
0.60784316,0.37254903,0.019607844,0.29411766,0.7058824,0.0,0.33520985,0.5153608197648847,1.0950171,0.5168017365298526,-0.5275812,0.7928732218173513,0.3008819,0.6083452593706963,0.0056119260373628,-0.0426379492931299,-0.996750496248496
0.60784316,0.37254903,0.019607844,0.3137255,0.5882353,0.09803922,0.40693304,0.5170783054991794,0.81060666,0.5019596149777837,0.80333114,0.813259056045373,0.67362356,0.6107656588407787,0.0080323255074453,0.4478749066997056,0.2690319657131741
0.60784316,0.37254903,0.019607844,0.3137255,0.60784316,0.078431375,0.3941741,0.5167727795273622,0.849212,0.5039742565002158,0.71743727,0.8119434035302571,0.6536078,0.610896813185945,0.0081634798526116,0.4225917068390504,0.2528462020194196
0.60784316,0.37254903,0.019607844,0.3137255,0.627451,0.05882353,0.3863365,0.5165851002764429,0.893972,0.506310082315015,0.57192415,0.8097145518076257,0.6174109,0.6108699114663612,0.0081365781330278,0.3755844684049118,0.242903570996815
0.60784316,0.37254903,0.019607844,0.3137255,0.64705884,0.039215688,0.38535237,0.5165615342150409,0.95210093,0.509343575232336,0.281123,0.8052602962144467,0.53952545,0.6103884685539412,0.0076551352206078,0.2726744355329577,0.0933055067273339
0.60784316,0.37254903,0.019607844,0.33333334,0.5882353,0.078431375,0.42252702,0.5174517193121041,0.8326547,0.5031102054954005,0.7262829,0.8120788936635657,0.6604882,0.6108802728236901,0.0081469394903567,0.4305333883590824,0.2888142045193677
0.60784316,0.37254903,0.019607844,0.33333334,0.60784316,0.05882353,0.41284835,0.517219953785091,0.8807606,0.505620639381749,0.5792389,0.8098265930774602,0.6242826,0.6108890620814335,0.0081557287481,0.3836808982612505,0.2765360272165335
0.60784316,0.37254903,0.019607844,0.33333334,0.627451,0.039215688,0.40669587,0.517072626293903,0.94299304,0.5088682748604988,0.29747617,0.8055107806369367,0.54905504,0.6104838939304461,0.0077505605971128,0.2846344869667604,0.1153480035780159
0.60784316,0.37254903,0.019607844,0.33333334,0.64705884,0.019607844,0.39256093,0.516734150512232,1.0179753,0.5127812686497658,-0.13070424,0.7989522609289174,0.42661068,0.6094892266969718,0.0067558933636383,0.1226042280416077,-0.4617982659267634
0.60784316,0.37254903,0.019607844,0.3529412,0.5686275,0.078431375,0.44683376,0.5180337693427922,0.8162624,0.5022547643621814,0.73557377,0.8122212037240724,0.66622335,0.6108365791430154,0.0081032458096819,0.4370440883772904,0.285621269234693
0.60784316,0.37254903,0.019607844,0.3529412,0.5882353,0.05882353,0.43660736,0.517788887691907,0.865449,0.5048215947737861,0.58924204,0.8099798131955325,0.6304328,0.6108634318870751,0.0081300985537418,0.3908036038639746,0.3066762791837139
0.60784316,0.37254903,0.019607844,0.3529412,0.60784316,0.039215688,0.4264121,0.5175447518024585,0.92801684,0.5080867330514779,0.3216858,0.805881603907352,0.5587049,0.6105043629204294,0.0077710295870961,0.2965931487562468,0.1479802554723029
0.60784316,0.37254903,0.019607844,0.3529412,0.627451,0.019607844,0.40698573,0.5170795672276198,1.0068148,0.5121988518949244,-0.108813584,0.7992875642016644,0.43499565,0.6095219944414029,0.0067886611080695,0.1331321504950324,-0.4322917550624213
0.60784316,0.37254903,0.019607844,0.3529412,0.64705884,0.0,0.38073105,0.5164508717815918,1.0740882,0.5157095519222649,-0.4947616,0.793375926228811,0.32001922,0.6085121166442226,0.0057787833108892,-0.0187829548431873,-0.9525127736137962
0.60784316,0.37254903,0.019607844,0.37254903,0.5294118,0.09803922,0.48168692,0.518868364169158,0.7594857,0.4992918394206195,0.81085783,0.8133743438561867,0.6840102,0.6105115158153215,0.007778182481988,0.458099029358074,0.2030962737723881
0.60784316,0.37254903,0.019607844,0.37254903,0.54901963,0.078431375,0.4648517,0.5184652276595061,0.79668266,0.5012329828737073,0.7489656,0.8124263292398671,0.6701667,0.6107081799243602,0.0079748465910268,0.4411937450413192,0.2571620560035463
0.60784316,0.37254903,0.019607844,0.37254903,0.5686275,0.05882353,0.45312935,0.5181845237683528,0.84841436,0.503932631752492,0.6062071,0.8102396697683104,0.63591695,0.6107856084297184,0.008052275096385,0.3971592243434987,0.3276357806100169
0.60784316,0.37254903,0.019607844,0.37254903,0.5882353,0.039215688,0.44040918,0.5178799262516831,0.91037387,0.5071660242391759,0.35608757,0.8064085423412405,0.5689569,0.6104848309440332,0.0077514976106998,0.3094207035681337,0.1943505592781429
0.60784316,0.37254903,0.019607844,0.37254903,0.60784316,0.019607844,0.41761184,0.5173340203161989,0.99124324,0.5113862392739911,-0.07388194,0.7998226187597574,0.44499102,0.6095142927833158,0.0067809594499824,0.1457759105152234,-0.3852072366142547
0.60784316,0.37254903,0.019607844,0.37254903,0.627451,0.0,0.38833562,0.5166329710242105,1.0641989,0.5151934697489476,-0.470787,0.7937431496367174,0.32724914,0.6085231968032918,0.0057898634699585,-0.0095868597550593,-0.9201973077185176
0.60784316,0.37254903,0.019607844,0.39215687,0.54901963,0.05882353,0.46669525,0.5185093731683265,0.83019745,0.5029819719092655,0.6264969,0.8105504530290443,0.64112985,0.6106805993688788,0.0079472660355454,0.4031858655985489,0.3058758489850781
0.60784316,0.37254903,0.019607844,0.39215687,0.5686275,0.039215688,0.45147777,0.5181449748618427,0.8907356,0.5061411913475097,0.3944977,0.8069968774664458,0.5789037,0.6104276812252661,0.0076943478919327,0.321844164733688,0.2461237394845957
0.60784316,0.37254903,0.019607844,0.39215687,0.5882353,0.019607844,0.4284315,0.5175931085440428,0.97368735,0.5104700749061984,-0.037095603,0.8003860819779444,0.4550078,0.6094830884760619,0.0067497551427285,0.1583734445458751,-0.3356227710858284
0.60784316,0.37254903,0.019607844,0.4509804,0.50980395,0.039215688,0.50467736,0.5194188938255503,0.8201759,0.5024589906408615,0.5409875,0.8092406892060873,0.6219469,0.6103728578908331,0.0076395245574996,0.3759720448461026,0.291309490520675
0.60784316,0.37254903,0.019607844,0.4509804,0.54901963,0.0,0.43953496,0.5178589921215527,0.99836123,0.511757695511711,-0.322876,0.7960087299083729,0.37167343,0.6085418058472122,0.0058084725138788,0.0466216041631349,-0.7208274406964271
0.60784316,0.37254903,0.019607844,0.47058824,0.49019608,0.039215688,0.5299598,0.5200243079554523,0.7899145,0.5008797821765935,0.6023923,0.8101812384215102,0.64075553,0.6103617761845186,0.0076284428511853,0.3995906169563215,0.2473245182658405
0.60784316,0.37254903,0.019607844,0.47058824,0.50980395,0.019607844,0.49844462,0.5192696444821622,0.8857764,0.5058823912981815,0.1667718,0.8035087572278762,0.51699764,0.6095535976694065,0.0068202643360732,0.2369842744319899,-0.0608289987701966
0.60784316,0.37254903,0.019607844,0.47058824,0.5294118,0.0,0.46511388,0.5184715056148739,0.9731899,0.5104441146502948,-0.26320943,0.7969226540184579,0.3916981,0.6086127580945422,0.0058794247612088,0.0720506796437348,-0.6404026018259957
0.60784316,0.37254903,0.019607844,0.49019608,0.47058824,0.039215688,0.5560934,0.5206501038524683,0.75633585,0.4991274617925962,0.6551095,0.8109887178017506,0.65584624,0.610255427815605,0.0075220944822717,0.4180585479692424,0.198517938757401
0.60784316,0.37254903,0.019607844,0.49019608,0.49019608,0.019607844,0.52227014,0.5198401712497694,0.8555222,0.5043035592047455,0.23061158,0.804486603091346,0.53613466,0.609543444515287,0.0068101111819536,0.2610842966105255,0.0252209206288754
0.60784316,0.37254903,0.019607844,0.49019608,0.50980395,0.0,0.49174178,0.519109138066139,0.94368887,0.5089045868695353,-0.19913311,0.7979041230253126,0.41209915,0.6086392826536623,0.0059059493203289,0.0978069014070209,-0.5540338477231259
0.60784316,0.37254903,0.019607844,0.50980395,0.43137255,0.05882353,0.61584014,0.5220808011386624,0.6371086,0.4929055200427432,0.8479605,0.8139426519501987,0.7003031,0.6096429910438681,0.0069096577105347,0.4722056782331261,0.0252210362706711
0.60784316,0.37254903,0.019607844,0.50980395,0.4509804,0.039215688,0.5829044,0.5212921209527933,0.71711624,0.4970807634288818,0.7063566,0.8117736786405803,0.6687924,0.6100488543407517,0.0073155210074184,0.4334193292952462,0.1415121837991931
0.60784316,0.37254903,0.019607844,0.50980395,0.47058824,0.019607844,0.5476667,0.5204483186488608,0.82195365,0.5025517644957119,0.29844,0.8055255439077205,0.5560201,0.6095085423507643,0.006775209017431,0.2860349496109355,0.1166471636076971
0.60784316,0.37254903,0.019607844,0.50980395,0.49019608,0.0,0.5156092,0.5196806682218612,0.9145055,0.5073816349579,-0.13110293,0.7989461540356072,0.43300393,0.6086694857384561,0.0059361524051227,0.124326197055716,-0.4623356693118458
0.60784316,0.37254903,0.019607844,0.5294118,0.4509804,0.019607844,0.5736846,0.5210713427397329,0.78433573,0.5005886515617414,0.36616468,0.8065628954619437,0.5747283,0.6094076299211393,0.0066742965878059,0.3092397739681335,0.2079335523568033
0.60784316,0.37254903,0.019607844,0.5294118,0.47058824,0.0,0.5406385,0.5202800206315298,0.881436,0.5056558844883442,-0.05800086,0.8000658722448787,0.45469126,0.6086672591215843,0.0059339257882508,0.1517327955640061,-0.3638010584319816
0.60784316,0.37254903,0.019607844,0.54901963,0.4117647,0.039215688,0.63137215,0.5224527312788338,0.64021605,0.4930676829928126,0.794347,0.813121444156936,0.68864506,0.6095472861428609,0.0068139528095274,0.4561904906734647,0.0297376868718772
0.60784316,0.37254903,0.019607844,0.54901963,0.4509804,0.0,0.56565785,0.5208791346829975,0.8471548,0.5038669006085003,0.013571728,0.8011621629885398,0.47546148,0.6086360660933458,0.0059027327600125,0.1778609129603719,-0.2673280521493303
0.60784316,0.37254903,0.019607844,0.5686275,0.4117647,0.019607844,0.6245108,0.5222884296864272,0.7034408,0.4963671021212489,0.5088126,0.8087478604509194,0.6122548,0.6091344640861985,0.0064011307528651,0.3556304904815086,0.1216349012707409
0.60784316,0.37254903,0.019607844,0.5882353,0.39215687,0.019607844,0.654352,0.5230030075904317,0.65909344,0.4940528103169483,0.59723157,0.8101021902613251,0.6368923,0.6090526693895684,0.006319336056235,0.3864896198523759,0.0571759884007832
0.60784316,0.37254903,0.019607844,0.5882353,0.4117647,0.0,0.62143594,0.5222147984117858,0.7707776,0.4998811117235093,0.16244996,0.8034425587417672,0.5182212,0.6085128229590208,0.0057794896256873,0.2313336950925455,-0.0666544305757852
0.60784316,0.37254903,0.019607844,0.60784316,0.37254903,0.019607844,0.6882709,0.523815231000989,0.60810393,0.4913918934183351,0.6887369,0.8115037948575727,0.6617039,0.6089036397589657,0.0061703064256323,0.4172416506599358,-0.0169373149446147
0.60784316,0.37254903,0.019607844,0.60784316,0.39215687,0.0,0.65351593,0.5229829869288555,0.72731966,0.4976132348411585,0.25512367,0.8048620594843245,0.54531974,0.6084860937514461,0.0057527604181128,0.2654821230084545,0.0582608848610973
0.60784316,0.37254903,0.019607844,0.627451,0.37254903,0.0,0.6860762,0.5237626765859396,0.67900574,0.4950919453002326,0.34815732,0.8062870732296109,0.5710798,0.6083805650385944,0.005647231705261,0.2976426332343446,0.0861185405989021
0.60784316,0.37254903,0.019607844,0.64705884,0.3529412,0.0,0.7196991,0.52456781062414,0.63084424,0.4925786093148238,0.44042346,0.8077003310455043,0.5969889,0.6082822503281561,0.0055489169948227,0.32998146713157,0.0161157410403769
0.60784316,0.37254903,0.019607844,0.6666667,0.33333334,0.0,0.74938476,0.5252786647164919,0.5853801,0.4902060360206039,0.5344005,0.809139795367456,0.62305516,0.6082081653681839,0.0054748320348505,0.3627310061654261,-0.0499664595557249
0.60784316,0.37254903,0.019607844,0.92156863,0.078431375,0.0,1.0529599,0.5325480845799281,0.10975563,0.4653852999665179,1.4760748,0.8235635971994015,0.87959677,0.6071656605819492,0.0044323272486158,0.683756449597842,-0.7412870871902435
0.60784316,0.37254903,0.019607844,0.9411765,0.05882353,0.0,1.0695355,0.5329450037942335,0.073038064,0.4634691727317508,1.5131162,0.8241309676675457,0.8852299,0.6068483813978434,0.0041150480645099,0.6896187037298379,-0.7946561041154571
0.60784316,0.39215687,0.0,0.039215688,0.8627451,0.09803922,-0.57583594,0.4935448898933106,0.8967859,0.5064569291495716,1.0391209,0.816870692286707,0.45335698,0.6056241704431965,0.002890837109863,0.1799950943803987,-0.9776911905473152
0.60784316,0.39215687,0.0,0.05882353,0.8039216,0.13725491,-0.5816616,0.4934053889721486,0.89404625,0.5063139580014343,1.0535457,0.8170916396684108,0.4553101,0.6056036622139979,0.0028703288806645,0.1826853749126607,-0.985081491710779
0.60784316,0.39215687,0.0,0.05882353,0.8235294,0.11764706,-0.555725,0.4940264676604594,0.8954539,0.5063874156342428,1.0489953,0.8170219394646622,0.46290803,0.6058119409197881,0.0030786075864547,0.192290412320514,-0.9521787802835524
0.60784316,0.39215687,0.0,0.05882353,0.84313726,0.09803922,-0.52890635,0.4946686674544951,0.89995736,0.5066224327795884,1.0282962,0.8167048886269251,0.4664491,0.6059986629536697,0.0032653296203362,0.196512798096882,-0.9181571419638488
0.60784316,0.39215687,0.0,0.078431375,0.7647059,0.15686275,-0.554693,0.4940511798394378,0.89400476,0.5063117930915243,1.0449059,0.8169593020396021,0.4614059,0.6057740916568548,0.0030407583235214,0.1901873555560899,-0.9508696101108028
0.60784316,0.39215687,0.0,0.078431375,0.78431374,0.13725491,-0.52780753,0.494694979630738,0.8961318,0.5064227944924561,1.0400506,0.8168849328790007,0.4694583,0.6060009023340649,0.0032675690007315,0.2004052306947553,-0.9167632091849046
0.60784316,0.39215687,0.0,0.078431375,0.8039216,0.11764706,-0.50207514,0.4953111684076949,0.89765024,0.5065020345498662,1.0355685,0.8168162789452077,0.47704783,0.606209827300923,0.0034764939675895,0.2100082930937704,-0.8841195492196072
0.60784316,0.39215687,0.0,0.078431375,0.8235294,0.09803922,-0.4747618,0.4959652140333948,0.9021699,0.5067378946414555,1.0116732,0.8164502707077298,0.47969377,0.6063844597941933,0.00365112646086,0.2130116142648233,-0.8494703575991795
0.60784316,0.39215687,0.0,0.09803922,0.74509805,0.15686275,-0.49676389,0.4954383517763223,0.8955036,0.5063900097935315,1.0286705,0.8167106221132442,0.4758034,0.6061796612276993,0.0034463278943659,0.2081149057130722,-0.8773817915810846
0.60784316,0.39215687,0.0,0.09803922,0.7647059,0.13725491,-0.47114533,0.4960518144205629,0.8979997,0.5065202714274558,1.02448,0.8166464344557367,0.48377812,0.6064061734345851,0.0036728401012518,0.2182745311316351,-0.8448825531838796
0.60784316,0.39215687,0.0,0.09803922,0.78431374,0.11764706,-0.44652516,0.4966413698799884,0.9001543,0.5066327098806555,1.0207561,0.8165893953966175,0.49146175,0.6066211583857538,0.0038878250524204,0.2280561991317161,-0.8136498390094746
0.60784316,0.39215687,0.0,0.09803922,0.8039216,0.09803922,-0.42004123,0.497275554701109,0.90770066,0.5070265213015984,0.9844615,0.8160334635988701,0.49070695,0.6067785132005259,0.0040451798671925,0.2266041913065331,-0.7800528076613013
0.60784316,0.39215687,0.0,0.11764706,0.6862745,0.19607843,-0.4888599,0.4956276210334436,0.88245547,0.5057090865272821,1.0268645,0.8166829589547303,0.4734867,0.606006555505152,0.0032732221718186,0.2043239311095232,-0.8673549272459904
0.60784316,0.39215687,0.0,0.11764706,0.7254902,0.15686275,-0.4353707,0.4969084745080422,0.8936092,0.5062911517953134,1.0136012,0.816479801814175,0.49061322,0.6065598093725102,0.0038264760391768,0.2263871618644717,-0.7994995120651829
0.60784316,0.39215687,0.0,0.11764706,0.74509805,0.13725491,-0.4093037,0.4975326761169724,0.8974399,0.5064910575856817,1.0082725,0.8163981818019261,0.4988029,0.6068073051681934,0.00407397183486,0.236871668616389,-0.7664313585484348
0.60784316,0.39215687,0.0,0.11764706,0.7647059,0.11764706,-0.38496825,0.4981154133900181,0.90066063,0.506659133601468,1.0036943,0.8163280561515812,0.5064622,0.6070342010476891,0.0043008677143557,0.2466656130711619,-0.7355598495210337
0.60784316,0.39215687,0.0,0.11764706,0.78431374,0.09803922,-0.36409637,0.4986152120002325,0.91483575,0.507398870253606,0.95440465,0.8155730774291079,0.5017147,0.6071957198943154,0.0044623865609821,0.2402134494770004,-0.7090821587660313
0.60784316,0.39215687,0.0,0.11764706,0.84313726,0.039215688,-0.25585017,0.5012072789332029,1.0244389,0.5131185715673537,0.3635592,0.8065229865626659,0.3773826,0.6069496123544075,0.0042162790210741,0.0736215216384956,-0.57176295606154
0.60784316,0.39215687,0.0,0.13725491,0.6862745,0.1764706,-0.38903147,0.4980181154297042,0.8831937,0.5057476101037698,1.0037925,0.8163295607352522,0.49931824,0.6066984287562421,0.0039650954229087,0.2365288224249377,-0.74071437626767
0.60784316,0.39215687,0.0,0.13725491,0.7058824,0.15686275,-0.36893642,0.4984993121091906,0.8903035,0.5061186402026138,0.9964388,0.8162169223794222,0.50593525,0.6069449582304088,0.0042116248970755,0.2451669016266313,-0.7152221547780856
0.60784316,0.39215687,0.0,0.13725491,0.7254902,0.13725491,-0.3461167,0.499045753993803,0.89513296,0.5063706686874677,0.9925577,0.8161574748908588,0.513858,0.6071912991907098,0.0044579658573764,0.2554125633386301,-0.6862734563610541
0.60784316,0.39215687,0.0,0.13725491,0.74509805,0.11764706,-0.32643005,0.4995171708505816,0.90397185,0.50683193136042,0.97755945,0.815927743771595,0.5183671,0.6074256153275323,0.0046922819941989,0.261280976686134,-0.6612993377953279
0.60784316,0.39215687,0.0,0.13725491,0.7647059,0.09803922,-0.3058623,0.5000096866900188,0.9211206,0.5077268478839666,0.92488104,0.8151208587384238,0.51337975,0.6076191311041365,0.004885797770803,0.2546183493838943,-0.6352074643446172
0.60784316,0.39215687,0.0,0.13725491,0.8235294,0.039215688,-0.19960085,0.502554226853224,1.0347139,0.5136547786934264,0.32334036,0.8059069471950479,0.38615116,0.6073719842472327,0.0046386509138994,0.0843150134415374,-0.5004060739883559
0.60784316,0.39215687,0.0,0.13725491,0.84313726,0.019607844,-0.15703733,0.503573454013328,1.0890727,0.5164915260911672,-0.037315365,0.8003827158371708,0.29824,0.606815898647222,0.0040825653138886,-0.0333928198350986,-0.4464107626713572
0.60784316,0.39215687,0.0,0.13725491,0.8627451,0.0,-0.11722952,0.5045266930614584,1.1398883,0.5191433665427726,-0.3820349,0.795102582067352,0.21354131,0.606257547223861,0.0035242138905276,-0.1468224876579118,-0.8005679719973516
0.60784316,0.39215687,0.0,0.15686275,0.6666667,0.1764706,-0.30838627,0.4999492478995114,0.87425834,0.5052813146373772,0.9902604,0.8161222869880389,0.51871085,0.6071176165083092,0.0043842831749758,0.2602213451300688,-0.6384093131932418
0.60784316,0.39215687,0.0,0.15686275,0.6862745,0.15686275,-0.29497138,0.500270481248576,0.8836861,0.5057733090774429,0.9816782,0.8159908312935907,0.52346426,0.6073448738732031,0.0046115405398698,0.2666057297403128,-0.6213914241817553
0.60784316,0.39215687,0.0,0.15686275,0.7058824,0.13725491,-0.27894896,0.5006541544551991,0.89161247,0.5061869499533805,0.9750177,0.8158888117561328,0.5292271,0.6075766387215707,0.0048433053882374,0.2742287406962145,-0.601065676353867
0.60784316,0.39215687,0.0,0.15686275,0.7254902,0.11764706,-0.2644422,0.5010015337006837,0.9071023,0.5069952949645488,0.94653946,0.8154526048302677,0.5297332,0.6078164778318333,0.0050831444985,0.2750725734585437,-0.5826626635229589
0.60784316,0.39215687,0.0,0.15686275,0.74509805,0.09803922,-0.24464427,0.5014756156733338,0.92491144,0.5079246758585018,0.89649916,0.8146861280939882,0.52558875,0.6080288065419412,0.0052954732086079,0.2695897006102288,-0.557547355861409
0.60784316,0.39215687,0.0,0.15686275,0.8039216,0.039215688,-0.14131229,0.5039500064471129,1.0443951,0.5141599989911606,0.28158265,0.8052673366252348,0.3948885,0.6077924473545028,0.0050591140211693,0.0948917140997746,-0.4264622500283914
0.60784316,0.39215687,0.0,0.15686275,0.8235294,0.019607844,-0.10085987,0.5049186811512779,1.0988101,0.5169996764824866,-0.084696114,0.7996569760119125,0.30441803,0.6071917778818924,0.004458444548559,-0.0262080597418813,-0.3997837109171768
0.60784316,0.39215687,0.0,0.15686275,0.84313726,0.0,-0.0616388,0.5058578701788278,1.1486996,0.5196031921634571,-0.4307282,0.7943567376650413,0.21877754,0.6066059333357754,0.003872600002442,-0.1409242222075258,-0.8662018853784852
0.60784316,0.39215687,0.0,0.1764706,0.6666667,0.15686275,-0.21310504,0.5022308550600013,0.8754212,0.5053420005459178,0.968707,0.8157921495590762,0.5436744,0.6077883350549985,0.0050550017216651,0.291391478462361,-0.5175372507560714
0.60784316,0.39215687,0.0,0.1764706,0.6862745,0.13725491,-0.20702435,0.5023764633748244,0.8898642,0.5060957157973885,0.9539616,0.8155662912820044,0.5456005,0.6080128234847391,0.0052794901514057,0.2943352546347189,-0.5098233999120488
0.60784316,0.39215687,0.0,0.1764706,0.7058824,0.11764706,-0.19845937,0.5025815606155881,0.9089928,0.5070939538905913,0.91509694,0.8149709938054187,0.5418768,0.6082155027705327,0.0054821694371993,0.2897629164104726,-0.4989580209280717
0.60784316,0.39215687,0.0,0.1764706,0.78431374,0.039215688,-0.08389268,0.505324978048033,1.0493267,0.5144173557672155,0.24662238,0.8047318436106441,0.4040188,0.6081580591419642,0.0054247258086308,0.1058538551446573,-0.3536207652742525
0.60784316,0.39215687,0.0,0.1764706,0.8039216,0.019607844,-0.04408781,0.5062781467126976,1.1031727,0.5172273403993447,-0.12379393,0.7990581074315469,0.31176364,0.6075211981811964,0.004787864847863,-0.0176544177172417,-0.452483829613019
0.60784316,0.39215687,0.0,0.1764706,0.8235294,0.0,-0.0077410666,0.5071485068882602,1.1523544,0.5197939157497243,-0.47016224,0.7937527189897196,0.224817,0.6068983805425681,0.0041650472092346,-0.1340800517086915,-0.9193552097097256
0.60784316,0.39215687,0.0,0.19607843,0.64705884,0.15686275,-0.13044952,0.504210126608964,0.8667695,0.5048905048515825,0.9543366,0.8155720348110543,0.5635522,0.6082242220905337,0.0054908887572002,0.3156948213331108,-0.4126819371906233
0.60784316,0.39215687,0.0,0.19607843,0.6666667,0.13725491,-0.13011523,0.5042181315908169,0.8860706,0.5058977447397272,0.93373096,0.8152564146059704,0.5632288,0.6084574303121715,0.0057240969788381,0.3159294410153241,-0.412257859512801
0.60784316,0.39215687,0.0,0.19607843,0.6862745,0.11764706,-0.122103855,0.5044099721191887,0.90782493,0.5070330066998202,0.8880545,0.8145567795470599,0.55792516,0.608666586122023,0.0059332527886895,0.3093346074374671,-0.4020947776620397
0.60784316,0.39215687,0.0,0.19607843,0.7058824,0.09803922,-0.11241442,0.5046419956297036,0.9274392,0.5080565891693832,0.8396844,0.8138158862110404,0.55156976,0.6088381570033757,0.0061048236700423,0.3012022732355908,-0.3898029332396088
0.60784316,0.39215687,0.0,0.19607843,0.74509805,0.05882353,-0.0714242,0.5056235486347754,0.98667496,0.5111478410121625,0.59505624,0.8100688703064366,0.5034357,0.6089467533177916,0.0062134199844581,0.2373233612778059,-0.3378034750642738
0.60784316,0.39215687,0.0,0.19607843,0.7647059,0.039215688,-0.028325077,0.5066556015535032,1.0485998,0.5143794262967519,0.22056676,0.8043327448033792,0.41361383,0.6084559242178781,0.0057225908845447,0.1172922390521748,-0.2831286971309228
0.60784316,0.39215687,0.0,0.19607843,0.78431374,0.019607844,0.011109707,0.5075999080789937,1.1036067,0.5172499910803284,-0.15577608,0.7985682307827506,0.31964678,0.6078060433140243,0.0050727099806909,-0.0084728930971981,-0.4955927159101173
0.60784316,0.39215687,0.0,0.19607843,0.8039216,0.0,0.046542104,0.5084483733321348,1.1543229,0.5198966432133564,-0.5087822,0.7931611697341661,0.23069423,0.6071687287598857,0.0044353954265523,-0.1275240986827106,-0.9714112316888274
0.60784316,0.39215687,0.0,0.21568628,0.627451,0.15686275,-0.038232513,0.5064183578021368,0.85616237,0.5043369660042188,0.94035095,0.8153578142330445,0.5860936,0.6087043793464667,0.0059710460131334,0.3432668486497914,-0.2956970927884058
0.60784316,0.39215687,0.0,0.21568628,0.64705884,0.13725491,-0.04420976,0.5062752264679136,0.8773698,0.5054436891016333,0.91559285,0.8149785897618159,0.58291763,0.6088991684437876,0.0061658351104542,0.3398904724542955,-0.303279721326106
0.60784316,0.39215687,0.0,0.21568628,0.6666667,0.11764706,-0.04239214,0.5063187512819879,0.89975077,0.5066116517770768,0.8680482,0.8142503393109153,0.57513565,0.60906024745666,0.0063269141233266,0.3301407651192696,-0.3009739194617621
0.60784316,0.39215687,0.0,0.21568628,0.6862745,0.09803922,-0.038484562,0.506412322219236,0.92105967,0.507723668950162,0.8156532,0.813447795476382,0.5660761,0.6091945955485935,0.00646126221526,0.3185761499124014,-0.2960168381704607
0.60784316,0.39215687,0.0,0.21568628,0.74509805,0.039215688,0.029261436,0.5080345699361714,1.0463992,0.5142645865354337,0.19316906,0.8039130889826266,0.42294326,0.6087374151514106,0.0060040818180772,0.1282672894453689,-0.2100754759914156
0.60784316,0.39215687,0.0,0.21568628,0.7647059,0.019607844,0.06707497,0.5089400539366039,1.1032684,0.517232335866752,-0.18843661,0.7980679633312203,0.32730225,0.6080801177115255,0.005346784378192,0.0003542792597449,-0.5396159873584511
0.60784316,0.39215687,0.0,0.21568628,0.78431374,0.0,0.09914248,0.5097079434354516,1.1540253,0.519881115583657,-0.5444892,0.7926142389621542,0.23622619,0.6074010993270876,0.0046677659937542,-0.121468835678461,-1.0195408506877666
0.60784316,0.39215687,0.0,0.23529412,0.5882353,0.1764706,0.07031818,0.5090177158912405,0.81826204,0.502359115508246,0.9348952,0.8152742477569689,0.6078251,0.6088836930521517,0.0061503597188184,0.3683546792346899,-0.1579916285509782
0.60784316,0.39215687,0.0,0.23529412,0.60784316,0.15686275,0.061266307,0.5088009595267896,0.83777493,0.503377407012641,0.9308645,0.8152125086998289,0.6099686,0.6091302917464199,0.0063969584130864,0.3721700001604949,-0.1694746696595673
0.60784316,0.39215687,0.0,0.23529412,0.627451,0.13725491,0.048334163,0.5084912860152306,0.8622358,0.5046539106813456,0.90578264,0.8148283249455294,0.60545087,0.6093245072140352,0.0065911738807018,0.3672834733753449,-0.1858801564026302
0.60784316,0.39215687,0.0,0.23529412,0.64705884,0.11764706,0.04232562,0.5083474052621281,0.8870049,0.5059465018702435,0.85822016,0.8140998015149457,0.5958502,0.6094645695491058,0.0067312362157723,0.3553734549914971,-0.1935024866940492
0.60784316,0.39215687,0.0,0.23529412,0.6666667,0.09803922,0.037102137,0.5082223235848226,0.913606,0.5073346943609863,0.7972445,0.813165825723328,0.5826509,0.6095742812230456,0.0068409478897122,0.3386564211205045,-0.2001289036210422
0.60784316,0.39215687,0.0,0.23529412,0.7058824,0.05882353,0.04971392,0.5085243257446451,0.9829237,0.5109520784114495,0.5323467,0.8091083369696701,0.52166146,0.6095282470419215,0.0067949137085882,0.2585549421491644,-0.1841298199267237
0.60784316,0.39215687,0.0,0.23529412,0.7254902,0.039215688,0.08277132,0.509315919306443,1.0433085,0.5141032945261327,0.17476954,0.8036312600560479,0.43361643,0.6090168246295412,0.0062834912962078,0.1411301217018983,-0.1421937898846557
0.60784316,0.39215687,0.0,0.23529412,0.74509805,0.019607844,0.11910741,0.5101860243307915,1.102219,0.5171775723554365,-0.21359698,0.7976825771881498,0.3359098,0.6083487246247926,0.0056153912914592,0.0105437272421816,-0.5735297643529763
0.60784316,0.39215687,0.0,0.23529412,0.7647059,0.0,0.14806111,0.5108793505316137,1.1528026,0.5198173067303612,-0.5729404,0.7921784465271791,0.2426411,0.6076250345963846,0.0048917012630513,-0.1141586482824027,-1.0578903547407583
0.60784316,0.39215687,0.0,0.25490198,0.5882353,0.15686275,0.15530191,0.511052738995192,0.81774205,0.502331979482305,0.92310023,0.8150935817685584,0.6320481,0.609492766748685,0.0067594334153517,0.3987395222937888,-0.0501827804979666
0.60784316,0.39215687,0.0,0.25490198,0.60784316,0.13725491,0.13837464,0.5106473980290059,0.8442569,0.5037156710755769,0.8981373,0.8147112194004383,0.6269229,0.6096914295016737,0.0069580961683403,0.3932121919872829,-0.071656415145337
0.60784316,0.39215687,0.0,0.25490198,0.627451,0.11764706,0.12755595,0.5103883333515231,0.8713824,0.5051312328799665,0.85210145,0.8140060800120663,0.6170133,0.6098418820811853,0.0071085487478519,0.3810957607088557,-0.0853808118838387
0.60784316,0.39215687,0.0,0.25490198,0.6862745,0.05882353,0.120947674,0.510230091338408,0.97531986,0.5105552684658611,0.5196886,0.8089144501826313,0.53865206,0.6098999366623001,0.0071666033289667,0.2793055302342745,-0.093763954617895
0.60784316,0.39215687,0.0,0.25490198,0.7058824,0.039215688,0.13861288,0.5106531029255854,1.0381879,0.513836071235373,0.16473974,0.8034776318379143,0.44718015,0.609322268666291,0.0065889353329575,0.1577559720724859,-0.071354188439753
0.60784316,0.39215687,0.0,0.25490198,0.7254902,0.019607844,0.16808267,0.5113587873568387,1.0988215,0.5170002736990135,-0.22961436,0.7974372360132996,0.3457633,0.6085987656897173,0.0058654323563839,0.0224107357482307,-0.5951196581284842
0.60784316,0.39215687,0.0,0.25490198,0.74509805,0.0,0.18652107,0.5118003138097726,1.1505047,0.5196973906285643,-0.5897148,0.7919215096501413,0.24910365,0.6078064046961594,0.005073071362826,-0.1065455365017722,-1.0805006641828774
0.60784316,0.39215687,0.0,0.27450982,0.5686275,0.15686275,0.23940532,0.5130666816713151,0.79502493,0.5011464735713839,0.9153849,0.8149754043901969,0.6499384,0.6097295198776319,0.0069961865442986,0.4198305804500188,0.056509295644084
0.60784316,0.39215687,0.0,0.27450982,0.5882353,0.13725491,0.22044522,0.5126126624654325,0.8266588,0.5027973044718413,0.8911675,0.8146044624329629,0.6460905,0.6100048097900789,0.0072714764567455,0.4162588120829972,0.0324568475489721
0.60784316,0.39215687,0.0,0.27450982,0.60784316,0.11764706,0.2055531,0.5122560554034329,0.8548546,0.504268718463507,0.8490578,0.8139594598296785,0.6364885,0.6101614112322061,0.0074280778988727,0.4047024325538622,0.0135649752714084
0.60784316,0.39215687,0.0,0.27450982,0.64705884,0.078431375,0.19085594,0.5119041166652981,0.9263148,0.5079979095351127,0.6571977,0.8110207029864165,0.5914561,0.6103075763956091,0.0075742430622757,0.3469070480885438,-0.0050795845224659
0.60784316,0.39215687,0.0,0.27450982,0.6666667,0.05882353,0.18946785,0.511870877471461,0.9646924,0.5100006689370616,0.5149355,0.8088416458620857,0.55636525,0.6102377307568695,0.0075043974235361,0.3009954360572519,-0.0068404879691312
0.60784316,0.39215687,0.0,0.27450982,0.6862745,0.039215688,0.20022237,0.5121284056662898,1.0284655,0.5133287046907452,0.17323843,0.8036078077689154,0.46730876,0.6096883060419834,0.0069549727086501,0.1829161933601461,-0.0521126034861654
0.60784316,0.39215687,0.0,0.27450982,0.7058824,0.019607844,0.21199937,0.5124104180297823,1.0939522,0.5167461642878236,-0.2330868,0.7973840481132035,0.35762158,0.6088468768102698,0.0061135434769364,0.0370620166209045,-0.5998001652383025
0.60784316,0.39215687,0.0,0.27450982,0.7254902,0.0,0.2189313,0.5125764102526613,1.1477389,0.519553057080225,-0.59647125,0.7918180202220825,0.256733,0.6079824958516563,0.0052491625183229,-0.0972162124656114,-1.0896076791796152
0.60784316,0.39215687,0.0,0.29411766,0.54901963,0.15686275,0.3112062,0.514786027527318,0.77507746,0.5001055033914804,0.90684384,0.814844579561839,0.66437584,0.609912036826879,0.0071787034935457,0.4366902871760121,0.1475945986956615
0.60784316,0.39215687,0.0,0.29411766,0.5686275,0.13725491,0.29052076,0.5142906934946618,0.8107359,0.5019663585477333,0.886168,0.8145278838715825,0.6624749,0.6102616453046593,0.0075283119713258,0.4359300616570664,0.1213534266134303
0.60784316,0.39215687,0.0,0.29411766,0.5882353,0.11764706,0.2696084,0.5137899257514033,0.8421158,0.5036039387065002,0.8513788,0.8139950110967586,0.6543677,0.6104629585182207,0.0077296251848873,0.4266598008205522,0.0948243943690381
0.60784316,0.39215687,0.0,0.29411766,0.60784316,0.09803922,0.2563514,0.5134724733057762,0.8727247,0.5052012814017673,0.7881669,0.8130267822892624,0.639081,0.6105668456656019,0.0078335123322686,0.4074827488224082,0.0780068052182259
0.60784316,0.39215687,0.0,0.29411766,0.627451,0.078431375,0.25106913,0.5133459836023321,0.91428924,0.5073703500539438,0.6627156,0.8111052216959683,0.609358,0.6106071851174147,0.0078738517840813,0.3690216661972946,0.0713057956855111
0.60784316,0.39215687,0.0,0.29411766,0.64705884,0.05882353,0.2488705,0.5132933353426616,0.95358664,0.5094211076237395,0.51795095,0.8088878342070486,0.5734694,0.6105340923911499,0.0078007590578165,0.3220885843601087,0.0685166636034012
0.60784316,0.39215687,0.0,0.29411766,0.6666667,0.039215688,0.25406092,0.513417625228279,1.0158777,0.5126718038371897,0.18996477,0.8038640083311894,0.4866345,0.6099844791322194,0.007251145798886,0.2070987859128876,-0.0295670893542658
0.60784316,0.39215687,0.0,0.29411766,0.6862745,0.019607844,0.25209925,0.5133706508215301,1.0853527,0.5162973933938922,-0.22169194,0.797558585296891,0.37192,0.6090755431707712,0.0063422098374377,0.0549719340820457,-0.5844409852800623
0.60784316,0.39215687,0.0,0.29411766,0.7058824,0.0,0.2512524,0.5133503725332758,1.1424142,0.519275183428069,-0.5945975,0.7918467205207967,0.26635638,0.6081574254940473,0.0054240921607138,-0.0852868438724132,-1.0870820680548428
0.60784316,0.39215687,0.0,0.3137255,0.5294118,0.15686275,0.36840907,0.5161558093066031,0.7524924,0.4989268903546406,0.9022693,0.8147745105159768,0.67439026,0.6099524033924069,0.0072190700590735,0.4478813322677339,0.1929315140812401
0.60784316,0.39215687,0.0,0.3137255,0.54901963,0.13725491,0.35161877,0.5157537482634442,0.79029924,0.5008998604718077,0.88111025,0.8144504133331107,0.6743427,0.6103680073561208,0.0076346740227875,0.449591992205332,0.1988612686397049
0.60784316,0.39215687,0.0,0.3137255,0.5686275,0.11764706,0.33243307,0.5152943271042643,0.8232338,0.5026185687631505,0.8528071,0.8140168887293484,0.6694913,0.6106432615322545,0.007909928198921,0.4447192706306557,0.1745226427802756
0.60784316,0.39215687,0.0,0.3137255,0.5882353,0.09803922,0.3184322,0.5149590620218316,0.85509306,0.5042811635849868,0.79488117,0.8131296262436225,0.6561355,0.6107899506168136,0.0080566172834802,0.4282084773542378,0.1567613985667444
0.60784316,0.39215687,0.0,0.3137255,0.627451,0.05882353,0.3026232,0.5145804992435804,0.94056356,0.5087414907686426,0.52335453,0.8089706018295368,0.5888471,0.6107641972805866,0.0080308639472532,0.3409366410207234,0.1367063844689867
0.60784316,0.39215687,0.0,0.3137255,0.64705884,0.039215688,0.29368198,0.5143663922055544,1.0018795,0.5119412960466939,0.21400778,0.8042322796067586,0.50318974,0.6101799892863355,0.0074466559530022,0.2278733658301278,0.0028405883417568
0.60784316,0.39215687,0.0,0.3137255,0.6666667,0.019607844,0.28593776,0.5141809488116507,1.0749921,0.5157567195858789,-0.20539701,0.7978081777422897,0.3851776,0.6092486153799398,0.0065152820466064,0.0715825313954842,-0.562476981942192
0.60784316,0.39215687,0.0,0.3137255,0.6862745,0.0,0.27820903,0.5139958765143472,1.1342434,0.5188487832698744,-0.5839696,0.7920095104483589,0.27616096,0.6082847234108602,0.0055513900775268,-0.073071583195173,-1.072756640429679
0.60784316,0.39215687,0.0,0.33333334,0.50980395,0.15686275,0.407216,0.5170850815803681,0.73104274,0.4978075261740735,0.90035236,0.8147451483100043,0.679537,0.609879252021482,0.0071459186881486,0.4530375984446514,0.1617543746855744
0.60784316,0.39215687,0.0,0.33333334,0.5294118,0.13725491,0.38754544,0.5166140493794884,0.7722131,0.4999560250716021,0.87807924,0.8144039867015349,0.67927927,0.6103246870508752,0.0075913537175418,0.4546593906683622,0.2215955334278057
0.60784316,0.39215687,0.0,0.33333334,0.54901963,0.11764706,0.3677259,0.5161394503693638,0.80766356,0.5018060276837802,0.8506258,0.813983477476907,0.67533845,0.6106429851766837,0.0079096518433503,0.4511193872613555,0.2192945008964146
0.60784316,0.39215687,0.0,0.33333334,0.5882353,0.078431375,0.343167,0.5155513621688034,0.8832724,0.505751719077895,0.6849065,0.8114451233982085,0.6371153,0.6109160682149689,0.0081827348816356,0.4029089669819249,0.1881395172832655
0.60784316,0.39215687,0.0,0.33333334,0.60784316,0.05882353,0.33547473,0.5153671626621574,0.92599463,0.5079812030248733,0.53365153,0.8091283229169647,0.59837365,0.6108255628679985,0.0080922295346651,0.352396065099202,0.1783812316967914
0.60784316,0.39215687,0.0,0.33333334,0.627451,0.039215688,0.32686937,0.5151610984292916,0.9867559,0.5111520650748892,0.23870069,0.8046105055110029,0.517442,0.6103078896717279,0.0075745563383945,0.2456742053444514,0.0361242681022607
0.60784316,0.39215687,0.0,0.33333334,0.64705884,0.019607844,0.3194424,0.5149832518109807,1.0611621,0.5150349958551329,-0.18491977,0.7981218313980852,0.39856157,0.6093800263547329,0.0066466930213996,0.0882501631960239,-0.5348756259323041
0.60784316,0.39215687,0.0,0.33333334,0.6666667,0.0,0.3032078,0.5145944981491725,1.1228995,0.5182567986085916,-0.56778854,0.7922573586540104,0.2861063,0.6083695518039248,0.0056362184705914,-0.0607265021589062,-1.0509461292680975
0.60784316,0.39215687,0.0,0.3529412,0.50980395,0.13725491,0.41555908,0.517284865003277,0.7539547,0.4990032003184656,0.87408495,0.8143428054724429,0.68119955,0.6102102902647285,0.0074769569313951,0.4558644248339555,0.1950569406588936
0.60784316,0.39215687,0.0,0.3529412,0.5686275,0.078431375,0.36651796,0.5161105248166794,0.86882985,0.5049980255999434,0.6970499,0.8116311266415586,0.64413255,0.6109132256860604,0.0081798923527271,0.4112418035105866,0.2177621200069063
0.60784316,0.39215687,0.0,0.3529412,0.5882353,0.05882353,0.3582211,0.5159118482607451,0.9146201,0.5073876164546772,0.54295486,0.8092708237893568,0.6052654,0.6108567628349264,0.008123429501593,0.360683652412004,0.2072368878418137
0.60784316,0.39215687,0.0,0.3529412,0.60784316,0.039215688,0.34941882,0.5157010682464686,0.97389615,0.5104809709973116,0.26485825,0.8050111657346655,0.52939105,0.6103977349928152,0.0076644016594818,0.2607315522200815,0.0713821561197453
0.60784316,0.39215687,0.0,0.3529412,0.627451,0.019607844,0.33791342,0.5154255597077168,1.0503799,0.5144723183507066,-0.16435595,0.7984368113790796,0.4079791,0.6094448964791677,0.0067115631458343,0.1000761944235519,-0.5071575540055981
0.60784316,0.39215687,0.0,0.3529412,0.64705884,0.0,0.31736907,0.5149336040814163,1.1137589,0.5177797905707479,-0.5494947,0.7925375691032209,0.29387778,0.6084169879184617,0.0056836545851283,-0.0509474340693775,-1.0262877577699696
0.60784316,0.39215687,0.0,0.37254903,0.54901963,0.078431375,0.3866107,0.5165916658316757,0.8536007,0.5042032828172759,0.71415794,0.8118931734426295,0.6514564,0.6108960406971936,0.0081627073638603,0.4200463517759101,0.2432513925744197
0.60784316,0.39215687,0.0,0.37254903,0.5882353,0.039215688,0.36607602,0.5160999421407503,0.96181726,0.5098506276161866,0.29403096,0.8054580097384132,0.54064137,0.61046952649845,0.0077361931651166,0.2750303523180128,0.1107041923862892
0.60784316,0.39215687,0.0,0.37254903,0.60784316,0.019607844,0.3514921,0.5157507152623856,1.0388756,0.5138719602160363,-0.137876,0.798842409659132,0.41749725,0.609488361712518,0.0067550283791846,0.1121417304168482,-0.4714651196345382
0.60784316,0.39215687,0.0,0.37254903,0.627451,0.0,0.32701087,0.5151644868267096,1.106054,0.5173777021020024,-0.5303151,0.7928313463687852,0.30091658,0.6084578450991658,0.0057245117658323,-0.041985944710842,-1.0004355135999332
0.60784316,0.39215687,0.0,0.39215687,0.5294118,0.078431375,0.4085508,0.517117044415995,0.83692855,0.5033332378736725,0.7327246,0.812177562580834,0.65940136,0.6108759482901672,0.0081426149568338,0.4295883395278159,0.2710842264411248
0.60784316,0.39215687,0.0,0.39215687,0.54901963,0.05882353,0.39536282,0.516801244777533,0.88676894,0.5059341873898789,0.5723619,0.8097212566999071,0.61816454,0.6108188962891065,0.008085562955773,0.3761081430267393,0.2543541975917994
0.60784316,0.39215687,0.0,0.39215687,0.5686275,0.039215688,0.38106436,0.5164588532130835,0.94595224,0.5090227019902432,0.3253785,0.8059381659367576,0.55079836,0.6104732403800281,0.0077399070466947,0.2877662151741294,0.1529576841788388
0.60784316,0.39215687,0.0,0.39215687,0.5882353,0.019607844,0.3631685,0.5160303187093901,1.0277585,0.5132918079071928,-0.10951461,0.7992768264682296,0.42713746,0.6095329843616041,0.0067996510282708,0.1244357989913685,-0.4332366699320403
0.60784316,0.39215687,0.0,0.39215687,0.60784316,0.0,0.33486295,0.5153525129102206,1.0982339,0.5169696103629605,-0.50821114,0.7931699169527047,0.30829525,0.608497346741962,0.0057640134086285,-0.0325230631332279,-0.9706414810784988
0.60784316,0.39215687,0.0,0.4117647,0.5294118,0.05882353,0.41852504,0.517355887897008,0.8704027,0.5050801055463591,0.59318316,0.8100401800504532,0.6273703,0.6108253911646068,0.0080920578312734,0.3873281122614115,0.2837373705272941
0.60784316,0.39215687,0.0,0.4117647,0.54901963,0.039215688,0.40076187,0.5169305305511295,0.92985755,0.5081827915972262,0.35902846,0.8064535885538172,0.563216,0.6105223035673909,0.0077889702340576,0.303416613628035,0.1983146021874275
0.60784316,0.39215687,0.0,0.4117647,0.5686275,0.019607844,0.37747532,0.5163729100950859,1.0147272,0.5126117649132199,-0.077565834,0.7997661918507301,0.43821228,0.6095836222863453,0.0068502889530119,0.1385265776148184,-0.3901727747988804
0.60784316,0.39215687,0.0,0.4117647,0.5882353,0.0,0.34616697,0.5156231993341127,1.088894,0.5164822008039399,-0.48183846,0.7935738721050496,0.31774083,0.6085597574143674,0.005826424081034,-0.020418955515677,-0.9350936410776464
0.60784316,0.39215687,0.0,0.43137255,0.49019608,0.078431375,0.4704065,0.5185982429539338,0.78738934,0.5007480057278327,0.78484064,0.8129758336898938,0.6808788,0.6107740274572201,0.0080406941238867,0.4551587344569878,0.2436542090104583
0.60784316,0.39215687,0.0,0.43137255,0.50980395,0.05882353,0.4489332,0.5180840429410456,0.8496483,0.5039970253803038,0.62288743,0.8104951659699642,0.64048964,0.6108587447637712,0.0081254114304378,0.4034771951711525,0.3223126360116257
0.60784316,0.39215687,0.0,0.43137255,0.5294118,0.039215688,0.42640668,0.5175446219186485,0.9097142,0.5071316003053051,0.40436187,0.8071479689820734,0.5801609,0.6106080637353424,0.0078747304020089,0.3248697155909598,0.259419713039679
0.60784316,0.39215687,0.0,0.43137255,0.54901963,0.019607844,0.39754128,0.5168534102547997,0.99607176,0.5116382179908011,-0.028544571,0.8005170597297033,0.45502284,0.6096695626584346,0.0069362293251013,0.1599984245957691,-0.3240967981252869
0.60784316,0.39215687,0.0,0.43137255,0.5686275,0.0,0.36323917,0.5160320107671572,1.0748373,0.5157486447207548,-0.44309223,0.7941673554992602,0.33166143,0.608649336995724,0.0059160036623907,-0.0026015184729755,-0.8828674159185042
0.60784316,0.39215687,0.0,0.4509804,0.47058824,0.078431375,0.5065259,0.519463158513471,0.7570197,0.4991631485905811,0.8159984,0.8134530825176676,0.6931813,0.6106931298739066,0.0079597965405732,0.4697173116236459,0.1995119068463187
0.60784316,0.39215687,0.0,0.4509804,0.49019608,0.05882353,0.4773571,0.5187646819200277,0.8250401,0.5027128325488154,0.6615685,0.8110876514819222,0.6546553,0.6108550553169217,0.0081217219835884,0.4209533270841875,0.2983796332732593
0.60784316,0.39215687,0.0,0.4509804,0.50980395,0.039215688,0.45012993,0.518112699448695,0.8866743,0.505929247911521,0.46379718,0.8080583507471077,0.6002005,0.610700099369108,0.0079667660357745,0.3504428576271199,0.3238307637777938
0.60784316,0.39215687,0.0,0.4509804,0.5294118,0.019607844,0.42075473,0.517409280133997,0.97452563,0.5105138210167938,0.02927703,0.8014027240517666,0.47485247,0.609775275067519,0.0070419417341857,0.1853547044630185,-0.2461588056713974
0.60784316,0.39215687,0.0,0.4509804,0.54901963,0.0,0.38789457,0.5166224097577007,1.054275,0.5146755897050442,-0.3908556,0.7949674735578143,0.35043803,0.6087551576735197,0.0060218243401863,0.0213318337841706,-0.8124574494601822
0.60784316,0.39215687,0.0,0.47058824,0.4509804,0.078431375,0.5374715,0.5202041827594123,0.7229728,0.4973863920970249,0.84906733,0.8139596059057631,0.70317054,0.6105167269207334,0.0077833935874,0.4811651905684201,0.1500247195363839
0.60784316,0.39215687,0.0,0.47058824,0.47058824,0.05882353,0.50447977,0.5194141623438988,0.7955195,0.501172281412653,0.7085336,0.8118070241587836,0.6695109,0.6107978226384451,0.0080644893051117,0.4392211572119853,0.2554713659263887
0.60784316,0.39215687,0.0,0.47058824,0.49019608,0.039215688,0.47531733,0.518715837757332,0.8612074,0.5046002451774988,0.5269017,0.8090249348291896,0.62114215,0.6107803392546735,0.0080470059213401,0.3771078813781995,0.3509488753869288
0.60784316,0.39215687,0.0,0.47058824,0.50980395,0.019607844,0.4442626,0.5179722001349492,0.95106286,0.5092894027165419,0.09072831,0.802343984874553,0.49535123,0.6098685292420147,0.0071351959086813,0.2115376865592172,-0.1633283505249484
0.60784316,0.39215687,0.0,0.47058824,0.5294118,0.0,0.41275632,0.5172177500422042,1.0322785,0.5135276897723012,-0.33246386,0.7958618709472954,0.370857,0.608869103587267,0.0061357702539335,0.0474230805614092,-0.7337509516871115
0.60784316,0.39215687,0.0,0.49019608,0.43137255,0.078431375,0.56456375,0.5208529352630293,0.6885897,0.4955920892574882,0.876281,0.8143764431428153,0.7098115,0.6102738225544443,0.0075404892211109,0.4881899700197392,0.1000488218638948
0.60784316,0.39215687,0.0,0.49019608,0.4509804,0.05882353,0.53196925,0.5200724263388358,0.7629896,0.4994746903244411,0.7528772,0.8124862432589256,0.682612,0.6106777866407341,0.0079444533074008,0.4550082770614256,0.2081891365028884
0.60784316,0.39215687,0.0,0.49019608,0.47058824,0.039215688,0.50115573,0.5193345649777632,0.8308944,0.5030183430178542,0.58819956,0.8099638452535388,0.64008325,0.6107722510830521,0.0080389177497187,0.4008884684370613,0.3068888768647708
0.60784316,0.39215687,0.0,0.49019608,0.49019608,0.019607844,0.46712762,0.5185197267634697,0.9256352,0.5079624466933254,0.15417883,0.8033158683230901,0.51564723,0.6099326805932951,0.0071993472599617,0.2373951180350512,-0.0778031204900762
0.60784316,0.39215687,0.0,0.49019608,0.50980395,0.0,0.43593323,0.517772744989802,1.0089725,0.5123114520942668,-0.26932082,0.7968290448115686,0.39186165,0.608971080631879,0.0062377472985457,0.0743021765803473,-0.6486401625794365
0.60784316,0.39215687,0.0,0.50980395,0.4117647,0.078431375,0.59081185,0.5214814729930024,0.6521279,0.4936893107452482,0.9011554,0.8147574488293,0.7146984,0.6099760775225169,0.0072427441891835,0.4927996183737011,0.0470516008119132
0.60784316,0.39215687,0.0,0.50980395,0.43137255,0.05882353,0.5573949,0.5206812702576996,0.72807705,0.4976527599995299,0.7960433,0.8131474265275019,0.6938384,0.6104938189282438,0.0077604855949104,0.4682392565312681,0.1574437430955638
0.60784316,0.39215687,0.0,0.50980395,0.4509804,0.039215688,0.52523106,0.5199110735371054,0.8013082,0.5014743703286731,0.6362383,0.8106996633585953,0.6542592,0.610695035741458,0.0079617024081246,0.4183183252463329,0.2638853105640251
0.60784316,0.39215687,0.0,0.50980395,0.47058824,0.019607844,0.4899814,0.5190669843469551,0.8973641,0.506487101026191,0.22066984,0.804334323566312,0.53600514,0.6099628029798193,0.007229469646486,0.2632362199146678,0.0118204028736421
0.60784316,0.39215687,0.0,0.50980395,0.49019608,0.0,0.45998296,0.5183486405261066,0.9830995,0.5109612543945451,-0.20406415,0.7978285934728144,0.4130061,0.6090461627978221,0.0063128294644887,0.1012563000458012,-0.5606804084414471
0.60784316,0.39215687,0.0,0.5294118,0.4117647,0.05882353,0.5817839,0.5212652892413103,0.6893587,0.4956322209638947,0.83940804,0.8138116527435147,0.7035169,0.6102363876495733,0.0075030543162399,0.4792771948030343,0.1011665919574376
0.60784316,0.39215687,0.0,0.5294118,0.43137255,0.039215688,0.5494106,0.5204900770074361,0.7673996,0.4997048302014836,0.6866074,0.8114711769808656,0.66780585,0.6105553613965952,0.0078220280632617,0.4347450927238664,0.2145991174113557
0.60784316,0.39215687,0.0,0.5294118,0.4509804,0.019607844,0.5133608,0.5196268278143629,0.8661818,0.504859835294524,0.2859566,0.8053343330519558,0.5551664,0.6099403320536142,0.0072069987202808,0.287348049038273,0.0998207093152043
0.60784316,0.39215687,0.0,0.5294118,0.47058824,0.0,0.4828949,0.5188972904354898,0.95604926,0.5095496211551215,-0.13722178,0.7988524304785329,0.43390742,0.6090997806897147,0.0063664473563814,0.1278713706826218,-0.4705832928211553
0.60784316,0.39215687,0.0,0.54901963,0.39215687,0.05882353,0.60936755,0.5219258083617402,0.6440028,0.4932652963426584,0.88713217,0.8145426521637317,0.7135008,0.6099112522893768,0.0071779189560434,0.4904088042187514,0.0352417212706424
0.60784316,0.39215687,0.0,0.54901963,0.4117647,0.039215688,0.5749375,0.5211013458998522,0.72976655,0.497740927199816,0.7397068,0.8122845103601948,0.68147033,0.610375594486621,0.0076422611532876,0.4511638376512031,0.159899423866101
0.60784316,0.39215687,0.0,0.54901963,0.43137255,0.019607844,0.53757864,0.5202067490351315,0.8305412,0.5029999101785917,0.35308647,0.80636257402338,0.5737354,0.6098564110790344,0.007123077745701,0.3104824960780665,0.1903053715910233
0.60784316,0.39215687,0.0,0.54901963,0.4509804,0.0,0.5062249,0.5194559506756611,0.9258074,0.5079714329357535,-0.0688577,0.7998995759777383,0.45439157,0.6091089865297176,0.0063756531963842,0.1538005979178244,-0.3784350420876658
0.60784316,0.39215687,0.0,0.5686275,0.39215687,0.039215688,0.6089441,0.5219156688607893,0.68500036,0.4954047778927314,0.7947524,0.8131276542164809,0.6962323,0.6101493669900006,0.0074160336566672,0.4685867286704652,0.0948317239517064
0.60784316,0.39215687,0.0,0.5686275,0.4117647,0.019607844,0.56650144,0.5208993351836954,0.7920088,0.5009890759115186,0.4293347,0.8075304824476435,0.5959483,0.6098062978476192,0.0070729645142858,0.3383023020039464,0.2503686267588504
0.60784316,0.39215687,0.0,0.5686275,0.43137255,0.0,0.5315468,0.5200623096745988,0.8930388,0.5062613842840508,-6.3147396e-05,0.8009533150432715,0.4748408,0.6090923363339736,0.0063590030006403,0.1795413270541296,-0.285706561000644
0.60784316,0.39215687,0.0,0.5882353,0.37254903,0.039215688,0.6487204,0.5228681525132443,0.6361096,0.4928533849062466,0.8591812,0.8141145223323674,0.7146704,0.6099453532506194,0.007212019917286,0.4906669114206844,0.0237689401198518
0.60784316,0.39215687,0.0,0.5882353,0.39215687,0.019607844,0.60669816,0.5218618869723703,0.74386984,0.4984769156961472,0.5242274,0.8089839714431764,0.6249318,0.6097742580372313,0.0070409247038979,0.3746119848158058,0.1803985753862948
0.60784316,0.39215687,0.0,0.5882353,0.4117647,0.0,0.565128,0.5208664474611574,0.85795546,0.5044305392582745,0.08422573,0.8022443835810263,0.50243646,0.6091804567668194,0.006447123433486,0.2146147406147242,-0.172093211736923
0.60784316,0.39215687,0.0,0.60784316,0.3529412,0.039215688,0.6867552,0.5237789348989085,0.58778775,0.4903316816684557,0.922542,0.8150850308397584,0.7323616,0.6097318824690409,0.0069985491357075,0.5118064614365448,-0.0464669086986044
0.60784316,0.39215687,0.0,0.60784316,0.37254903,0.019607844,0.64552814,0.5227917108955042,0.6939803,0.4958734000151767,0.61838406,0.8104261870168831,0.6526308,0.609697099309188,0.0069637659758546,0.4091648835661612,0.1078840419452712
0.60784316,0.39215687,0.0,0.60784316,0.39215687,0.0,0.60325944,0.5217795434913939,0.8143658,0.502155788164859,0.18044041,0.8037181219172937,0.53268856,0.6092178178578489,0.0064844845245155,0.2528492151982022,-0.0424050167067399
0.60784316,0.39215687,0.0,0.627451,0.33333334,0.039215688,0.72344875,0.5246576003011273,0.53985447,0.4878302557980546,0.9837554,0.8160226484907593,0.74901956,0.6095035015299805,0.006770168196647,0.5316023267346858,-0.1161379812622315
0.60784316,0.39215687,0.0,0.627451,0.3529412,0.019607844,0.68105453,0.5236424270145559,0.647658,0.4934560448129476,0.7073943,0.8117895735445316,0.6787023,0.6096293484573451,0.0068960151240117,0.4417368678024522,0.040554551313769
0.60784316,0.39215687,0.0,0.627451,0.37254903,0.0,0.6407302,0.5226768193881084,0.7658787,0.4996254595029583,0.27579388,0.8051786688983936,0.5608009,0.6091603159298201,0.0064269825964867,0.2880445509903593,0.0861223460375626
0.60784316,0.39215687,0.0,0.64705884,0.3137255,0.039215688,0.75579476,0.5254321588340675,0.49236894,0.4853521960242685,1.0407319,0.8168953681892915,0.7629652,0.6092265743492091,0.0064932410158758,0.5478730517930329,-0.1851582486063039
0.60784316,0.39215687,0.0,0.64705884,0.33333334,0.019607844,0.7173711,0.5245120647783296,0.6038098,0.4911678003586274,0.78668565,0.8130040939344033,0.7026222,0.6095613196904535,0.0068279863571201,0.4714749613357072,-0.0231788766109609
0.60784316,0.39215687,0.0,0.64705884,0.3529412,0.0,0.67763495,0.5235605416951511,0.7188925,0.4971734595211636,0.37064418,0.8066315087683257,0.58905727,0.6091218366615467,0.0063885033282134,0.3235016889597406,0.1440940057304959
0.60784316,0.39215687,0.0,0.6666667,0.3137255,0.019607844,0.753362,0.5253739038043224,0.5558821,0.4886666668754844,0.86555123,0.8142120929400749,0.7249318,0.6094175545399606,0.0066842212066272,0.4989075445962879,-0.0928418054458023
0.60784316,0.39215687,0.0,0.6666667,0.33333334,0.0,0.71427935,0.5244380295793118,0.6735319,0.4948062891702104,0.46515903,0.8080792104119832,0.61765677,0.6091078430538351,0.0063745097205018,0.3594855870968427,0.0781622908461042
0.60784316,0.39215687,0.0,0.6862745,0.3137255,0.0,0.7460774,0.5251994669928487,0.62760407,0.4924095192751429,0.5678119,0.8096515637999627,0.6471645,0.6090868500226514,0.0063535166893181,0.396801782513047,0.0114061533752799
0.60784316,0.39215687,0.0,0.7058824,0.29411766,0.0,0.7735586,0.525857532593834,0.58442515,0.4901562026561381,0.676223,0.8113121165583373,0.67806894,0.6091086172694364,0.0063752839361031,0.4362115569564622,-0.05135444550121
0.60784316,0.39215687,0.0,0.78431374,0.19607843,0.019607844,0.9419257,0.5298892559413022,0.31770003,0.4762369983733197,1.270301,0.8204117208266171,0.8433089,0.6088459917137463,0.0061126583804129,0.645099091615042,-0.4390396865836156
0.60784316,0.39215687,0.0,0.78431374,0.21568628,0.0,0.90171427,0.5289263516108571,0.4246897,0.4818203165837424,1.0733556,0.8173950707372135,0.79991984,0.6093805796439377,0.0066472463106043,0.5914439202415328,-0.2835300739314449
0.60784316,0.39215687,0.0,0.8039216,0.1764706,0.019607844,0.97466856,0.5306733174017946,0.27986813,0.4742627187344972,1.3116859,0.8210456216474749,0.85540754,0.6086605525945888,0.0059272192612555,0.6592095023132306,-0.4940283958653498
0.60784316,0.39215687,0.0,0.8039216,0.19607843,0.0,0.9329034,0.5296732077825986,0.3838822,0.4796907528716694,1.152251,0.8186035271436248,0.8230122,0.609322495932631,0.0065891625992976,0.6203091700951412,-0.3428438395993898
0.60784316,0.39215687,0.0,0.8235294,0.15686275,0.019607844,0.9994809,0.5312674744590615,0.24059609,0.4722132846836192,1.3535655,0.8216870983392682,0.8645475,0.6083892858273163,0.0056559524939829,0.6694908859534688,-0.5511103466689515
0.60784316,0.39215687,0.0,0.8235294,0.1764706,0.0,0.9591679,0.530302138018591,0.34272254,0.4775428123093834,1.212079,0.8195199245044166,0.8379898,0.6091216249441304,0.006388291610797,0.6383543489639344,-0.4026694472850554
0.60784316,0.39215687,0.0,0.84313726,0.13725491,0.019607844,1.0226283,0.5318217628958245,0.20182869,0.4701901857042255,1.3955915,0.8223308191249107,0.8733495,0.6081142559083202,0.0053809225749869,0.6793785592839633,-0.6074587987516589
0.60784316,0.39215687,0.0,0.84313726,0.15686275,0.0,0.9848376,0.5309168252816121,0.30332756,0.4754869628465954,1.2702746,0.8204113172914335,0.85281324,0.6089383684732136,0.0062050351398803,0.6562695398586563,-0.4599300836271731
0.60784316,0.39215687,0.0,0.8627451,0.11764706,0.019607844,1.0501516,0.5324808361668086,0.16010684,0.4680129068800556,1.4320221,0.8228888334198387,0.8807602,0.6077941921555676,0.0050608588222342,0.6871711426296133,-0.668101551649099
0.60784316,0.39215687,0.0,0.8627451,0.13725491,0.0,1.0091147,0.5314981666605235,0.26396492,0.4734328008315461,1.3258092,0.8212619511989555,0.8662963,0.6087309728970084,0.005997639563675,0.6724159588537143,-0.5171437202579477
0.60784316,0.39215687,0.0,0.88235295,0.11764706,0.0,1.0363145,0.5321494925763329,0.22068101,0.4711740050619573,1.3741069,0.8220017352697079,0.8770341,0.6084417443026661,0.0057084109693326,0.6846467957078429,-0.5800569274137569
0.60784316,0.39215687,0.0,0.9019608,0.019607844,0.078431375,1.27909,0.537963003421481,-0.26764697,0.4456903279467992,1.2542316,0.8201655826241305,0.7552249,0.6012729713308036,-0.0014603620025297,0.496851811701146,-1.2898421497092218
0.60784316,0.39215687,0.0,0.9019608,0.039215688,0.05882353,1.2103376,0.536316656191781,-0.14069286,0.4523155012751562,1.3847243,0.8221643636006015,0.81812304,0.6035988403558462,0.0008655070225129,0.5879189857698909,-1.1053142221906
0.60784316,0.39215687,0.0,0.9019608,0.09803922,0.0,1.0601561,0.5327204047134865,0.17962334,0.4690313865698666,1.4193516,0.8226947567338899,0.88637704,0.6081488493390811,0.0054155160057476,0.6951645291604255,-0.6397343019084419
0.60784316,0.39215687,0.0,0.92156863,0.0,0.078431375,1.3043532,0.538567956535222,-0.31160358,0.4433964270432385,1.2476777,0.8200651954869176,0.7468092,0.600676526355126,-0.0020568069782072,0.4832929590089783,-1.3537331241317898
0.60784316,0.39215687,0.0,0.92156863,0.019607844,0.05882353,1.2345507,0.5368964632289804,-0.18056867,0.4502345593867302,1.3818302,0.8221200349867902,0.8119374,0.6030836858675003,0.0003503525341669,0.5775376044140065,-1.1632737464062728
0.60784316,0.39215687,0.0,0.92156863,0.039215688,0.039215688,1.1739517,0.5354453584843691,-0.070083976,0.456000266591317,1.4881247,0.8237481679841474,0.86399746,0.6050645976866112,0.0023312643532778,0.6532008326528326,-1.0026841363823735
0.60784316,0.39215687,0.0,0.92156863,0.078431375,0.0,1.0807366,0.5332132267076187,0.13894808,0.4669087250633832,1.4593177,0.823306925085267,0.8930008,0.6078096256187564,0.0050762922854229,0.7021168832782475,-0.6988558235957969
0.60784316,0.39215687,0.0,0.9411765,0.0,0.05882353,1.2588078,0.5374773236096063,-0.22393328,0.4479715519964256,1.374682,0.822010543657607,0.80318546,0.6024864730878796,-0.0002468602454537,0.5635730666789421,-1.226304257910761
0.60784316,0.39215687,0.0,0.9411765,0.019607844,0.039215688,1.1958053,0.5359686646369063,-0.10723967,0.4540612752173154,1.4886283,0.8237558808014123,0.8590646,0.6045952735518779,0.0018619402185446,0.6446661412259147,-1.0566899777374303
0.60784316,0.39215687,0.0,0.9411765,0.05882353,0.0,1.0994015,0.5336601754527982,0.09985443,0.4648686003584059,1.497044,0.8238847856422338,0.8987667,0.607471187151146,0.0047378538178126,0.7080190966695982,-0.7556784854388731
0.60784316,0.39215687,0.0,0.9607843,0.0,0.039215688,1.2186153,0.536514873158849,-0.14959872,0.4518507439523707,1.4828806,0.823667842571198,0.85063237,0.6040111532274726,0.0012778198941392,0.631206174536799,-1.1182588956839925
0.60784316,0.39215687,0.0,0.9607843,0.019607844,0.019607844,1.1605092,0.5351234635842502,-0.042342372,0.4574479781632585,1.56493,0.8249246081647249,0.8943656,0.6058320166374113,0.0030986833040778,0.6954660419629007,-0.962361687025212
0.60784316,0.39215687,0.0,0.9607843,0.039215688,0.0,1.1161928,0.5340622614736129,0.060889743,0.4628352056149287,1.5329919,0.8244354066613319,0.90335816,0.6071109579166245,0.0043776245832911,0.7123925439409832,-0.8123137007373319
0.60784316,0.39215687,0.0,0.98039216,0.0,0.019607844,1.1826911,0.5356546312755314,-0.08632114,0.4551529209303027,1.5683609,0.824977160862097,0.8882437,0.6052615710226438,0.0025282376893103,0.6850796920397544,-1.026284868162419
0.60784316,0.39215687,0.0,0.98039216,0.019607844,0.0,1.1340041,0.5344887713598937,0.01981996,0.4606919553019682,1.5630218,0.8248953801661552,0.9056153,0.606692035609339,0.0039587022760056,0.713518393174461,-0.8720086730502032
0.60784316,0.39215687,0.0,1.0,0.0,0.0,1.1556718,0.5350076272078187,-0.026582085,0.4582704378582545,1.58451,0.8252245187998897,0.9045332,0.6061675279553209,0.0034341946219876,0.7098536888196775,-0.9394540926932085
0.627451,0.3137255,0.05882353,0.29411766,0.6666667,0.039215688,0.57382405,0.5210746826091339,0.76110476,0.499376330006662,0.42955822,0.8075339061058754,0.58816236,0.6093283062405571,0.0065949729072237,0.3265261474059092,0.2054495514852158
0.627451,0.3137255,0.05882353,0.29411766,0.7058824,0.0,0.5497709,0.5204987050033888,0.9055737,0.5069155261216721,-0.29593825,0.7964213405252158,0.3864688,0.6079451905500922,0.0052118572167589,0.0603836415271754,-0.684517924392345
0.627451,0.3137255,0.05882353,0.3137255,0.6666667,0.019607844,0.57855576,0.5211879883922116,0.8234378,0.5026292160140441,0.069632664,0.8020208588694054,0.49054205,0.6086126877585537,0.0058793544252203,0.197012305068308,-0.191763268273674
0.627451,0.33333334,0.039215688,0.13725491,0.74509805,0.11764706,-0.052105106,0.5060861642577175,0.8303972,0.5029923952039616,0.9657188,0.8157463784439298,0.581337,0.6082749793018696,0.0055416459685362,0.3363152501623372,-0.313295616994327
0.627451,0.33333334,0.039215688,0.15686275,0.7254902,0.11764706,0.025981259,0.5079560227020493,0.82487404,0.5027041666881699,0.9421102,0.8153847607057685,0.5976551,0.6086816500319959,0.0059483166986625,0.3560515498486922,-0.2142366507770995
0.627451,0.33333334,0.039215688,0.27450982,0.7058824,0.019607844,0.48436832,0.5189325731583931,0.9359206,0.5084991950468755,-0.038414415,0.8003658814814005,0.46062484,0.6092658832288897,0.0065325498955563,0.1631363749752813,-0.3374004041099636
0.627451,0.33333334,0.039215688,0.29411766,0.6862745,0.019607844,0.49726474,0.5192413911852418,0.92682284,0.5080244234605048,-0.029917713,0.8004960270559653,0.46472326,0.609253947233904,0.0065206139005706,0.1679994788327334,-0.3259476623028767
0.627451,0.33333334,0.039215688,0.29411766,0.7058824,0.0,0.47532257,0.5187159633592582,0.9909053,0.5113686027234311,-0.39573455,0.794892741945928,0.3568311,0.6083257693428724,0.005592436009539,0.0254069208109014,-0.8190337918262083
0.627451,0.33333334,0.039215688,0.3137255,0.64705884,0.039215688,0.5141522,0.5196457794322719,0.8376916,0.5033730585298045,0.37912625,0.8067614302073981,0.57699007,0.6099267560564915,0.0071934227231581,0.3157404743613194,0.2254045050728527
0.627451,0.33333334,0.039215688,0.3137255,0.6666667,0.019607844,0.50532097,0.519434305752812,0.9160636,0.5074629466101378,-0.016093235,0.8007077791763899,0.46843043,0.6092016771797799,0.0064683438464465,0.1724046446073857,-0.30731358757206
0.627451,0.33333334,0.039215688,0.3137255,0.6862745,0.0,0.48265487,0.5188915427200719,0.9839018,0.5110031217614829,-0.38977277,0.7949840595842407,0.35892797,0.6082929080219318,0.0055595746885984,0.0277929035181378,-0.8109978878968921
0.627451,0.33333334,0.039215688,0.33333334,0.627451,0.039215688,0.5308275,0.5200450865104695,0.82229584,0.5025696218919667,0.40052032,0.8070891272527732,0.58454794,0.6099012785517365,0.0071679452184031,0.3249449384022562,0.2542416719467579
0.627451,0.33333334,0.039215688,0.33333334,0.64705884,0.019607844,0.5189499,0.5197606652304892,0.90062946,0.5066575068085327,0.0040563233,0.8010164137492173,0.47454524,0.6091448619294131,0.0064115285960797,0.1797431735527384,-0.2801539082118356
0.627451,0.33333334,0.039215688,0.33333334,0.6666667,0.0,0.49120468,0.5190962767143558,0.9728572,0.5104267518239763,-0.38225713,0.7950991780380939,0.36060157,0.608207402192142,0.0054740688588086,0.0294339467893943,-0.800867524773743
0.627451,0.33333334,0.039215688,0.3529412,0.5882353,0.05882353,0.5541784,0.520604247731051,0.73830426,0.4981864725024016,0.66648954,0.8111630276545315,0.65299076,0.6099845826293281,0.0072512492959946,0.4136255223209841,0.1723089937334843
0.627451,0.33333334,0.039215688,0.3529412,0.60784316,0.039215688,0.5435147,0.5203488947332167,0.8046966,0.501651196188679,0.42681262,0.8074918512576179,0.5916746,0.6098306473931712,0.0070973140598378,0.3335961953734583,0.2688103605002925
0.627451,0.33333334,0.039215688,0.3529412,0.627451,0.019607844,0.52951604,0.5200136817470374,0.88516015,0.5058502318103085,0.027303446,0.8013724942907982,0.48065987,0.6090788026160481,0.0063454692827146,0.1871612477701713,-0.2488190086665378
0.627451,0.33333334,0.039215688,0.37254903,0.60784316,0.019607844,0.5404589,0.5202757201928523,0.8666887,0.504886290120364,0.05967221,0.8018682927271163,0.48893997,0.6090101010134442,0.0062767676801108,0.197382484425554,-0.2051890081959339
0.627451,0.3529412,0.019607844,0.11764706,0.74509805,0.13725491,-0.25053445,0.5013345693489265,0.84615153,0.5038145446263088,1.0185376,0.8165554144474463,0.53805155,0.6072348428075606,0.0045015094742271,0.283771844471883,-0.5650195274190347
0.627451,0.3529412,0.019607844,0.11764706,0.7647059,0.11764706,-0.23828197,0.501627967598393,0.854088,0.504228714287713,1.015598,0.8165103883203312,0.54380137,0.6074556900688123,0.004722356735479,0.2914774044086448,-0.5494762506698253
0.627451,0.3529412,0.019607844,0.11764706,0.78431374,0.09803922,-0.22018497,0.5020613188645912,0.86353624,0.5047217756302199,0.98805255,0.8160884685485118,0.54380125,0.6076238543477742,0.0048905210144409,0.2913313456950542,-0.5265187222169943
0.627451,0.3529412,0.019607844,0.13725491,0.7254902,0.13725491,-0.17981854,0.5030279345178611,0.8444868,0.5037276682846615,1.0004911,0.816278992846679,0.5550531,0.6076781985497339,0.0049448652164005,0.3047599276620848,-0.4753105959374002
0.627451,0.3529412,0.019607844,0.13725491,0.74509805,0.11764706,-0.16953878,0.5032740939542512,0.85278165,0.504160541399067,0.99824184,0.8162445398891597,0.5604949,0.6078930584141592,0.0051597250808259,0.3121150925079308,-0.462269876535709
0.627451,0.3529412,0.019607844,0.13725491,0.7647059,0.09803922,-0.15249862,0.5036821382164396,0.8632907,0.5047089634694163,0.96633655,0.8157558405223073,0.5590429,0.6080489807360544,0.005315647402721,0.3100772624404216,-0.4406530301344292
0.627451,0.3529412,0.019607844,0.15686275,0.7254902,0.11764706,-0.09769226,0.5049945329395179,0.8504219,0.5040373965954216,0.9749838,0.815888292273057,0.5759045,0.6083067406026655,0.0055734072693321,0.3309029976591256,-0.3711266630817957
0.627451,0.3529412,0.019607844,0.15686275,0.74509805,0.09803922,-0.08104372,0.5053931993408449,0.86188716,0.5046357173507944,0.94220763,0.8153862534207577,0.57435036,0.6084717233707989,0.0057383900374656,0.3287715440292933,-0.3500066249844155
0.627451,0.3529412,0.019607844,0.1764706,0.6862745,0.13725491,-0.031391557,0.5065821715274026,0.83488005,0.5032263361153576,0.96257186,0.815698176074951,0.58868676,0.6085022279059037,0.0057688945725703,0.3458322182786097,-0.2870187790228862
0.627451,0.3529412,0.019607844,0.1764706,0.7058824,0.11764706,-0.021710653,0.5068139907563757,0.8461275,0.5038132910937029,0.9483354,0.8154801136959172,0.5909174,0.6087024651819987,0.0059691318486652,0.3489788306443943,-0.2747377567663838
0.627451,0.3529412,0.019607844,0.1764706,0.7254902,0.09803922,-0.00912411,0.50711538847923,0.857961,0.5044308285350297,0.9174697,0.8150073375352577,0.5887689,0.6088511848498391,0.0061178515165057,0.3461664968457249,-0.2587706941597579
0.627451,0.3529412,0.019607844,0.19607843,0.64705884,0.15686275,0.059496548,0.5087585808302919,0.8077655,0.5018113466434729,0.9453198,0.8154339226120277,0.6041939,0.6086679500285975,0.0059346166952641,0.3633768197011551,-0.1717197539745974
0.627451,0.3529412,0.019607844,0.19607843,0.6666667,0.13725491,0.053761985,0.5086212608153029,0.8255885,0.5027414522845653,0.940267,0.8153565287635004,0.6065392,0.6089064139544562,0.0061730806211228,0.3673169617085511,-0.1789945178835872
0.627451,0.3529412,0.019607844,0.19607843,0.6862745,0.11764706,0.05766477,0.5087147170337464,0.8389508,0.5034387710107798,0.9199282,0.8150449950368821,0.6055146,0.6090661610271361,0.0063328276938027,0.3663030618997905,-0.1740435140182169
0.627451,0.3529412,0.019607844,0.19607843,0.7058824,0.09803922,0.06394489,0.5088651009871482,0.85410523,0.5042296132230061,0.8866662,0.8145355145210498,0.6015721,0.6092100762437347,0.0064767429104013,0.361356328330157,-0.1660766655090142
0.627451,0.3529412,0.019607844,0.19607843,0.78431374,0.019607844,0.17515053,0.5115280345250892,1.0364388,0.5137447966428453,-0.050197195,0.8001854024247296,0.3871307,0.6084860778642214,0.005752744530888,0.075787414482256,-0.3532824657517119
0.627451,0.3529412,0.019607844,0.21568628,0.627451,0.15686275,0.16447818,0.5112724742127119,0.78462416,0.5006037032845209,0.9272858,0.8151576927361215,0.6254627,0.6090112900777848,0.0062779567444514,0.3884547537869026,-0.0385419295260519
0.627451,0.3529412,0.019607844,0.21568628,0.6666667,0.11764706,0.14818579,0.5108823360751263,0.8258888,0.502757122997391,0.89381963,0.8146450852791041,0.6226314,0.6094281814505405,0.0066948481172071,0.3865216844172816,-0.0592101681878041
0.627451,0.3529412,0.019607844,0.21568628,0.7647059,0.019607844,0.23422873,0.5129427229180485,1.0327652,0.5135530839167054,-0.08230148,0.7996936550320143,0.39489746,0.6087298206222561,0.0059964872889227,0.0845648652518409,-0.3965559765253865
0.627451,0.3529412,0.019607844,0.21568628,0.78431374,0.0,0.25117785,0.5133485869877114,1.0903646,0.5165589431276464,-0.44478142,0.7941414817727822,0.29892036,0.6080163372960466,0.0052830039627133,-0.0432238489609031,-0.885144290179735
0.627451,0.3529412,0.019607844,0.23529412,0.74509805,0.019607844,0.29288077,0.5143472065113284,1.0260117,0.5132006515137694,-0.102715686,0.7993809668478402,0.40539226,0.6089762749576461,0.0062429416243126,0.0969223317470931,-0.4240723715426377
0.627451,0.3529412,0.019607844,0.23529412,0.7647059,0.0,0.29685116,0.514442281460278,1.0861226,0.5163375748683426,-0.4663705,0.7938107979279657,0.30553445,0.6081968847521955,0.0054635514188621,-0.0356656247789675,-0.9142442938265904
0.627451,0.3529412,0.019607844,0.25490198,0.74509805,0.0,0.33810425,0.5154301291914294,1.0776212,0.5158939238619283,-0.478351,0.7936272903032228,0.31245816,0.6083171144521935,0.0055837811188601,-0.0277231083857534,-0.9303928678587116
0.627451,0.3529412,0.019607844,0.27450982,0.5882353,0.13725491,0.41172105,0.5171929593620218,0.7403682,0.4982941798809272,0.88752943,0.8145487371456293,0.67987293,0.6100119587961927,0.0072786254628594,0.4536994236950322,0.1753089181660612
0.627451,0.3529412,0.019607844,0.29411766,0.5882353,0.11764706,0.44245672,0.5179289566763261,0.7462478,0.4986010123136323,0.8772902,0.8143919007314885,0.6886649,0.610307289907149,0.0075739565738156,0.4649445121246032,0.1838549818079336
0.627451,0.3529412,0.019607844,0.29411766,0.6862745,0.019607844,0.40794456,0.5171025274024574,0.99776465,0.5117265624897437,-0.10490228,0.7993474743405768,0.43360233,0.6093921880775927,0.0066588547442593,0.1309101352184434,-0.4270196944880545
0.627451,0.3529412,0.019607844,0.29411766,0.7058824,0.0,0.3922617,0.5167269854932606,1.0591924,0.514932206181446,-0.47612923,0.7936613214660481,0.32510832,0.6084401710469183,0.0057068377135848,-0.0127525639170039,-0.9273981435084112
0.627451,0.3529412,0.019607844,0.3137255,0.60784316,0.078431375,0.4428342,0.5179379957331282,0.8049496,0.5016643971623257,0.7452653,0.8123696508060816,0.66434973,0.6106573479005118,0.0079240145671784,0.4342261767441248,0.2691780411914253
0.627451,0.3529412,0.019607844,0.3137255,0.64705884,0.039215688,0.43688333,0.5177954960659783,0.9133499,0.507321331641197,0.3229345,0.8059007307446743,0.5577226,0.6103391861506166,0.0076058528172831,0.2944759434563288,0.1496634070521471
0.627451,0.3529412,0.019607844,0.3137255,0.6666667,0.019607844,0.42895144,0.5176055588349767,0.98849756,0.5112429539650766,-0.09349035,0.7995222730917533,0.44131956,0.6094569286306022,0.0067235952972688,0.1404306103593836,-0.4116374967289755
0.627451,0.3529412,0.019607844,0.3137255,0.6862745,0.0,0.40792838,0.5171021398919692,1.0524334,0.514579481391252,-0.47182816,0.7937272017801854,0.3295112,0.6084696076878022,0.0057362743544688,-0.0074700306998229,-0.9216007106682416
0.627451,0.3529412,0.019607844,0.33333334,0.60784316,0.05882353,0.46309865,0.5184232487839127,0.8385145,0.5034160021306918,0.60351604,0.8101984507491492,0.6350431,0.610679233887918,0.0079459005545845,0.3953692801143861,0.3179646945549652
0.627451,0.3529412,0.019607844,0.33333334,0.627451,0.039215688,0.45770544,0.5182941028851885,0.90066653,0.5066594415412397,0.33963048,0.8061564661459165,0.5660008,0.6103700035241149,0.0076366701907815,0.304637213810749,0.1721679872589878
0.627451,0.3529412,0.019607844,0.33333334,0.64705884,0.019607844,0.44554028,0.5180027956223341,0.97738993,0.5106632962261693,-0.0785187,0.7997515965674434,0.44813716,0.6094725628053156,0.0067392294719822,0.148790511770372,-0.3914571520175597
0.627451,0.3529412,0.019607844,0.33333334,0.6666667,0.0,0.42042732,0.5174014400046723,1.0461093,0.5142494570500856,-0.46499,0.7938319433541816,0.33384886,0.6084942801363132,0.0057609468029798,-0.0021763226993104,-0.9123835074905104
0.627451,0.3529412,0.019607844,0.3529412,0.5686275,0.078431375,0.4898855,0.5190646878299182,0.7704723,0.4998651797284532,0.7583508,0.8125700836276598,0.6729029,0.6104999837286771,0.0077666503953437,0.4432973940462457,0.219065259567008
0.627451,0.3529412,0.019607844,0.3529412,0.60784316,0.039215688,0.47410977,0.5186869214820626,0.88657457,0.5059240440404299,0.3621009,0.8065006497033853,0.5742617,0.610370538408626,0.0076372050752926,0.3148423874901406,0.2024559584874812
0.627451,0.3529412,0.019607844,0.3529412,0.627451,0.019607844,0.45837843,0.5183102184686958,0.96505165,0.5100194159371013,-0.05802643,0.800065480578377,0.45513454,0.6094650383280581,0.0067317049947247,0.1574485708846396,-0.3638355248772155
0.627451,0.3529412,0.019607844,0.3529412,0.64705884,0.0,0.4322093,0.5176835719040888,1.0362623,0.5137355833337168,-0.44965065,0.7940668989759071,0.33960697,0.6084953514045709,0.0057620180712375,0.0049269116654326,-0.8917075369033927
0.627451,0.3529412,0.019607844,0.37254903,0.5686275,0.05882353,0.4975894,0.5192491656590142,0.80594486,0.5017163363371494,0.6270507,0.8105589354846796,0.6435283,0.6105081458269478,0.0077748124936144,0.4047482193223902,0.27062467931125
0.627451,0.3529412,0.019607844,0.37254903,0.5882353,0.039215688,0.48951155,0.5190557329834985,0.86981225,0.5050492929061744,0.39439034,0.806995233197519,0.58457136,0.610366753029064,0.0076334196957306,0.3277415427333171,0.2459790446876889
0.627451,0.3529412,0.019607844,0.37254903,0.60784316,0.019607844,0.46925163,0.5185705884071048,0.9498736,0.5092273419657883,-0.0280133,0.8005251973088329,0.463704,0.6094410425605753,0.0067077092272419,0.1681776042018688,-0.3233806954608896
0.627451,0.3529412,0.019607844,0.37254903,0.627451,0.0,0.4401712,0.5178742277779294,1.0237038,0.5130802128475115,-0.42488858,0.7944461841600083,0.34632882,0.6084668749284831,0.0057335415951497,0.0133347395561829,-0.858330641075085
0.627451,0.3529412,0.019607844,0.39215687,0.54901963,0.05882353,0.5127228,0.519611550052795,0.7861227,0.5006819044340144,0.64795,0.8108790539201924,0.6489318,0.6103908361356672,0.0076575028023339,0.4109337626950551,0.2418131198570031
0.627451,0.3529412,0.019607844,0.39215687,0.5686275,0.039215688,0.5025787,0.5193686387821269,0.84881264,0.5039534161318292,0.4337993,0.8075988675101433,0.5950635,0.6103069741413665,0.0075736408080331,0.3407992987100587,0.299098545304609
0.627451,0.3529412,0.019607844,0.39215687,0.5882353,0.019607844,0.47941193,0.518813887188261,0.93298376,0.5083459343556601,0.007612724,0.8010708878035893,0.47333613,0.6094102364491701,0.0066769031158367,0.1802976718126392,-0.2753602202052042
0.627451,0.3529412,0.019607844,0.43137255,0.5294118,0.039215688,0.5322679,0.5200795785121557,0.7983379,0.5013193615349155,0.52013713,0.8089213203234833,0.6169143,0.6101067534568515,0.0073734201235181,0.3676903932557203,0.2595679214118306
0.627451,0.3529412,0.019607844,0.4509804,0.50980395,0.039215688,0.55680186,0.5206670686762721,0.76718044,0.499693392882893,0.5795393,0.8098311944741239,0.6345072,0.6100638853444297,0.0073305520110963,0.3896585211792061,0.2142805589991749
0.627451,0.3529412,0.019607844,0.4509804,0.5294118,0.019607844,0.5253593,0.5199141436478241,0.8625705,0.5046713792647574,0.14918293,0.803239345224973,0.5123709,0.6092749560458515,0.0065416227125181,0.2292194652201705,-0.084537112697989
0.627451,0.3529412,0.019607844,0.4509804,0.54901963,0.0,0.4940195,0.5191636807025883,0.94960624,0.5092133882504776,-0.2691064,0.7968323292410324,0.39150643,0.608403132731366,0.0056697993980327,0.0701979370765847,-0.6483511345217495
0.627451,0.3529412,0.019607844,0.47058824,0.49019608,0.039215688,0.58311045,0.5212970551102802,0.73167723,0.4978406374757861,0.6417657,0.8107843281442318,0.6521844,0.6099740069100994,0.007240673576766,0.4115404957338995,0.1626766086528479
0.627451,0.3529412,0.019607844,0.47058824,0.50980395,0.019607844,0.5492561,0.5204863774597919,0.83296674,0.5031264889772668,0.21391502,0.8042308587885924,0.53204596,0.6092812417418836,0.0065479084085503,0.2540656706071287,0.0027155570937326
0.627451,0.3529412,0.019607844,0.49019608,0.47058824,0.039215688,0.6092393,0.5219227368237269,0.6948899,0.4959208693975569,0.69082934,0.811535844863501,0.66498613,0.609793150361595,0.0070598170282616,0.4268102341337855,0.1092061849771699
0.627451,0.3529412,0.019607844,0.49019608,0.49019608,0.019607844,0.57417727,0.5210831407570273,0.8012715,0.5014724542589827,0.28212035,0.8052755725774775,0.552523,0.6092770558644958,0.0065437225311624,0.27989225378886,0.0946498186036915
0.627451,0.3529412,0.019607844,0.49019608,0.50980395,0.0,0.5435253,0.5203491473643637,0.89161384,0.5061870214949437,-0.13916606,0.7988226496732808,0.431991,0.6084529395108627,0.0057196061775293,0.1214170270738976,-0.4732039879504429
0.627451,0.3529412,0.019607844,0.50980395,0.4509804,0.039215688,0.63334095,0.5224998762472893,0.6572506,0.4939566397931011,0.7416073,0.8123136205849214,0.67739964,0.6095900455417707,0.0068567122084372,0.4415802393524558,0.0544973947135908
0.627451,0.3529412,0.019607844,0.50980395,0.47058824,0.019607844,0.5997402,0.5216952717353914,0.7644788,0.4995524062355065,0.35062563,0.8063248809157099,0.57161486,0.6091908529622025,0.0064575196288692,0.3036552703455621,0.1869883980289495
0.627451,0.3529412,0.019607844,0.50980395,0.49019608,0.0,0.5663673,0.5208961237708097,0.86153483,0.504617331169073,-0.0715114,0.7998589287095018,0.4521303,0.6084574612164615,0.0057241278831281,0.1469000788970742,-0.3820119802189285
0.627451,0.3529412,0.019607844,0.5294118,0.4509804,0.019607844,0.6255575,0.5223134929798812,0.7249449,0.4974893061908216,0.42090818,0.8074014119017636,0.5904702,0.6090680703574888,0.0063347370241554,0.3269962396758095,0.152891138798123
0.627451,0.3529412,0.019607844,0.5294118,0.47058824,0.0,0.5902953,0.5214691040578616,0.8277,0.5028516418442809,-0.0011075847,0.8009373172013292,0.4722959,0.6084193543678239,0.0056860210344905,0.1722578438919861,-0.2871143626400638
0.627451,0.3529412,0.019607844,0.54901963,0.43137255,0.019607844,0.647363,0.522835648732958,0.68724316,0.4955218198899926,0.48913854,0.8084465091403706,0.6079149,0.6089346592544405,0.006201325921107,0.3486064417366286,0.0980916412575372
0.627451,0.3529412,0.019607844,0.9607843,0.039215688,0.0,1.0928307,0.5335028304943491,0.024755113,0.4609494990970005,1.5592246,0.8248372181471358,0.8922701,0.6064298492461618,0.0036965159128284,0.6967927632235117,-0.8648354233271828
0.627451,0.3529412,0.019607844,0.98039216,0.019607844,0.0,1.10757,0.5338557804707192,-0.0066187233,0.4593122373759521,1.5868492,0.8252603494374816,0.89593345,0.6061427890947176,0.0034094557613843,0.7002366161518293,-0.9104373264347602
0.627451,0.37254903,0.0,0.05882353,0.84313726,0.09803922,-0.49689355,0.4954352466968855,0.876732,0.5054104036117669,1.0611126,0.8172075437377063,0.48031703,0.6060177313487863,0.0032843980154529,0.2135415123264701,-0.8775462885032758
0.627451,0.37254903,0.0,0.078431375,0.8039216,0.11764706,-0.46862268,0.4961122218105887,0.87221605,0.5051747363713478,1.068887,0.817326624961841,0.49082676,0.6062045277145925,0.0034711943812591,0.2268012034768913,-0.8416823678297566
0.627451,0.37254903,0.0,0.078431375,0.8235294,0.09803922,-0.4426729,0.4967336159310095,0.87929815,0.5055443200864157,1.0432045,0.8169332420661163,0.4932766,0.6064037260278471,0.0036703926945138,0.2296664639562494,-0.8087629458441279
0.627451,0.37254903,0.0,0.09803922,0.74509805,0.15686275,-0.45676193,0.49639623987984,0.86468685,0.5047818207751952,1.0611795,0.8172085680962493,0.48970148,0.6061288762504281,0.0033955429170948,0.2247057718381566,-0.8266360222562005
0.627451,0.37254903,0.0,0.09803922,0.7647059,0.13725491,-0.4325036,0.4969771302336528,0.8687216,0.5049923769269599,1.0573417,0.8171497834279196,0.49785325,0.6063730968628441,0.0036397635295107,0.2351941618042708,-0.7958623569508473
0.627451,0.37254903,0.0,0.09803922,0.78431374,0.11764706,-0.41004613,0.4975148977352376,0.871949,0.5051608013190535,1.0535692,0.817091999380769,0.50515735,0.6065892328116868,0.0038558994783533,0.2445592418460241,-0.7673731988898793
0.627451,0.37254903,0.0,0.09803922,0.8039216,0.09803922,-0.383684,0.4981461658798107,0.87978303,0.5055696240262403,1.023235,0.8166273642228972,0.50644463,0.606781051376316,0.0040477180429827,0.2458731148955169,-0.7339306834968876
0.627451,0.37254903,0.0,0.11764706,0.7254902,0.15686275,-0.38738376,0.4980575715620642,0.86389834,0.5047406719343913,1.0442697,0.8169495569388108,0.5069281,0.6065826001450888,0.0038492668117554,0.2460634243541996,-0.7386241198130383
0.627451,0.37254903,0.0,0.11764706,0.74509805,0.13725491,-0.36527345,0.4985870257861591,0.8681899,0.5049646281319783,1.041505,0.8169072094818963,0.51480716,0.6068196211333445,0.0040862878000112,0.2562500722752442,-0.7105753719213658
0.627451,0.37254903,0.0,0.11764706,0.7647059,0.11764706,-0.34608823,0.4990464355269821,0.8718535,0.5051558151831544,1.0387044,0.8168643124137137,0.52148986,0.6070221877079501,0.0042888543746167,0.2648794546921329,-0.6862373509690309
0.627451,0.37254903,0.0,0.11764706,0.78431374,0.09803922,-0.32297444,0.4995999189695817,0.8836611,0.5057720026662903,0.99563473,0.8162046063395426,0.5187738,0.607192175991805,0.0044588426584715,0.2610229012426355,-0.6569156139100183
0.627451,0.37254903,0.0,0.13725491,0.7058824,0.15686275,-0.31848478,0.4997074285092245,0.8591658,0.5044937011269995,1.029726,0.8167267890839031,0.52346903,0.6069759729067091,0.0042426395733756,0.2663706876711866,-0.6512201111901269
0.627451,0.37254903,0.0,0.13725491,0.7254902,0.13725491,-0.2980389,0.5001970262448195,0.8655193,0.5048252620565216,1.0257285,0.8166655576411569,0.5310696,0.6072292819808327,0.0044959486474993,0.2762986084847185,-0.6252828293079843
0.627451,0.37254903,0.0,0.13725491,0.74509805,0.11764706,-0.2787492,0.5006589380331041,0.8716828,0.5051469098137976,1.0163711,0.816522229612936,0.53643495,0.6074426924866125,0.0047093591532792,0.2832374380068006,-0.6008122580892244
0.627451,0.37254903,0.0,0.13725491,0.7647059,0.09803922,-0.26098645,0.5010842853879203,0.8895264,0.5060780885783368,0.96544987,0.8157422590983452,0.53132993,0.6076348776882008,0.0049015443548674,0.2765148417348919,-0.5782787506041832
0.627451,0.37254903,0.0,0.15686275,0.6666667,0.1764706,-0.26127204,0.5010774465057686,0.84323555,0.503662372611054,1.0204854,0.816585248661767,0.53414965,0.6071083559261966,0.0043750225928631,0.2786936753775352,-0.5786410521452875
0.627451,0.37254903,0.0,0.15686275,0.7058824,0.13725491,-0.22931765,0.5018426273562591,0.85999304,0.5045368717945872,1.0111785,0.8164426930108432,0.5472846,0.6076073973872299,0.0048740640538964,0.2961433339503812,-0.5381042809000763
0.627451,0.37254903,0.0,0.15686275,0.7254902,0.11764706,-0.21407159,0.502207710050511,0.8739229,0.5052638087279325,0.98552626,0.8160497729937114,0.54845923,0.6078404305907182,0.0051070972573849,0.2978137246194489,-0.5187633974305146
0.627451,0.37254903,0.0,0.15686275,0.74509805,0.09803922,-0.1957668,0.5026460368657399,0.8933813,0.5062792572328193,0.93470764,0.8152713746229806,0.5441074,0.6080655562405134,0.0053322229071799,0.2921488229010628,-0.4955422807125683
0.627451,0.37254903,0.0,0.15686275,0.8039216,0.039215688,-0.09800126,0.5049871336658176,1.0132962,0.5125370879633356,0.3416472,0.8061873566729236,0.41898075,0.6079038594340256,0.0051705261006922,0.1251259394520192,-0.3715186523287531
0.627451,0.37254903,0.0,0.1764706,0.6666667,0.15686275,-0.16591689,0.5033608238684057,0.844095,0.5037072229501235,1.00059,0.8162805065601053,0.5595893,0.6077828511262116,0.0050495177928781,0.3104929733775959,-0.4576752102055886
0.627451,0.37254903,0.0,0.1764706,0.6862745,0.13725491,-0.15863214,0.5035352646049396,0.85655814,0.5043576197424408,0.99148077,0.8161409792490096,0.56313556,0.6080112878654633,0.0052779545321299,0.3155190310995426,-0.4484339122455242
0.627451,0.37254903,0.0,0.1764706,0.7058824,0.11764706,-0.14595117,0.5038389236753993,0.87540233,0.5053410145165479,0.9546604,0.8155769950071007,0.56137055,0.6082523110663494,0.0055189777330159,0.3134678949820996,-0.4323470508612277
0.627451,0.37254903,0.0,0.1764706,0.7254902,0.09803922,-0.13067421,0.504204746065086,0.89478976,0.5063527584126662,0.9068157,0.8148441486373895,0.5569771,0.6084672177050473,0.0057338843717139,0.3078244341429726,-0.4129669807541383
0.627451,0.37254903,0.0,0.1764706,0.78431374,0.039215688,-0.03517605,0.5064915479535361,1.0194353,0.5128574573039838,0.30090195,0.8055632539054378,0.42838708,0.6083040863876525,0.0055707530543192,0.1363597130465773,-0.2918197186711977
0.627451,0.37254903,0.0,0.1764706,0.8039216,0.019607844,0.004821566,0.5074493320652602,1.0782757,0.5159280771820604,-0.068860576,0.7998995319266691,0.3380789,0.6077589803913298,0.0050256470579965,0.015646476876759,-0.3784389185584869
0.627451,0.37254903,0.0,0.1764706,0.8235294,0.0,0.039029147,0.5082684678413405,1.1310339,0.5186812951391068,-0.42526478,0.7944404219149602,0.24826609,0.6071300616318025,0.0043967282984691,-0.1044600392086576,-0.8588377155951821
0.627451,0.37254903,0.0,0.19607843,0.627451,0.1764706,-0.08788063,0.5052294825824071,0.8193442,0.5024155897960708,0.9914946,0.8161411910593322,0.5743194,0.6079287544792701,0.0051954211459367,0.327413123217131,-0.3586798017654973
0.627451,0.37254903,0.0,0.19607843,0.64705884,0.15686275,-0.083259456,0.5053401412692079,0.8353387,0.5032502714339747,0.9857461,0.8160531400474605,0.57927513,0.6082145175835477,0.0054811842502143,0.3345337559518555,-0.3528174675601064
0.627451,0.37254903,0.0,0.19607843,0.6666667,0.13725491,-0.07988374,0.5054209762781873,0.8527792,0.5041604138684544,0.9696938,0.8158072638689506,0.58086306,0.6084628846718642,0.0057295513385307,0.3371988164233779,-0.34853509396764
0.627451,0.37254903,0.0,0.19607843,0.6862745,0.11764706,-0.072771415,0.5055912882082212,0.8755338,0.5053478762856017,0.92240137,0.8150828771304867,0.5750546,0.6086740138747699,0.0059406805414365,0.3299824049307022,-0.3395125266311863
0.627451,0.37254903,0.0,0.19607843,0.7058824,0.09803922,-0.059716243,0.5059039077450732,0.8944954,0.5063373987501151,0.8775491,0.8143958666971843,0.5707761,0.6088790577307909,0.0061457243974575,0.3245376448225789,-0.3229509691326799
0.627451,0.37254903,0.0,0.19607843,0.7647059,0.039215688,0.026144218,0.507959924925529,1.0219502,0.5129887018567753,0.2646825,0.8050084738263197,0.43759236,0.6086523668695413,0.0059190335362079,0.1472346915848632,-0.2140299237785839
0.627451,0.37254903,0.0,0.19607843,0.78431374,0.019607844,0.0651982,0.5088951127110353,1.081035,0.5160720747961033,-0.11055507,0.7992608895674039,0.34522605,0.6080760256915142,0.0053426923581808,0.0237808852842919,-0.434639108785394
0.627451,0.37254903,0.0,0.19607843,0.8039216,0.0,0.09460461,0.5095992795712883,1.1328937,0.5187783490457333,-0.4647167,0.7938361293469798,0.25426054,0.6074045859880004,0.004671252654667,-0.0977841021878117,-0.9120151423356904
0.627451,0.37254903,0.0,0.21568628,0.627451,0.15686275,0.015333031,0.5077010399310575,0.8221652,0.5025628036699513,0.97160196,0.8158364918675204,0.60303336,0.6087001118228431,0.0059667784895097,0.3634870942715298,-0.2277448015006029
0.627451,0.37254903,0.0,0.21568628,0.64705884,0.13725491,0.009515238,0.5075617268775493,0.8453739,0.5037739650075072,0.9462769,0.8154485831730646,0.6003887,0.6089280916860403,0.0061947583527069,0.3608930325906802,-0.2351251500520792
0.627451,0.37254903,0.0,0.21568628,0.6666667,0.11764706,0.010349167,0.5075816961565194,0.86981446,0.5050494079947759,0.89613605,0.8146805662470685,0.5920999,0.609103890132788,0.0063705567994546,0.3505587506798459,-0.2340672431624557
0.627451,0.37254903,0.0,0.21568628,0.74509805,0.039215688,0.085249975,0.5093752731746305,1.0191647,0.5128433356215248,0.23857927,0.8046086457798514,0.44766465,0.6089424181920022,0.0062090848586688,0.1591503685448884,-0.1390494166613963
0.627451,0.37254903,0.0,0.21568628,0.7647059,0.019607844,0.121352226,0.5102397787437892,1.0788951,0.5159604015265787,-0.1434825,0.7987565338114571,0.35225496,0.6083189046939417,0.0055855713606083,0.0316950754545505,-0.4790221488625744
0.627451,0.37254903,0.0,0.21568628,0.78431374,0.0,0.15011528,0.5109285397427826,1.1328312,0.5187750892388573,-0.5033167,0.7932448859382284,0.25987658,0.6076495049732894,0.004916171639956,-0.0916841216387238,-0.9640442499577824
0.627451,0.37254903,0.0,0.23529412,0.60784316,0.15686275,0.12046495,0.510218532036138,0.8020733,0.5015142967418985,0.958491,0.8156356692053915,0.6270098,0.6091228326611428,0.0063894993278093,0.3923179609709515,-0.0943763285312964
0.627451,0.37254903,0.0,0.23529412,0.627451,0.13725491,0.10697866,0.5098955889665356,0.83076394,0.503011534127347,0.9298255,0.8151965937104159,0.62252265,0.6093679056014328,0.0066345722680994,0.3876362920478972,-0.1114847929280531
0.627451,0.37254903,0.0,0.23529412,0.64705884,0.11764706,0.098912865,0.5097024451397677,0.8570054,0.5043809609550337,0.8818554,0.8144618273531682,0.61259127,0.6095150778159898,0.0067817444826565,0.3753865728911165,-0.1217169192523043
0.627451,0.37254903,0.0,0.23529412,0.7254902,0.039215688,0.13988276,0.5106835114373757,1.0146412,0.5126072733472572,0.22373655,0.8043812970702293,0.45942017,0.6092240272849541,0.0064906939516207,0.1733919253265228,-0.069743245241738
0.627451,0.37254903,0.0,0.23529412,0.74509805,0.019607844,0.17285357,0.5114730315861262,1.0751058,0.5157626544251149,-0.16473085,0.7984310689912493,0.3610762,0.6085555850008302,0.0058222516674967,0.0420901414145078,-0.5076628811010228
0.627451,0.37254903,0.0,0.23529412,0.7647059,0.0,0.19817536,0.5120793877304747,1.1305819,0.5186577050862943,-0.5288159,0.7928543095292783,0.26664707,0.6078638007820157,0.0051304674486823,-0.0839080595978004,-0.99841476760775
0.627451,0.37254903,0.0,0.25490198,0.5882353,0.15686275,0.2124085,0.5124202149800253,0.7782007,0.5002684906247771,0.947694,0.815470289166255,0.64610106,0.6093863315903524,0.0066529982570191,0.414779865851995,0.0222616111056334
0.627451,0.37254903,0.0,0.25490198,0.60784316,0.13725491,0.19432403,0.5119871638025202,0.81011564,0.5019339906561765,0.9257147,0.8151336276141655,0.64338475,0.6096849273576207,0.0069515940242873,0.4127201133201025,-0.0006800196326979
0.627451,0.37254903,0.0,0.25490198,0.627451,0.11764706,0.17962797,0.5116352514693358,0.84225774,0.5036113448135343,0.8735729,0.8143349620996774,0.63181955,0.6098605194608492,0.0071271861275158,0.3986512050317434,-0.0193231805789262
0.627451,0.37254903,0.0,0.25490198,0.6862745,0.05882353,0.17177582,0.5114472236017065,0.94795644,0.5091272926450191,0.54859763,0.8093572551826409,0.55610996,0.6099772571431222,0.0072439238097888,0.3005300375757834,-0.0292842801711693
0.627451,0.37254903,0.0,0.25490198,0.7058824,0.039215688,0.1965705,0.5120409578229435,1.0082965,0.5122761727721413,0.21869032,0.8043040029642784,0.4745191,0.6095403778531211,0.0068070445197877,0.192021666231874,0.0021698110953717
0.627451,0.37254903,0.0,0.25490198,0.7254902,0.019607844,0.2208675,0.5126227744909619,1.0706744,0.5155314009880899,-0.17867002,0.7982175600776639,0.3709573,0.6087905785189053,0.0060572451855718,0.0539834545219911,-0.5264515527018965
0.627451,0.37254903,0.0,0.25490198,0.74509805,0.0,0.23845045,0.5130438164115695,1.127443,0.5184938997907759,-0.5442593,0.7926177603087676,0.273878,0.6080518255037043,0.0053184921703709,-0.0753368372208567,-1.019230974046079
0.627451,0.37254903,0.0,0.27450982,0.5686275,0.15686275,0.28965923,0.5142700633782846,0.7569346,0.4991587067926623,0.9369431,0.8153056157701775,0.661179,0.6095781286470415,0.0068447953137081,0.4323123409973088,0.1202605107258871
0.627451,0.37254903,0.0,0.27450982,0.5882353,0.13725491,0.27225804,0.5138533739926081,0.7911493,0.5009442224619464,0.91809773,0.8150169575584015,0.6605017,0.6099381846709853,0.0072048513376519,0.4330638562666158,0.0981856740429655
0.627451,0.37254903,0.0,0.27450982,0.60784316,0.11764706,0.25566864,0.5134561236459518,0.8242729,0.5026727941574912,0.8712778,0.8142998079769521,0.6504064,0.6101429085934651,0.0074095752601317,0.4210609608206948,0.0771406538766036
0.627451,0.37254903,0.0,0.27450982,0.6862745,0.039215688,0.2541967,0.5134208766054139,0.99898344,0.5117901660498584,0.22176023,0.8043510253123866,0.4916468,0.6098540226558863,0.0071206893225529,0.2132566624587454,0.0132901477048399
0.627451,0.37254903,0.0,0.27450982,0.7058824,0.019607844,0.26929066,0.5137823168438063,1.0637089,0.5151679014163898,-0.18318133,0.7981484594705937,0.38327277,0.6090328925769299,0.0062995592435965,0.0690579696591722,-0.53253236961891
0.627451,0.37254903,0.0,0.27450982,0.7254902,0.0,0.27235976,0.51385580967087,1.1216408,0.5181911110116383,-0.5490722,0.792544040273767,0.28164276,0.608196986985425,0.0054636536520917,-0.065971511436334,-1.0257182981805697
0.627451,0.37254903,0.0,0.29411766,0.54901963,0.15686275,0.36120135,0.5159832129915366,0.732518,0.4978845142274967,0.92823595,0.8151722464790215,0.67398506,0.609679991232685,0.0069466578993516,0.4468227128572226,0.1638986877831777
0.627451,0.37254903,0.0,0.29411766,0.5686275,0.13725491,0.34157488,0.5155132369886726,0.77271706,0.4999823243723049,0.9099888,0.8148927518026253,0.6747603,0.6101294377212009,0.0073961043878675,0.4498014386364075,0.1861197703114823
0.627451,0.37254903,0.0,0.29411766,0.5882353,0.11764706,0.32137164,0.5150294497694585,0.80858743,0.5018542404763163,0.87361974,0.8143356796984428,0.6678596,0.6104064566480725,0.0076731233147392,0.4422968099129625,0.1604903105255169
0.627451,0.37254903,0.0,0.29411766,0.6666667,0.039215688,0.3042487,0.5146194229950487,0.98791254,0.5112124243806416,0.23918363,0.8046179028952227,0.5104483,0.610149916756971,0.0074165834236376,0.2368861848684922,0.0367752340056421
0.627451,0.37254903,0.0,0.29411766,0.6862745,0.019607844,0.30302078,0.514590019298668,1.057202,0.514828334052804,-0.17443416,0.798282441596573,0.39526287,0.609233598316015,0.0065002649826816,0.084098625636206,-0.5207420133141539
0.627451,0.37254903,0.0,0.29411766,0.7058824,0.0,0.30243474,0.5145759861380051,1.1168667,0.5179419721838338,-0.5476086,0.7925664583878695,0.2905643,0.6083614722365694,0.0056281389032361,-0.0549094384885992,-1.0237455159828142
0.627451,0.37254903,0.0,0.3137255,0.5294118,0.15686275,0.41225973,0.5172058585371123,0.70456225,0.4964256262303823,0.9243615,0.8151129012437173,0.6803945,0.6095814620037373,0.0068481286704039,0.4531279326824873,0.1232649465590689
0.627451,0.37254903,0.0,0.3137255,0.54901963,0.13725491,0.3963633,0.5168252019176597,0.7520899,0.4989058851296086,0.90344405,0.8147925043506682,0.68396574,0.6101745304659788,0.0074411971326454,0.4600348734555919,0.1923464651398593
0.627451,0.37254903,0.0,0.3137255,0.5686275,0.11764706,0.37896925,0.5164086838073371,0.7892888,0.5008471312292869,0.8758373,0.8143696469529811,0.6813652,0.6105418206632017,0.0078084873298683,0.4582987569616352,0.2335576052065753
0.627451,0.37254903,0.0,0.3137255,0.5882353,0.09803922,0.36460358,0.5160646829682082,0.8235655,0.5026358787109223,0.8179374,0.8134827825245856,0.6687021,0.6107277814012387,0.0079944480679053,0.4428166001960443,0.2153335692613608
0.627451,0.37254903,0.0,0.3137255,0.60784316,0.078431375,0.35279173,0.5157818359941891,0.8704244,0.505081237769358,0.6941088,0.8115860767770797,0.63910824,0.6108163835135423,0.0080830501802089,0.404888620426577,0.2003492644713753
0.627451,0.37254903,0.0,0.3137255,0.627451,0.05882353,0.3457703,0.5156137006884444,0.9170675,0.5075153368078594,0.5491075,0.8093650647753118,0.6039818,0.6108313674238719,0.0080980340905385,0.3593688568660769,0.1914420075492362
0.627451,0.37254903,0.0,0.3137255,0.64705884,0.039215688,0.34285486,0.5155438874269003,0.97670776,0.5106276965222613,0.2583716,0.8049118084338487,0.5259781,0.6103611307943367,0.0076277974610033,0.2564036738483347,0.0626387661373451
0.627451,0.37254903,0.0,0.3137255,0.6666667,0.019607844,0.3354537,0.515366658827158,1.0477502,0.5143350891906352,-0.15917416,0.7985161818196262,0.40800992,0.6094059766124732,0.0066726432791398,0.1000901945165702,-0.500172997168112
0.627451,0.37254903,0.0,0.3137255,0.6862745,0.0,0.32461518,0.5151071195742155,1.1101084,0.5175892847196727,-0.5403101,0.7926782513283602,0.29813784,0.6084582185407496,0.0057248852074161,-0.0455253772051765,-1.0139077962787355
0.627451,0.37254903,0.0,0.33333334,0.5294118,0.13725491,0.4266688,0.5175508984467215,0.7314362,0.4978280586026883,0.8992496,0.8147282573497514,0.6857849,0.6100357381330538,0.0073024047997204,0.4609585765192432,0.1623262550442379
0.627451,0.37254903,0.0,0.33333334,0.54901963,0.11764706,0.40968746,0.5171442629243189,0.7719473,0.4999421553398654,0.8754154,0.8143631839992147,0.6856834,0.6104832007544664,0.007749867421133,0.4626967408883286,0.2212092261229609
0.627451,0.37254903,0.0,0.33333334,0.5882353,0.078431375,0.38416475,0.5165330953698205,0.85431933,0.5042407861488635,0.7063813,0.8117740575254246,0.6482885,0.6108493130147029,0.0081159796813695,0.4158662032618561,0.2401485216486396
0.627451,0.37254903,0.0,0.33333334,0.60784316,0.05882353,0.37985605,0.5164299190966314,0.9015829,0.50670726241043,0.55811375,0.8095030153776698,0.6131842,0.6108800656282437,0.0081467322949103,0.3703265990470041,0.2346825811699674
0.627451,0.37254903,0.0,0.33333334,0.627451,0.039215688,0.37373292,0.5162832945480418,0.96306825,0.5099159108477832,0.27805004,0.8052132268480988,0.53828377,0.6104708107479745,0.0077374774146412,0.2716940016681039,0.0891634273549975
0.627451,0.37254903,0.0,0.33333334,0.64705884,0.019607844,0.36559057,0.5160883175397517,1.0369778,0.513772921808659,-0.14348704,0.7987564644253169,0.4196938,0.6095392345912426,0.0068059012579091,0.1146628818916767,-0.4790282548062531
0.627451,0.37254903,0.0,0.33333334,0.6666667,0.0,0.3491295,0.5156941401584033,1.100609,0.5170935514553084,-0.5279781,0.792867142313307,0.30725345,0.6085516113090063,0.0058182779756729,-0.0342209440597526,-0.9972854893926526
0.627451,0.37254903,0.0,0.3529412,0.5294118,0.11764706,0.4334082,0.5177122805079916,0.752697,0.4989375656000589,0.8707296,0.8142914113410163,0.68561167,0.6103137524830222,0.0075804191496889,0.4612951985092575,0.1932288468173305
0.627451,0.37254903,0.0,0.3529412,0.5686275,0.078431375,0.40635234,0.5170644000813848,0.8390965,0.5034463730794868,0.7192915,0.8119718052859735,0.6549134,0.6108275261489483,0.008094192815615,0.4236735548058505,0.2682953022958261
0.627451,0.37254903,0.0,0.3529412,0.5882353,0.05882353,0.40169293,0.5169528256066761,0.8873903,0.5059666143809879,0.57060367,0.8096943257477671,0.61989564,0.6108712552451437,0.0081379219118103,0.3782959829184387,0.2623844526513656
0.627451,0.37254903,0.0,0.3529412,0.60784316,0.039215688,0.39467877,0.5167848644308745,0.9475943,0.509108393230345,0.30360413,0.8056046436510229,0.5486257,0.6104993004374141,0.0077659671040807,0.2845355281263086,0.1236078992307024
0.627451,0.37254903,0.0,0.3529412,0.627451,0.019607844,0.38179433,0.5164763332902436,1.02634,0.5132177841628848,-0.12295152,0.7990710107429353,0.4283943,0.6095883760653545,0.0068550427320211,0.125587453883289,-0.451348345027534
0.627451,0.37254903,0.0,0.3529412,0.64705884,0.0,0.36049044,0.5159661896486536,1.0927663,0.5166842777252237,-0.51229525,0.7931073598694911,0.31365383,0.6085859424144561,0.0058526090811228,-0.0261702796463022,-0.9761464713530058
0.627451,0.37254903,0.0,0.37254903,0.54901963,0.078431375,0.42785028,0.5175791902805965,0.8219556,0.5025518671423025,0.7365311,0.8122358670240357,0.6621123,0.6107889748156449,0.0080556414823115,0.4322051961358149,0.2938963373059095
0.627451,0.37254903,0.0,0.37254903,0.5686275,0.05882353,0.42268234,0.517455438841873,0.87173355,0.505149556851633,0.5863851,0.8099360524524999,0.62693363,0.6108470160486686,0.0081136827153352,0.3866764803812954,0.2890112530044194
0.627451,0.37254903,0.0,0.37254903,0.5882353,0.039215688,0.41087383,0.5171726717963524,0.93154305,0.5082707503938285,0.33340222,0.8060610665940158,0.5586064,0.6105014962613989,0.0077681629280655,0.2969952802668205,0.1637728770903596
0.627451,0.37254903,0.0,0.37254903,0.60784316,0.019607844,0.3969506,0.5168392657651568,1.0118482,0.5124615214096665,-0.096680775,0.7994734047071265,0.43737268,0.6095913972939832,0.0068580639606499,0.1367786495604127,-0.4159378887594518
0.627451,0.37254903,0.0,0.37254903,0.627451,0.0,0.3695705,0.5161836208558399,1.0839962,0.5162266045724383,-0.493245,0.7933991559781585,0.32010722,0.6086031271354789,0.0058697938021455,-0.0180205016024914,-0.9504685679432684
0.627451,0.37254903,0.0,0.39215687,0.5294118,0.078431375,0.44928855,0.5180925517578979,0.80096537,0.5014564787168881,0.7525161,0.8124807124531739,0.66758996,0.6106765809759866,0.0079432476426533,0.4382829033821878,0.2633869836706707
0.627451,0.37254903,0.0,0.39215687,0.5686275,0.039215688,0.4283929,0.5175921836571318,0.91401106,0.5073558333376363,0.36623263,0.8065639362540462,0.5695455,0.6105039844162714,0.0077706510829381,0.3106599001270995,0.2080251415119834
0.627451,0.37254903,0.0,0.39215687,0.5882353,0.019607844,0.41087312,0.517172654668817,0.99650776,0.5116609713183754,-0.06491789,0.7999599227471973,0.44748762,0.6095978495781299,0.0068645162447965,0.1495045911524914,-0.373124558255875
0.627451,0.37254903,0.0,0.39215687,0.60784316,0.0,0.38001823,0.5164338027652811,1.0724833,0.5156257985253728,-0.47024798,0.7937514056744217,0.32741785,0.6086036689883586,0.0058703356550251,-0.0088479590954382,-0.9194707807621246
0.627451,0.37254903,0.0,0.4117647,0.50980395,0.078431375,0.47643,0.518742481779573,0.7762903,0.5001687959013207,0.7730894,0.8127958378255213,0.6752699,0.6105690385021384,0.007835705168805,0.4470484984592454,0.2275217421922362
0.627451,0.37254903,0.0,0.4117647,0.5294118,0.05882353,0.46441072,0.5184546678202909,0.8371199,0.5033432225874815,0.6237274,0.810508031621112,0.64175266,0.6107686406762948,0.0080353073429614,0.4043293918728836,0.3159375991706283
0.627451,0.37254903,0.0,0.4117647,0.54901963,0.039215688,0.4479838,0.5180613082787574,0.89715284,0.5064760774044653,0.39888716,0.807064111723292,0.58134127,0.6105338324688382,0.0078004991355048,0.3254480402043639,0.2520403185678686
0.627451,0.37254903,0.0,0.4117647,0.5686275,0.019607844,0.42688948,0.5175561830050367,0.98177487,0.5108921265815566,-0.030639362,0.8004849734329977,0.45934165,0.609644427673197,0.0069110943398636,0.1645405827047925,-0.3269203752845065
0.627451,0.37254903,0.0,0.4117647,0.5882353,0.0,0.39619243,0.5168211105776435,1.0587972,0.5149115835482515,-0.43813977,0.794243213266461,0.33894995,0.6086586357974519,0.0059253024641186,0.0057868415602064,-0.8761919724797435
0.627451,0.37254903,0.0,0.43137255,0.49019608,0.078431375,0.5098812,0.5195435052092799,0.74515086,0.4985437666211269,0.7990714,0.8131938084232768,0.68470114,0.6104270267512278,0.0076936934178945,0.4577803642423291,0.1822605436741899
0.627451,0.37254903,0.0,0.43137255,0.50980395,0.05882353,0.49412853,0.5191662912244407,0.81068003,0.5019634440066619,0.65102166,0.8109261032010787,0.65194345,0.6106852794773938,0.0079519461440604,0.4163491281511649,0.2775072563955255
0.627451,0.37254903,0.0,0.43137255,0.5294118,0.039215688,0.47312486,0.5186633368658307,0.8757308,0.5053581564971715,0.44354177,0.8077480947297417,0.5974658,0.6105898626975813,0.0078565293642479,0.3457636076111627,0.3122304617940101
0.627451,0.37254903,0.0,0.43137255,0.54901963,0.019607844,0.44550708,0.5180020006192331,0.9632172,0.5099236839941411,0.011627961,0.8011323899435796,0.47345075,0.6096860248523179,0.0069526915189845,0.1824128081731725,-0.2699480643770247
0.627451,0.37254903,0.0,0.43137255,0.5686275,0.0,0.41325858,0.5172297771402844,1.0432665,0.5141011047322007,-0.4014724,0.7948048543566759,0.35168424,0.608711912076387,0.0059785787430536,0.0219535204554712,-0.8267678532502464
0.627451,0.37254903,0.0,0.4509804,0.47058824,0.078431375,0.5455056,0.52039656780068,0.7130954,0.4968709351347593,0.8238602,0.8135735039898782,0.6941537,0.6102803356417724,0.0075470023084391,0.4684513160125305,0.1356679321350936
0.627451,0.37254903,0.0,0.4509804,0.49019608,0.05882353,0.52368915,0.5198741508526885,0.7829137,0.5005144411872687,0.6860762,0.8114630405429555,0.66422635,0.6106172108609709,0.0078838775276375,0.4311464179776884,0.2371488425127032
0.627451,0.37254903,0.0,0.4509804,0.50980395,0.039215688,0.49740916,0.519244849520096,0.8488494,0.5039553353120224,0.5003562,0.808618332047812,0.6155383,0.6106061722933102,0.0078728389599767,0.3685352473053389,0.3329864953834788
0.627451,0.37254903,0.0,0.4509804,0.5294118,0.019607844,0.46738082,0.5185257899109977,0.93984634,0.5087040620891209,0.06992285,0.802025303690766,0.49238333,0.6097517185636282,0.0070183852302948,0.2065311429667728,-0.1913721263421026
0.627451,0.37254903,0.0,0.4509804,0.54901963,0.0,0.4357588,0.5177685680121087,1.0220636,0.5129946180329948,-0.3496433,0.7955987304015415,0.36939302,0.608787305482215,0.0060539721488816,0.0444820459964469,-0.756907180698917
0.627451,0.37254903,0.0,0.47058824,0.4509804,0.078431375,0.57437485,0.5210878722386788,0.6714173,0.4946959378643522,0.8599277,0.8141259564378864,0.7019066,0.6099699221803058,0.0072365888469724,0.4766711023505078,0.0750887263128056
0.627451,0.37254903,0.0,0.47058824,0.47058824,0.05882353,0.54894143,0.5204788427715149,0.752062,0.4989044294143243,0.73022217,0.812139232216245,0.6770752,0.6105075014673614,0.007774168134028,0.446711811782931,0.1923059197667561
0.627451,0.37254903,0.0,0.47058824,0.49019608,0.039215688,0.52053005,0.5197985028107549,0.81931627,0.5024141309702838,0.5606629,0.8095420615150731,0.63350314,0.6105848984320373,0.0078515650987039,0.3910992404354534,0.2900600345999593
0.627451,0.37254903,0.0,0.47058824,0.50980395,0.019607844,0.4896453,0.5190589358326164,0.91393924,0.5073520851818295,0.13388158,0.8030049716251468,0.51248866,0.6098053308798642,0.0070719975465309,0.232130672011836,-0.105161865665441
0.627451,0.37254903,0.0,0.47058824,0.5294118,0.0,0.45934087,0.5183332649948577,0.99778193,0.5117274645355395,-0.28541315,0.7965825555699914,0.3905699,0.6088810950334628,0.0061477617001295,0.0715481929807377,-0.6703310856204098
0.627451,0.37254903,0.0,0.49019608,0.4509804,0.05882353,0.5738497,0.5210752963458187,0.7162817,0.4970372132799593,0.77384067,0.8128073449690827,0.68799067,0.6103066181982869,0.0075732848649535,0.4595068133108843,0.1402992013871877
0.627451,0.37254903,0.0,0.49019608,0.47058824,0.039215688,0.5449193,0.5203825289308387,0.78733605,0.5007452249383794,0.6158857,0.81038791873463,0.6493804,0.6105052242012827,0.0077718908679493,0.4107297400121199,0.2435767569515816
0.627451,0.37254903,0.0,0.49019608,0.49019608,0.019607844,0.5114226,0.5195804150480453,0.8856874,0.5058777473175843,0.19738154,0.8039776123868847,0.5314972,0.6098119249175048,0.0070785915841714,0.2561820293361239,-0.019569992468978
0.627451,0.37254903,0.0,0.49019608,0.50980395,0.0,0.48400843,0.5189239551535028,0.9706347,0.510310770508151,-0.2182671,0.7976110441860277,0.41212535,0.6089485899492271,0.0062152566158938,0.0989951095925638,-0.5798246307495497
0.627451,0.37254903,0.0,0.50980395,0.4509804,0.039215688,0.5710036,0.5210071444552075,0.7505634,0.4988262220438252,0.6657816,0.8111521842441795,0.66244954,0.610328516914404,0.0075951835810707,0.4263617170524873,0.1901276455874082
0.627451,0.37254903,0.0,0.50980395,0.47058824,0.019607844,0.536894,0.5201903551291741,0.8513173,0.5040841225676459,0.2662466,0.8050324312171633,0.55148596,0.6097689696379944,0.007035636304661,0.2812417337431671,0.0732535073452092
0.627451,0.37254903,0.0,0.50980395,0.49019608,0.0,0.5065376,0.5194634396905103,0.94340485,0.5088897653239589,-0.15256326,0.7986174422179323,0.43245974,0.6089902157441339,0.0062568824108005,0.1248497787820538,-0.4912621356120442
0.627451,0.37254903,0.0,0.5294118,0.43137255,0.039215688,0.595276,0.5215883716505496,0.7133783,0.4968856975807835,0.71354926,0.8118838501365323,0.6740678,0.6101193064559552,0.0073859731226218,0.44007144381106,0.1360791038033585
0.627451,0.37254903,0.0,0.5294118,0.4509804,0.019607844,0.5624091,0.5208013399899617,0.81569654,0.5022252332491274,0.3349207,0.8060843255585801,0.57100874,0.6097036329325564,0.006970299599223,0.3056281752490615,0.1658196536845415
0.627451,0.37254903,0.0,0.5294118,0.47058824,0.0,0.53107065,0.5200509084452075,0.91148335,0.5072239231372576,-0.08354318,0.7996746356975605,0.45300362,0.6089831557600086,0.0062498224266751,0.1507686765616976,-0.3982296679095957
0.627451,0.37254903,0.0,0.54901963,0.4117647,0.039215688,0.6190077,0.5221566518564316,0.6701752,0.4946311180976645,0.76654476,0.8126955921995153,0.6852426,0.6098277873845371,0.0070944540512037,0.4529856841075266,0.0732833309493473
0.627451,0.37254903,0.0,0.54901963,0.43137255,0.019607844,0.5871236,0.5213931534294695,0.7778548,0.5002504403773521,0.40500116,0.8071577611011045,0.5899932,0.6096004516359753,0.006867118302642,0.3292318722769694,0.2297957485025223
0.627451,0.37254903,0.0,0.54901963,0.4509804,0.0,0.5542367,0.5206056436251852,0.87827724,0.505491043395412,-0.015148412,0.80072225120798,0.47245517,0.6089396460761924,0.006206312742859,0.1752061943254796,-0.3060400564375614
0.627451,0.37254903,0.0,0.5686275,0.39215687,0.039215688,0.6521013,0.5229491115184434,0.61945003,0.4919839962787222,0.8290214,0.8136525585408919,0.70019096,0.6095285554460191,0.0067952221126858,0.4704741409025185,-0.0004457443411085
0.627451,0.37254903,0.0,0.5686275,0.4117647,0.019607844,0.6149586,0.5220596914512943,0.7363537,0.4980846813000956,0.48209578,0.8083386337778729,0.611136,0.6094943355097543,0.0067610021764208,0.3555336292271923,0.1694738498556988
0.627451,0.37254903,0.0,0.5686275,0.43137255,0.0,0.57907885,0.5212005143297601,0.8446788,0.5037376903245036,0.056100417,0.8018135828968143,0.493286,0.6089172625170259,0.0061839291836926,0.2014447170047355,-0.2100034443598571
0.627451,0.37254903,0.0,0.5882353,0.37254903,0.039215688,0.6897653,0.5238510147043025,0.5703384,0.4894210788795698,0.89502716,0.8146635812503361,0.71837693,0.6093118916114029,0.0065785582780694,0.4922626636794724,-0.0718295123766972
0.627451,0.37254903,0.0,0.5882353,0.39215687,0.019607844,0.6514333,0.5229331158276838,0.68680763,0.4954990914464403,0.57435316,0.8097517573863636,0.63753134,0.6093946548868292,0.0066613215534958,0.3884036410935081,0.0974585962975684
0.627451,0.37254903,0.0,0.5882353,0.4117647,0.0,0.6112261,0.5219703128351565,0.8086491,0.5018574598466566,0.13982494,0.8030960071540213,0.5199,0.6089745932786115,0.0062412599452781,0.2351996688880475,-0.0971507872176555
0.627451,0.37254903,0.0,0.60784316,0.37254903,0.019607844,0.68663627,0.5237760874461499,0.6378847,0.4929460187884735,0.6656993,0.8111509234249745,0.6634068,0.6092910098865326,0.0065576765531992,0.4206283664980527,0.0263490293429023
0.627451,0.37254903,0.0,0.60784316,0.39215687,0.0,0.6484253,0.5228610859776013,0.7605565,0.4993477196024202,0.23593974,0.8045682155715468,0.5483072,0.6089256737171894,0.006192340383856,0.2708133864976453,0.0324027757714798
0.627451,0.37254903,0.0,0.627451,0.3529412,0.019607844,0.72163993,0.5246142861914207,0.5892678,0.4904089185620985,0.7530536,0.81248894566649,0.6879871,0.6091707168066698,0.0064373834733363,0.4511235585148621,-0.0443156647679919
0.627451,0.37254903,0.0,0.627451,0.37254903,0.0,0.6840156,0.5237133321564811,0.712552,0.4968425766812398,0.328825,0.8059909564642549,0.5751309,0.6088489551006586,0.0061156217673252,0.3043384037569294,0.1348780770782939
0.627451,0.37254903,0.0,0.64705884,0.3529412,0.0,0.72045934,0.524586015766965,0.66411525,0.494314876394158,0.422069,0.807419192556669,0.6022146,0.6087733615725973,0.0060400282392639,0.3381760885959375,0.0644751951843183
0.627451,0.37254903,0.0,0.6666667,0.33333334,0.0,0.75267,0.5253573329138326,0.61664313,0.4918375164834893,0.5177357,0.8088845374524152,0.6290163,0.6086931289499123,0.005959795616579,0.3717796400689689,-0.004525579191916
0.627451,0.37254903,0.0,0.6862745,0.3137255,0.0,0.7789464,0.5259865486087482,0.57112104,0.489461919780602,0.6185208,0.8104282813827455,0.65619606,0.6086255832573652,0.0058922499240318,0.4061183145524994,-0.0706919894090784
0.627451,0.37254903,0.0,0.8039216,0.1764706,0.019607844,0.99581534,0.5311796986947772,0.2451106,0.4724488772719725,1.3383256,0.8214536669301875,0.8597505,0.6083607476323124,0.005627414298979,0.6632808659761836,-0.5445484938821723
0.627451,0.37254903,0.0,0.8039216,0.19607843,0.0,0.95459163,0.5301925546198715,0.34614107,0.4777212105285265,1.1880635,0.8191520738823221,0.8295987,0.6090219463435734,0.00628861301024,0.62728528721543,-0.3977006031477118
0.627451,0.37254903,0.0,0.8235294,0.15686275,0.019607844,1.0195094,0.5317470782777566,0.21074867,0.4706556802161614,1.376026,0.8220311312557749,0.86876136,0.6081446299165643,0.0054112965832309,0.6735906545725364,-0.5944935926654772
0.627451,0.37254903,0.0,0.8235294,0.1764706,0.0,0.9799427,0.5307996115658763,0.3092816,0.4757976771867254,1.2456664,0.8200343880406835,0.84496355,0.6088772255977617,0.0061438922644283,0.646027877046835,-0.4512758989903587
0.627451,0.37254903,0.0,0.84313726,0.15686275,0.0,1.0047039,0.5313925440043629,0.27240273,0.4738731329315323,1.2998505,0.8208643357486806,0.8589857,0.6087100042281919,0.0059766708948585,0.6629755846953556,-0.5048793513421052
0.627451,0.37254903,0.0,0.8627451,0.13725491,0.0,1.0256646,0.5318944692835549,0.23599872,0.4719733684964514,1.3515306,0.8216559293547249,0.87106466,0.6085079223782438,0.0057745890449103,0.6774212188635155,-0.557792622679264
0.627451,0.37254903,0.0,0.88235295,0.019607844,0.09803922,1.3306267,0.5391971022927015,-0.3886782,0.4393742437208883,1.171839,0.8189035601175104,0.70459586,0.5991583020437,-0.0035750312896332,0.4229858736748611,-1.4657611595941185
0.627451,0.37254903,0.0,0.88235295,0.11764706,0.0,1.0482037,0.5324341921787633,0.19727826,0.4699527190379688,1.3974679,0.8223595595945482,0.8809833,0.6082488236037601,0.0055154902704267,0.6888317558930778,-0.6140728493745379
0.627451,0.37254903,0.0,0.9019608,0.019607844,0.078431375,1.2836869,0.538073079236843,-0.27723697,0.445189868273515,1.2949518,0.8207893019418944,0.7671339,0.6013507498174174,-0.0013825835159158,0.512444928797085,-1.303781224468595
0.627451,0.37254903,0.0,0.9019608,0.05882353,0.039215688,1.161171,0.5351393094090752,-0.046770908,0.4572168724751138,1.486625,0.823725195693899,0.8670084,0.605360459192696,0.0026271258593626,0.658417680235288,-0.9687985682292958
0.627451,0.37254903,0.0,0.9019608,0.09803922,0.0,1.0702608,0.5329623711151189,0.15990573,0.4680024120437964,1.4374987,0.8229727194373493,0.88922167,0.6079791675320881,0.0052458341987548,0.698037729031212,-0.6683938595312579
0.627451,0.37254903,0.0,0.92156863,0.0,0.078431375,1.3066175,0.5386221766030882,-0.3135739,0.4432936047092728,1.2895739,0.8207069278118589,0.76087254,0.60087423637474,-0.0018590969585933,0.5021198401359359,-1.3565969876488568
0.627451,0.37254903,0.0,0.92156863,0.019607844,0.05882353,1.2392105,0.5370080462674568,-0.1897125,0.4497573833817382,1.4138298,0.8226101786809287,0.8211093,0.6031252027767079,0.0003918694433745,0.5894553124448926,-1.1765643117845257
0.627451,0.37254903,0.0,0.92156863,0.039215688,0.039215688,1.1816034,0.5356285860033817,-0.08252469,0.4553510409032829,1.5050918,0.8240080555980933,0.86805683,0.6049958941682526,0.0022625608349193,0.6580322256405161,-1.0207667230208253
0.627451,0.37254903,0.0,0.92156863,0.05882353,0.019607844,1.1276765,0.5343372497634772,0.02388443,0.4609040620393509,1.5348722,0.8244642073873543,0.8954777,0.6065685063967274,0.0038351730633941,0.7001642659243402,-0.8661009609463642
0.627451,0.37254903,0.0,0.92156863,0.078431375,0.0,1.087982,0.5333867257865298,0.12370413,0.4661132104872222,1.4754276,0.823553684111113,0.89570457,0.6076845401282883,0.0049512067949549,0.7050332071787971,-0.7210129278366076
0.627451,0.37254903,0.0,0.9411765,0.0,0.05882353,1.2611157,0.5375325884571313,-0.22726265,0.4477978070893879,1.4094961,0.8225437980562017,0.8144497,0.602624731200907,-0.0001086021324263,0.578577939387625,-1.2311434954708345
0.627451,0.37254903,0.0,0.9411765,0.019607844,0.039215688,1.2012148,0.5360982001870606,-0.11849178,0.453474077619756,1.5162816,0.8241794521459628,0.8663349,0.6045839099842598,0.0018505766509264,0.6539266333904009,-1.073044924295245
0.627451,0.37254903,0.0,0.9411765,0.039215688,0.019607844,1.1471651,0.5348039237202474,-0.013889544,0.458932805420383,1.5572056,0.8248062920140831,0.89682704,0.6061810070515712,0.0034476737182378,0.7001381363325798,-0.9210054714364636
0.627451,0.37254903,0.0,0.9411765,0.05882353,0.0,1.1061231,0.5338211314666254,0.08521776,0.4641047771394549,1.5124148,0.8241202237715262,0.90125185,0.6073487107925355,0.0046153774592021,0.710676074418623,-0.7769529047782668
0.627451,0.37254903,0.0,0.9607843,0.0,0.039215688,1.2207174,0.5365652109853601,-0.15453655,0.4515930605735276,1.5128433,0.8241267862396251,0.85967475,0.6040950192661709,0.0013616859328376,0.6431649731340839,-1.1254360331711546
0.627451,0.37254903,0.0,0.9607843,0.019607844,0.019607844,1.1648352,0.5352270537728779,-0.050095096,0.457043397793002,1.5768682,0.8251074680333303,0.8972028,0.6057926398664034,0.00305930653307,0.6989029912569923,-0.9736302793378993
0.627451,0.37254903,0.0,0.9607843,0.039215688,0.0,1.1218491,0.5341977060234767,0.048288025,0.4621775776813567,1.5474087,0.8246562317043149,0.90584856,0.6070105051363828,0.0042771718030494,0.7151563054394051,-0.8306303112841065
0.627451,0.37254903,0.0,0.98039216,0.0,0.019607844,1.1839266,0.5356842162383283,-0.08932608,0.4549961061008891,1.590749,0.825320083600361,0.8951165,0.6053334686465262,0.0026001353131928,0.6942052394530694,-1.0306525600010632
0.627451,0.37254903,0.0,0.98039216,0.019607844,0.0,1.136823,0.5345562738314548,0.012985699,0.4603353054461238,1.5770544,0.8251103201688814,0.9089544,0.6066672998154866,0.0039339664821533,0.7177040800432829,-0.8819422786310719
0.627451,0.37254903,0.0,1.0,0.0,0.0,1.1543844,0.5349767976441168,-0.025601037,0.458321634400548,1.6002848,0.8254661450773143,0.9096894,0.6062548590406597,0.0035215257073263,0.7168722519972278,-0.9380281387781454
0.64705884,0.29411766,0.05882353,0.3137255,0.6862745,0.0,0.6217288,0.5222218107102334,0.81954336,0.5024259819857394,-0.2170758,0.7976292915996721,0.40806544,0.6074256947652149,0.0046923614318816,0.0845630819346068,-0.5782188679887681
0.64705884,0.29411766,0.05882353,0.33333334,0.6666667,0.0,0.6292382,0.5224016312769979,0.8100515,0.5019306437552237,-0.20764323,0.7977737720312539,0.4105488,0.6073686823544918,0.0046353490211584,0.087377773873272,-0.5655046663371514
0.64705884,0.29411766,0.05882353,0.3529412,0.64705884,0.0,0.6349186,0.5225376538811811,0.7969418,0.5012465073396394,-0.19427897,0.797978474839379,0.41252717,0.6072542120200665,0.0045208786867331,0.0894327175803869,-0.547490927364604
0.64705884,0.3137255,0.039215688,0.15686275,0.7254902,0.11764706,0.079492874,0.5092374134638649,0.7638892,0.4995216371423602,0.9745714,0.8158819753953753,0.6059845,0.6082136753338668,0.0054803420005334,0.3637172054082019,-0.1463527718821329
0.64705884,0.3137255,0.039215688,0.27450982,0.7058824,0.019607844,0.5392078,0.520245761278866,0.8775322,0.5054521621111087,0.0132996775,0.8011579959399838,0.4766799,0.6089519731099862,0.0062186397766528,0.1812718534797984,-0.2676947502208472
0.64705884,0.3137255,0.039215688,0.27450982,0.7254902,0.0,0.524399,0.5198911485042684,0.9414977,0.5087902385676507,-0.3373698,0.7957867257574948,0.3761756,0.6081560376098046,0.0054227042764712,0.048444773267531,-0.7403636886911121
0.64705884,0.3137255,0.039215688,0.29411766,0.6862745,0.019607844,0.5524399,0.520562617828991,0.86446625,0.5047703088045387,0.024215791,0.8013252001042264,0.48037398,0.6088860422459187,0.0061527089125853,0.1854413701077838,-0.2529808720998055
0.64705884,0.3137255,0.039215688,0.29411766,0.7058824,0.0,0.5379672,0.5202160535687321,0.9314366,0.5082651950359273,-0.3349619,0.7958236081428955,0.37814727,0.6081016189158516,0.0053682855825183,0.0503895189794624,-0.7371180582604417
0.64705884,0.3137255,0.039215688,0.3137255,0.64705884,0.039215688,0.56678426,0.5209061076966475,0.7760726,0.5001574363452986,0.41686186,0.8073394336450351,0.58657295,0.6094676592289937,0.0067343258956604,0.3250967402455504,0.2272053496653707
0.64705884,0.3137255,0.039215688,0.3137255,0.6862745,0.0,0.54743755,0.5204428307010629,0.9196215,0.5076486187399484,-0.32589543,0.7959624808505373,0.3803879,0.6080179767638496,0.0052846434305161,0.0527433241110267,-0.7248973333530385
0.64705884,0.3137255,0.039215688,0.33333334,0.627451,0.039215688,0.5814646,0.5212576432240533,0.7594327,0.4992890710731771,0.44117165,0.807711791170826,0.594023,0.6094195018226854,0.0066861684893521,0.3341648346318208,0.2030191682551618
0.64705884,0.3137255,0.039215688,0.33333334,0.6666667,0.0,0.5553628,0.5206326095023621,0.90785456,0.5070345526196841,-0.3140877,0.7961433422157109,0.3830432,0.6079368347792523,0.005203501445919,0.0556987439943901,-0.7089816287650282
0.64705884,0.3137255,0.039215688,0.3529412,0.627451,0.019607844,0.58281827,0.5212900585120734,0.82218766,0.5025639763294859,0.07721807,0.8021370459611148,0.49407467,0.6086636936008915,0.005930360267558,0.2016171889516273,-0.1815388655837393
0.64705884,0.3137255,0.039215688,0.3529412,0.64705884,0.0,0.56103164,0.5207683552113899,0.8960647,0.506419292066366,-0.29762274,0.7963955389238047,0.3864912,0.6078610620671868,0.0051277287338535,0.0597814000519114,-0.6867884516857997
0.64705884,0.3137255,0.039215688,0.37254903,0.5882353,0.039215688,0.6079405,0.521891636074048,0.7179471,0.4971241238371368,0.5036128,0.8086682142917632,0.6098335,0.6092279914009827,0.0064946580676493,0.3533156026042129,0.1427198814510289
0.64705884,0.3137255,0.039215688,0.39215687,0.5882353,0.019607844,0.6057587,0.5218393913819303,0.78337145,0.5005383298483447,0.14921151,0.8032397829967389,0.51278055,0.6085391680756712,0.0058058347423379,0.2248580967567948,-0.084498589013856
0.64705884,0.33333334,0.019607844,0.11764706,0.74509805,0.13725491,-0.20620146,0.502396168247467,0.811181,0.5019895877822275,1.0544089,0.8171048613800147,0.5531295,0.6071635391365697,0.0044302058032363,0.3016923035224276,-0.5087795004022582
0.64705884,0.33333334,0.019607844,0.11764706,0.7647059,0.11764706,-0.19507973,0.5026624896476003,0.82034093,0.5024676036229604,1.0508012,0.817049600797225,0.55868745,0.6073932313559286,0.0046598980225952,0.3092122665045163,-0.4946706663037745
0.64705884,0.33333334,0.019607844,0.13725491,0.7254902,0.13725491,-0.1341195,0.5041222452248781,0.8079718,0.5018221120934708,1.0372132,0.8168414715919414,0.5703552,0.6075952763034301,0.0048619429700967,0.3228920067530354,-0.4173376046202494
0.64705884,0.33333334,0.019607844,0.13725491,0.74509805,0.11764706,-0.12531008,0.5043331958008612,0.8169029,0.5022881867141685,1.0336645,0.816787114854925,0.57508576,0.6078028324566516,0.0050694991233182,0.3293498297300532,-0.4061621351385049
0.64705884,0.33333334,0.019607844,0.13725491,0.7647059,0.09803922,-0.10906491,0.5047222031642875,0.828523,0.5028945885556709,0.9993078,0.8162608675435116,0.572922,0.60795921975449,0.0052258864211566,0.3264127237828877,-0.385553801182152
0.64705884,0.33333334,0.019607844,0.15686275,0.7058824,0.13725491,-0.056558892,0.5059795137710216,0.80202353,0.501511699472107,1.0168589,0.8165297014046613,0.5874412,0.6080069715492633,0.0052736382159299,0.3436622073982513,-0.3189456099072581
0.64705884,0.33333334,0.019607844,0.15686275,0.7254902,0.11764706,-0.050162055,0.5061326926348989,0.8129981,0.5020844145688891,1.0077678,0.8163904507251507,0.5902013,0.6082025193096462,0.0054691859763128,0.347599707245537,-0.3108306962099059
0.64705884,0.33333334,0.019607844,0.15686275,0.74509805,0.09803922,-0.03612669,0.5064687838532964,0.8245537,0.5026874508464222,0.9742313,0.8158767659570096,0.5875528,0.6083443335522428,0.0056110002189094,0.3440654125934598,-0.2930256860231365
0.64705884,0.33333334,0.019607844,0.1764706,0.6862745,0.13725491,0.024025586,0.507909192095233,0.78925925,0.5008455884199258,0.9957958,0.8162070731994207,0.60302687,0.6083206179048598,0.0055872845715264,0.3620902169367312,-0.2167175826960969
0.64705884,0.33333334,0.019607844,0.1764706,0.7058824,0.11764706,0.029842678,0.5080484883780294,0.8057092,0.5017040374092986,0.97902995,0.815950267790859,0.6048606,0.6085675978593957,0.0058342645260623,0.3649871194444993,-0.2093381226019156
0.64705884,0.33333334,0.019607844,0.1764706,0.7254902,0.09803922,0.041470874,0.5083269375005135,0.8199593,0.5024476870738889,0.94643736,0.8154510409031873,0.6026225,0.60874188849253,0.0060085551591965,0.3621645038465002,-0.194586801558881
0.64705884,0.33333334,0.019607844,0.19607843,0.6666667,0.13725491,0.11779773,0.5101546627430216,0.7705,0.4998666261122292,0.974434,0.815879870986782,0.6209106,0.6086337199473443,0.0059003866140109,0.3830560357854858,-0.0977599141542166
0.64705884,0.33333334,0.019607844,0.21568628,0.64705884,0.13725491,0.21440835,0.5124681035689757,0.7453444,0.4985538664235375,0.95404303,0.8155675384065764,0.6379319,0.6088631694663632,0.0061298361330298,0.4025592715757266,0.0247985914473279
0.64705884,0.33333334,0.019607844,0.21568628,0.6666667,0.11764706,0.21395226,0.5124571819105753,0.76848453,0.4997614475724347,0.92706376,0.8151542919022778,0.6365002,0.6091243071284292,0.0063909737950959,0.4014559844542459,0.024219997814321
0.64705884,0.33333334,0.019607844,0.29411766,0.7058824,0.0,0.44994232,0.5181082070388916,1.0138468,0.5125658165666817,-0.41982424,0.7945237555822761,0.34798828,0.6083992597292832,0.0056659263959497,0.0149662239291674,-0.8515043968957389
0.64705884,0.33333334,0.019607844,0.3137255,0.6666667,0.019607844,0.48243386,0.5188862503116364,0.93640476,0.5085244616606671,-0.03475764,0.8004218929865624,0.46136034,0.6092775349862887,0.0065442016529552,0.1641959382632179,-0.3324714212460409
0.64705884,0.33333334,0.019607844,0.3137255,0.6862745,0.0,0.46633586,0.5185007672954403,1.0024899,0.5119731538158007,-0.4128012,0.794631328749874,0.3520082,0.6083684166203716,0.0056350832870382,0.0195514811023459,-0.8420380149769606
0.64705884,0.33333334,0.019607844,0.33333334,0.627451,0.039215688,0.5031499,0.519382317973725,0.84797466,0.5039096855737476,0.38295949,0.8068201445766122,0.578028,0.6100373827080282,0.0073040493746949,0.3177924536002357,0.2305713385454761
0.64705884,0.33333334,0.019607844,0.33333334,0.64705884,0.019607844,0.49845034,0.5192697815024453,0.92408997,0.5078818069096803,-0.019969102,0.8006484118014291,0.46752372,0.6092666667378516,0.0065333334045182,0.1716466685989713,-0.3125378852054164
0.64705884,0.33333334,0.019607844,0.33333334,0.6666667,0.0,0.4756769,0.518724447912102,0.9934767,0.5115027929223214,-0.40829292,0.7947003830234362,0.35362026,0.6083092079526199,0.0055758746192865,0.0211601003286591,-0.8359612753841763
0.64705884,0.33333334,0.019607844,0.3529412,0.5882353,0.05882353,0.5276659,0.5199693785221621,0.7698846,0.4998345101713947,0.639862,0.8107551686188267,0.64580417,0.6101863524374611,0.0074530191041278,0.4057513133289976,0.2182110343986363
0.64705884,0.33333334,0.019607844,0.3529412,0.60784316,0.039215688,0.52083254,0.5198057463309302,0.8334895,0.5031537680863339,0.40323234,0.8071306676393204,0.58585143,0.6100300606855281,0.0072967273521948,0.3273602823169811,0.2578972040175412
0.64705884,0.33333334,0.019607844,0.3529412,0.627451,0.019607844,0.5112969,0.5195774063109951,0.91007316,0.5071503317528311,0.0009455718,0.8009687657846283,0.4741052,0.6092321679494849,0.0064988346161514,0.1796848322402099,-0.2843469039237207
0.64705884,0.33333334,0.019607844,0.3529412,0.64705884,0.0,0.48747486,0.5190069623264756,0.98026174,0.5108131633588907,-0.3897604,0.7949842490266629,0.3593254,0.6082681249040097,0.0055347915706763,0.0280730362822273,-0.8109812170638195
0.64705884,0.33333334,0.019607844,0.37254903,0.5882353,0.039215688,0.5377163,0.5202100460856941,0.81438386,0.5021567306471905,0.43176997,0.8075677838888119,0.5946234,0.6099781868738988,0.0072448535405654,0.3380650973800598,0.2828907809353449
0.64705884,0.33333334,0.019607844,0.37254903,0.60784316,0.019607844,0.52479607,0.5199006571409991,0.89315414,0.5062674031068609,0.027107898,0.801369499046333,0.48168603,0.6091791864313977,0.0064458530980643,0.1889505907227942,-0.2490825885971105
0.64705884,0.33333334,0.019607844,0.37254903,0.627451,0.0,0.49743378,0.5192454389927723,0.9657118,0.510053864754994,-0.362051,0.7954086790246979,0.36703148,0.6082359942574881,0.0055026609241547,0.0376846795317136,-0.7736316014588944
0.64705884,0.33333334,0.019607844,0.39215687,0.5686275,0.039215688,0.5522558,0.5205582089159227,0.79276925,0.50102875970553,0.4679535,0.8081220139001741,0.6043262,0.6099029941738756,0.0071696608405422,0.3499983017811768,0.2514739213529769
0.64705884,0.33333334,0.019607844,0.39215687,0.5882353,0.019607844,0.53544414,0.520155636187644,0.87476677,0.5053078472257858,0.062694445,0.8019145848659847,0.49096844,0.6091260227598049,0.0063926894264714,0.2005336393174368,-0.2011153244312006
0.64705884,0.33333334,0.019607844,0.39215687,0.60784316,0.0,0.50574356,0.5194444252716383,0.95151275,0.5093128807912556,-0.33164454,0.7958744207089103,0.37520394,0.6082105755906014,0.005477242257268,0.0479808043454064,-0.732646579294914
0.64705884,0.33333334,0.019607844,0.4117647,0.54901963,0.039215688,0.56513935,0.5208667186471344,0.76792675,0.4997323394877539,0.50885856,0.8087485643550519,0.61397487,0.6097825408299801,0.0070492074966467,0.3617887491660072,0.2153653210005119
0.64705884,0.33333334,0.019607844,0.43137255,0.5294118,0.039215688,0.58382624,0.5213141954913217,0.7394997,0.4982488567454405,0.55869514,0.8095119205409749,0.6273403,0.609691657592579,0.0069583242592457,0.3783094254630431,0.174046553568866
0.64705884,0.33333334,0.019607844,0.43137255,0.54901963,0.019607844,0.55727565,0.5206784142411733,0.8362067,0.5032955665749367,0.1504934,0.8032594179049428,0.5146586,0.6090777995736842,0.0063444662403509,0.2305311490258842,-0.0827707274648408
0.64705884,0.33333334,0.019607844,0.4509804,0.50980395,0.039215688,0.6080081,0.5218932546261423,0.705225,0.4964602119103957,0.6194258,0.8104421430901949,0.64421964,0.6095985365422444,0.0068652032089109,0.3992152382555834,0.1242282457119214
0.64705884,0.33333334,0.019607844,0.4509804,0.5294118,0.019607844,0.5781125,0.5211773736021537,0.80774665,0.5018103637246057,0.20647743,0.8041169358761937,0.5307788,0.609034891067651,0.0063015577343176,0.2507070429328156,-0.0073095990130032
0.64705884,0.33333334,0.019607844,0.47058824,0.50980395,0.019607844,0.60231656,0.5217569651178661,0.77538836,0.5001217277737945,0.27089342,0.8051036077023416,0.5495328,0.6089941001980007,0.0062607668646673,0.2742065931012092,0.0795170004390677
0.64705884,0.33333334,0.019607844,0.49019608,0.50980395,0.0,0.5942501,0.5215638050556219,0.8359979,0.5032846704838235,-0.07848273,0.7997521475481749,0.45058843,0.6082002076958735,0.0054668743625401,0.143185708489599,-0.3914086660042667
0.64705884,0.33333334,0.019607844,0.50980395,0.49019608,0.0,0.6175783,0.5221224239042492,0.8012756,0.501472668883672,-0.008761045,0.8008200877198103,0.470031,0.6081383935025771,0.0054050601692438,0.1675534124145493,-0.2974304950825572
0.64705884,0.33333334,0.019607844,0.5294118,0.47058824,0.0,0.63981706,0.5226549532345939,0.76593006,0.4996281407563238,0.059721295,0.8018690445624641,0.4884895,0.6080507128511273,0.0053173795177939,0.1906015808321577,-0.2051228470825185
0.64705884,0.33333334,0.019607844,0.54901963,0.4509804,0.0,0.6624849,0.5231977576588779,0.7292568,0.4977143261803471,0.12968199,0.8029406456518468,0.50714123,0.6079509098303572,0.0052175764970239,0.213852155483894,-0.1108225173330745
0.64705884,0.33333334,0.019607844,0.98039216,0.019607844,0.0,1.1140445,0.5340108189210692,-0.018911242,0.458670745175366,1.5967118,0.8254114158462822,0.89728165,0.606030993314239,0.0032976599809057,0.7014499505891387,-0.9283045157786008
0.64705884,0.33333334,0.019607844,1.0,0.0,0.0,1.1270447,0.5343221204405494,-0.048274405,0.4571384115986411,1.620919,0.8257822025976763,0.89989644,0.6057475782122889,0.0030142448789556,0.703597078617645,-0.9709839031947716
0.64705884,0.3529412,0.0,0.078431375,0.8235294,0.09803922,-0.40708518,0.4975858007362209,0.8524087,0.5041410789833961,1.0756805,0.8174306822606786,0.50700134,0.6063858539934319,0.0036525206600985,0.2462786626168633,-0.7636169904986005
0.64705884,0.3529412,0.0,0.09803922,0.78431374,0.11764706,-0.36918974,0.4984932461070733,0.8428079,0.5036400547538639,1.0882233,0.8176228033530453,0.52061385,0.6065853680713275,0.0038520347379941,0.2632870740748628,-0.7155435116704378
0.64705884,0.3529412,0.0,0.09803922,0.8039216,0.09803922,-0.34413967,0.4990930959289155,0.85228837,0.5041347988783554,1.0571325,0.8171465788838145,0.5217604,0.6067914912303617,0.0040581578970284,0.264503892809904,-0.6837654359463645
0.64705884,0.3529412,0.0,0.11764706,0.74509805,0.13725491,-0.32395616,0.4995764107136117,0.83643514,0.5033074891319554,1.0780121,0.8174663960374029,0.5301637,0.60678343196099,0.0040500986276566,0.2747390567150653,-0.6581610041913094
0.64705884,0.3529412,0.0,0.11764706,0.7647059,0.11764706,-0.30574033,0.5000126076484501,0.8414632,0.5035698818119533,1.0737066,0.8174004481630764,0.5364765,0.60699431254116,0.0042609792078266,0.2829434593959904,-0.6350527215492734
0.64705884,0.3529412,0.0,0.11764706,0.78431374,0.09803922,-0.28070956,0.5006119950268367,0.8530449,0.5041742804896884,1.0355866,0.8168165564897684,0.53597397,0.6072009440020979,0.0044676106687644,0.2820119455924916,-0.6032991445624082
0.64705884,0.3529412,0.0,0.13725491,0.7058824,0.15686275,-0.27117535,0.5008403015053484,0.82675314,0.5028022283976855,1.0652267,0.8172705591346352,0.5402681,0.6069710296792231,0.0042376963458897,0.2866225391771003,-0.5912042163015983
0.64705884,0.3529412,0.0,0.13725491,0.7254902,0.13725491,-0.25403652,0.5012507086537734,0.8327856,0.5031170361594269,1.0620744,0.8172222755108344,0.54694116,0.6071966734413449,0.0044633401080115,0.2953763017823097,-0.569462191939071
0.64705884,0.3529412,0.0,0.13725491,0.74509805,0.11764706,-0.2362437,0.5016767760787233,0.8391737,0.5034504011805406,1.052781,0.81707992619238,0.55190367,0.6074023678172147,0.0046690344838813,0.3018196528915491,-0.54689053750057
0.64705884,0.3529412,0.0,0.13725491,0.7647059,0.09803922,-0.21627022,0.5021550614340169,0.8558113,0.5043186451430551,1.0063661,0.8163689811926222,0.5486357,0.6076142292565648,0.0048808959232314,0.2974723219982911,-0.5215525484159725
0.64705884,0.3529412,0.0,0.15686275,0.7058824,0.13725491,-0.18166319,0.5029837626040904,0.8276494,0.502849001027451,1.0451982,0.8169637792715939,0.56372815,0.6075988476343784,0.004865514301045,0.3159091418775609,-0.4776506790208159
0.64705884,0.3529412,0.0,0.15686275,0.7254902,0.11764706,-0.1646962,0.5033900545053143,0.8392897,0.5034564573293837,1.0248377,0.8166519141348588,0.56647706,0.6078328086565189,0.0050994753231855,0.3195755578071688,-0.4561266669547312
0.64705884,0.3529412,0.0,0.15686275,0.74509805,0.09803922,-0.14940217,0.5037562858149084,0.85890514,0.5044800988984989,0.9749895,0.8158883790057323,0.56149745,0.6080415879063799,0.0053082545730465,0.3131495799921998,-0.4367249336124308
0.64705884,0.3529412,0.0,0.15686275,0.7647059,0.078431375,-0.12809238,0.5042665707586653,0.8820468,0.5056877609204674,0.88924164,0.8145749632806613,0.54773206,0.6081764316532646,0.0054430983199313,0.2948461770645098,-0.4096917113072845
0.64705884,0.3529412,0.0,0.1764706,0.6666667,0.15686275,-0.11962508,0.5044693290203772,0.81096846,0.5019784957294414,1.0309758,0.8167459323547849,0.5741064,0.6077312523682012,0.0049979190348678,0.3276705535754157,-0.3989502437603335
0.64705884,0.3529412,0.0,0.1764706,0.6862745,0.13725491,-0.10698514,0.504772005398494,0.8223104,0.5025703808546363,1.0273278,0.8166900546005379,0.58088434,0.6080108136178893,0.005277480284556,0.3368715851881791,-0.3829154421925952
0.64705884,0.3529412,0.0,0.1764706,0.7058824,0.11764706,-0.094220825,0.5050776600052385,0.84076864,0.5035336351234744,0.99219066,0.8161518527875542,0.57957953,0.6082543826387556,0.0055210493054223,0.3354249800020889,-0.3667228638423874
0.64705884,0.3529412,0.0,0.1764706,0.7254902,0.09803922,-0.080551624,0.5054049830851932,0.8611665,0.5045981082621135,0.9430935,0.8153998220630624,0.57456946,0.6084676378034564,0.005734304470123,0.3290284735956726,-0.3493823608660014
0.64705884,0.3529412,0.0,0.19607843,0.627451,0.1764706,-0.037225574,0.5064424699821413,0.7722297,0.499956889791365,1.0190833,0.8165637718254343,0.58469576,0.6076543771996469,0.0049210438663135,0.3384017661532339,-0.2944197085929754
0.64705884,0.3529412,0.0,0.19607843,0.64705884,0.15686275,-0.03037038,0.5066066246524084,0.7969506,0.5012469645835428,1.0148174,0.8164984301668587,0.5937992,0.6081173398009366,0.0053840064676032,0.3513611690161142,-0.2857233326797717
0.64705884,0.3529412,0.0,0.19607843,0.6666667,0.13725491,-0.028538603,0.5066504884489539,0.8162455,0.502253880979402,1.0029749,0.8163170365369521,0.59689397,0.6084071353217694,0.0056738019884359,0.3561633020276325,-0.2833995726361522
0.64705884,0.3529412,0.0,0.19607843,0.6862745,0.11764706,-0.018335473,0.5068948129197035,0.8395709,0.5034711295708284,0.9592504,0.8156473005136248,0.5934953,0.6086710810013857,0.0059377476680522,0.3521334893273195,-0.2704560636943953
0.64705884,0.3529412,0.0,0.19607843,0.7058824,0.09803922,-0.008001144,0.5071422790666158,0.85992676,0.5045334129155356,0.9126069,0.8149328533397396,0.5881775,0.608869515107297,0.0061361817739636,0.3454089105642148,-0.257346119055965
0.64705884,0.3529412,0.0,0.21568628,0.60784316,0.1764706,0.073026694,0.5090825741211138,0.7438791,0.4984773978240726,1.003339,0.8163226148174313,0.6067483,0.607960862254206,0.0052275289208725,0.3642133504163587,-0.154555652302932
0.64705884,0.3529412,0.0,0.21568628,0.627451,0.15686275,0.07340088,0.5090915343198884,0.777399,0.5002266543628667,0.99962705,0.8162657574404423,0.61680895,0.6085279820410658,0.0057946487077324,0.3789441858916494,-0.1540809703662302
0.64705884,0.3529412,0.0,0.21568628,0.64705884,0.13725491,0.067837924,0.5089583236645101,0.8020478,0.501512965446724,0.98110384,0.815982033861398,0.6169965,0.6088177743242107,0.0060844409908773,0.3802116681170349,-0.1611380338840031
0.64705884,0.3529412,0.0,0.21568628,0.6666667,0.11764706,0.06498415,0.508889987117658,0.83169097,0.5030599117765285,0.9283589,0.8151741299475368,0.6083447,0.6090413429472411,0.0063080096139077,0.3696686768077862,-0.1647582799547934
0.64705884,0.3529412,0.0,0.21568628,0.74509805,0.039215688,0.13771681,0.5106316456919783,0.9895203,0.5112963270816654,0.2817109,0.8052693008920844,0.4696493,0.609065757888576,0.0063324245552426,0.1863529261356088,-0.0724909222847388
0.64705884,0.3529412,0.0,0.21568628,0.7647059,0.019607844,0.17292033,0.511474630156096,1.0506861,0.5144883001138066,-0.090598196,0.7995665727185916,0.37766942,0.6085098343294981,0.0057765009961647,0.063594943543903,-0.407739152970261
0.64705884,0.3529412,0.0,0.21568628,0.78431374,0.0,0.19849053,0.5120869349075795,1.1049421,0.5173196787838109,-0.4515261,0.7940381722009026,0.28396884,0.6078149286307643,0.0050815952974309,-0.0614708333536122,-0.8942354779277218
0.64705884,0.3529412,0.0,0.23529412,0.60784316,0.15686275,0.17544161,0.5115350047183456,0.7520114,0.4989017885974944,0.98498565,0.8160414923056678,0.63747954,0.6088260952071692,0.0060927618738359,0.4032145029584373,-0.0246339245819418
0.64705884,0.3529412,0.0,0.23529412,0.627451,0.13725491,0.16717374,0.5113370221844182,0.7839793,0.5005700507553307,0.9624146,0.8156957676455068,0.6378559,0.6092009468617519,0.0064676135284185,0.4050656001286931,-0.0351223897378786
0.64705884,0.3529412,0.0,0.23529412,0.64705884,0.11764706,0.15689941,0.5110909926318382,0.81545144,0.502212442861843,0.9093248,0.8148825812552377,0.6272252,0.6093953389163063,0.0066620055829729,0.3921159288161468,-0.0481562283214042
0.64705884,0.3529412,0.0,0.23529412,0.7254902,0.039215688,0.19377017,0.5119739010241262,0.9828494,0.5109482027250302,0.2697373,0.8050858991725027,0.48211893,0.6093360009738863,0.006602667640553,0.2014438864635208,-0.0013826381228076
0.64705884,0.3529412,0.0,0.23529412,0.74509805,0.019607844,0.22541581,0.5127316884885067,1.0456029,0.5142230302187704,-0.11038709,0.7992634625606871,0.3868772,0.6087393937559881,0.0060060604226547,0.074439227405509,-0.4344126867357582
0.64705884,0.3529412,0.0,0.23529412,0.7647059,0.0,0.2477612,0.5132667719625664,1.1015416,0.5171422246022507,-0.47770342,0.7936372093258524,0.29053316,0.6080154019635565,0.0052820686302231,-0.0540452249569985,-0.929519999107429
0.64705884,0.3529412,0.0,0.25490198,0.5882353,0.15686275,0.26239932,0.5136172966085606,0.72687715,0.4975901424687851,0.9708622,0.8158251609282361,0.65337956,0.6090108666685273,0.0062775333351939,0.4214622581771609,0.0856790686997088
0.64705884,0.3529412,0.0,0.25490198,0.60784316,0.13725491,0.25109386,0.5133465759295976,0.76692057,0.499679831090928,0.9482263,0.8154784420377246,0.65541357,0.6095016163527501,0.0067682830194167,0.4259123149572454,0.0713371752408819
0.64705884,0.3529412,0.0,0.25490198,0.627451,0.11764706,0.23829485,0.5130400904589749,0.79924726,0.5013668184752847,0.8993964,0.8147305060084781,0.64564615,0.6097124716475792,0.0069791383142459,0.4142230879781147,0.0551005804480945
0.64705884,0.3529412,0.0,0.25490198,0.7058824,0.039215688,0.2510827,0.5133463083118571,0.9724295,0.5104044339667863,0.26672727,0.8050397939083129,0.49674645,0.6095968453956521,0.0068635120623187,0.2192782378085477,0.0713229977309223
0.64705884,0.3529412,0.0,0.25490198,0.7254902,0.019607844,0.2775909,0.5139810747555337,1.0371888,0.5137839329883737,-0.12189694,0.7990871640189612,0.39762756,0.6089507239209562,0.0062173905876228,0.0872539715925938,-0.4499268652708715
0.64705884,0.3529412,0.0,0.25490198,0.74509805,0.0,0.29224703,0.5143320308013255,1.0947927,0.5167900285975232,-0.49324462,0.7933991619124995,0.2979317,0.608173740437116,0.0054404071037827,-0.0454864524481506,-0.9504680457243938
0.64705884,0.3529412,0.0,0.27450982,0.5686275,0.15686275,0.34007895,0.5154774154620518,0.6982068,0.4960939626542697,0.9606988,0.8156694858189676,0.6663282,0.6090802879784297,0.0063469546450963,0.4358526762057463,0.1140272724183008
0.64705884,0.3529412,0.0,0.27450982,0.5882353,0.13725491,0.32411093,0.5150950446617656,0.7431763,0.4984407218862149,0.94268674,0.8153935919180558,0.6699913,0.6096431194886788,0.0069097861553454,0.4427953245943559,0.1639653127326439
0.64705884,0.3529412,0.0,0.27450982,0.60784316,0.11764706,0.31130517,0.5147883975500276,0.78123784,0.500426986292111,0.8964487,0.8146853548037156,0.66299725,0.6099669128819514,0.007233579548618,0.4350462797978349,0.1477201547238411
0.64705884,0.3529412,0.0,0.29411766,0.54901963,0.15686275,0.41372237,0.5172408829196902,0.6646336,0.4943419253260221,0.9526089,0.8155455713023849,0.6769883,0.609042793182699,0.0063094598493657,0.447092547232667,0.0652285767324076
0.64705884,0.3529412,0.0,0.29411766,0.5686275,0.13725491,0.3936991,0.5167614054165687,0.7163559,0.497041085855876,0.93470496,0.8152713335390819,0.6815867,0.6096912749371755,0.0069579416038421,0.455640734660763,0.1404070624758918
0.64705884,0.3529412,0.0,0.29411766,0.5882353,0.11764706,0.3759368,0.5163360687664621,0.7617845,0.4994118021799575,0.8960161,0.8146787293403052,0.6779125,0.610142200095575,0.0074088667622415,0.4527569621423284,0.2064375417306632
0.64705884,0.3529412,0.0,0.3137255,0.54901963,0.13725491,0.44017607,0.5178743441024406,0.68775934,0.4955487568437579,0.9297485,0.815195414146033,0.68589467,0.6095395050307438,0.0068061716974105,0.459212006494402,0.0988419039307724
0.64705884,0.3529412,0.0,0.3137255,0.5686275,0.11764706,0.42570496,0.5175278183791363,0.73826534,0.4981844413441096,0.8966008,0.8146876847172644,0.686857,0.6101333148135034,0.00739998148017,0.4626696062774811,0.1722524208090475
0.64705884,0.3529412,0.0,0.3137255,0.64705884,0.039215688,0.3954308,0.5168028726070424,0.9350058,0.5084514550507565,0.30396062,0.8056101041576589,0.5447991,0.610288143938486,0.0075548106051525,0.2789145736769309,0.124088420929936
0.64705884,0.3529412,0.0,0.3137255,0.6862745,0.0,0.37700817,0.5163617236735343,1.0736893,0.5156887364379003,-0.4906488,0.7934389224532539,0.32001624,0.6084964608548962,0.0057631275215627,-0.018702589516725,-0.9469691391431072
0.64705884,0.3529412,0.0,0.33333334,0.54901963,0.11764706,0.45034218,0.518117782044822,0.7151358,0.4969774138647009,0.8992309,0.8147279706754355,0.6882363,0.6099410555283195,0.007207722194986,0.4630631720807971,0.138633635579688
0.64705884,0.3529412,0.0,0.33333334,0.627451,0.039215688,0.42449927,0.5174989470636473,0.91932994,0.5076334021605234,0.32500124,0.8059323872581499,0.5562768,0.6103549121607735,0.0076215788274401,0.2930651170693202,0.1524491635141766
0.64705884,0.3529412,0.0,0.33333334,0.64705884,0.019607844,0.41695136,0.5173182044645609,0.9948481,0.5115743593694614,-0.08627497,0.7996327924313816,0.44184148,0.6095084520884679,0.0067751187551346,0.1416749553721155,-0.4019118532279512
0.64705884,0.3529412,0.0,0.33333334,0.6666667,0.0,0.3994705,0.5168996074996303,1.0627357,0.5151171131275815,-0.4794916,0.7936098196035092,0.3275715,0.608542180076907,0.0058088467435736,-0.0094982507019564,-0.9319302802039096
0.64705884,0.3529412,0.0,0.3529412,0.60784316,0.039215688,0.44276106,0.5179362444426345,0.9060155,0.5069385811680126,0.34827775,0.8062889178966662,0.5656848,0.6103879145024377,0.0076545811691044,0.3047946359248427,0.1838236713520166
0.64705884,0.3529412,0.0,0.3529412,0.627451,0.019607844,0.43154535,0.5176676725557157,0.9837941,0.510997501083024,-0.066112995,0.7999416171313629,0.44974217,0.6095355969233675,0.0068022635900341,0.1515493263804468,-0.3747354427786251
0.64705884,0.3529412,0.0,0.3529412,0.64705884,0.0,0.4103493,0.5171601116037331,1.0522856,0.5145717673444462,-0.46054956,0.7938999582051046,0.3340284,0.6085439457177614,0.0058106123844279,-0.0014504408950645,-0.9063982365408574
0.64705884,0.3529412,0.0,0.37254903,0.5882353,0.039215688,0.45895064,0.5183239204970078,0.89037997,0.5061226309776347,0.37789184,0.8067425224842026,0.5757408,0.6103963579862818,0.0076630246529483,0.3173707964469403,0.2237406354204148
0.64705884,0.3529412,0.0,0.37254903,0.60784316,0.019607844,0.4474079,0.5180475177581793,0.9702523,0.5102908135225438,-0.04286618,0.8002976929368832,0.45826468,0.6095453414058688,0.0068120080725354,0.1621407895693045,-0.3434009600041531
0.64705884,0.3529412,0.0,0.37254903,0.627451,0.0,0.4200155,0.5173915788261715,1.0416882,0.5140187386195326,-0.43914777,0.7942277734808105,0.34085202,0.6085460303088382,0.0058126969755048,0.007118455316728,-0.8775506654602965
0.64705884,0.3529412,0.0,0.39215687,0.5686275,0.039215688,0.47768986,0.5187726505058678,0.87137836,0.5051310213657799,0.41178587,0.8072616837360516,0.5869513,0.6103884518692332,0.0076551185358997,0.3313172330984402,0.2694265513153788
0.64705884,0.3529412,0.0,0.39215687,0.5882353,0.019607844,0.4613425,0.5183811964026465,0.9556419,0.5095283639793672,-0.0131780915,0.8007524309835383,0.46793544,0.6095539971218507,0.0068206637885173,0.1742933725130571,-0.3033842521321068
0.64705884,0.3529412,0.0,0.39215687,0.60784316,0.0,0.432109,0.5176811697672503,1.0304322,0.5134313388392949,-0.41520464,0.7945945148376378,0.34911218,0.6085690078147277,0.0058356744813943,0.0175364705954732,-0.8452776198053215
0.64705884,0.3529412,0.0,0.4117647,0.54901963,0.039215688,0.49739534,0.5192445183877451,0.85194033,0.5041166366528317,0.4464677,0.8077929117854608,0.5986011,0.6103846889420125,0.0076513556086791,0.3458147683922359,0.3161743390208774
0.64705884,0.3529412,0.0,0.4117647,0.5686275,0.019607844,0.4767424,0.5187499622306546,0.93888986,0.5086541478515837,0.021885652,0.8012895089236465,0.47917262,0.6095645396686282,0.0068312063352949,0.1884431845758882,-0.2561216771355389
0.64705884,0.3529412,0.0,0.4117647,0.5882353,0.0,0.44911098,0.5180882998472374,1.015817,0.512668637345396,-0.38148797,0.7951109595308016,0.3611467,0.6086226322411451,0.0058892989078116,0.0327938371785916,-0.7998307596395163
0.64705884,0.3529412,0.0,0.43137255,0.5294118,0.039215688,0.5192822,0.5197686223979725,0.827452,0.502838699042362,0.4873051,0.8084184260131136,0.6113465,0.6103419158178162,0.0076085824844827,0.361553575046367,0.3018853352446753
0.64705884,0.3529412,0.0,0.43137255,0.54901963,0.019607844,0.49449283,0.5191750148491326,0.9182984,0.5075795718000312,0.06480946,0.8019469808896383,0.49253356,0.6095671891796007,0.0068338558462673,0.205258318876778,-0.1982644914641748
0.64705884,0.3529412,0.0,0.43137255,0.5686275,0.0,0.4661249,0.5184957153861476,0.9986751,0.5117740754191623,-0.34170085,0.7957203862166666,0.37436637,0.6086633923406588,0.0059300590073254,0.0495594839290463,-0.7462015332374662
0.64705884,0.3529412,0.0,0.4509804,0.50980395,0.039215688,0.54558855,0.5203985545947852,0.797549,0.5012781940310952,0.5392547,0.8092141480944979,0.62746406,0.6102969655734595,0.007563632240126,0.3815305185577762,0.2584213017258874
0.64705884,0.3529412,0.0,0.4509804,0.5294118,0.019607844,0.5162338,0.5196956248421405,0.8917144,0.5061922689130732,0.12359409,0.8028473961573157,0.5105141,0.6095784299708432,0.0068450966375097,0.2279837734032976,-0.1190284235890232
0.64705884,0.3529412,0.0,0.4509804,0.54901963,0.0,0.4876529,0.5190112256554931,0.9745826,0.5105167946574173,-0.28845057,0.7965360307935462,0.3912616,0.6086880170354855,0.0059546837021521,0.0709154398709794,-0.6744252413690074
0.64705884,0.3529412,0.0,0.47058824,0.47058824,0.05882353,0.59522116,0.521587058539503,0.6882345,0.4955735537716352,0.7523401,0.8124780164364382,0.6785986,0.6098795429158589,0.0071462095825254,0.4452948484179962,0.0995325614401294
0.64705884,0.3529412,0.0,0.47058824,0.49019608,0.039215688,0.5713264,0.5210148732555522,0.7636669,0.4995100380776269,0.60236114,0.8101807609353088,0.64578485,0.610235224089496,0.0075018907561626,0.4043519584673721,0.2091736613318312
0.64705884,0.3529412,0.0,0.47058824,0.50980395,0.019607844,0.5386056,0.5202313398940677,0.86215276,0.5046495777510228,0.18748625,0.8038260442980313,0.52941483,0.609568987314374,0.0068356539810405,0.2518281310277601,-0.0329079042161603
0.64705884,0.3529412,0.0,0.47058824,0.5294118,0.0,0.5107381,0.5195640239966771,0.9481811,0.5091390161298622,-0.22510144,0.7975063612707092,0.41127256,0.6087364671324161,0.0060031337990828,0.0963485651386814,-0.5890366719946325
0.64705884,0.3529412,0.0,0.49019608,0.4509804,0.05882353,0.62198716,0.522227998032393,0.6424747,0.4931855523838037,0.80163664,0.8132331010640729,0.6886995,0.6095488838267565,0.0068155504934231,0.4565915176796413,0.0330206491974633
0.64705884,0.3529412,0.0,0.49019608,0.47058824,0.039215688,0.5966225,0.5216206156632158,0.7284763,0.497673594146911,0.6524906,0.8109486034829789,0.65919644,0.6100809377643686,0.0073476044310352,0.420522075100293,0.1580240270892508
0.64705884,0.3529412,0.0,0.49019608,0.49019608,0.019607844,0.5622959,0.5207986295574862,0.8303908,0.5029920623801679,0.2527674,0.8048259681922193,0.54848474,0.6095388867099579,0.0068055533766244,0.2757880980335228,0.0550848702225075
0.64705884,0.3529412,0.0,0.49019608,0.50980395,0.0,0.5334331,0.5201074792673059,0.9211188,0.5077267545688843,-0.15926388,0.798514807563212,0.4317627,0.6087830137998008,0.0060496804664674,0.1224146124736685,-0.5002939310065575
0.64705884,0.3529412,0.0,0.50980395,0.4509804,0.039215688,0.6205716,0.5221941012125617,0.6877478,0.4955481534062255,0.70525277,0.8117567712467678,0.67119074,0.6098330086218517,0.0070996752885183,0.434622338065095,0.0988250966607254
0.64705884,0.3529412,0.0,0.50980395,0.47058824,0.019607844,0.5878964,0.5214116597314583,0.79565436,0.5011793204803633,0.32009187,0.8058571895722563,0.56788087,0.6094827232613592,0.0067493899280259,0.3000326953008148,0.1458318068817323
0.64705884,0.3529412,0.0,0.50980395,0.49019608,0.0,0.5559812,0.5206474176840014,0.8912938,0.5061703212057097,-0.095152006,0.7994968211599695,0.45070767,0.6087715200165601,0.0060381866832268,0.1463046844685581,-0.413877253279949
0.64705884,0.3529412,0.0,0.5294118,0.43137255,0.039215688,0.64324313,0.5227369941291118,0.6447514,0.4933043642571263,0.7559164,0.8125327958811244,0.6813037,0.6095247180891209,0.0067913847557874,0.4461407410588473,0.0363298620530713
0.64705884,0.3529412,0.0,0.5294118,0.4509804,0.019607844,0.6134415,0.5220233639487322,0.758163,0.4992228111437188,0.3893609,0.8069181963224232,0.58698845,0.6093881238049581,0.0066547904716247,0.3237928136444775,0.2011736606956634
0.64705884,0.3529412,0.0,0.5294118,0.47058824,0.0,0.57843167,0.5211850167648214,0.8595782,0.5045152226954871,-0.028638449,0.800515621793246,0.46979046,0.6087386204178515,0.0060052870845181,0.1703165011804402,-0.324223335773886
0.64705884,0.3529412,0.0,0.54901963,0.43137255,0.019607844,0.63465595,0.5225313652211038,0.71529716,0.4969858339956296,0.45872882,0.8079807176989919,0.602894,0.6091659723052417,0.0064326389719084,0.3431621661949302,0.1388681576416335
0.64705884,0.3529412,0.0,0.54901963,0.4509804,0.0,0.60190916,0.5217472095591669,0.825627,0.5027434616693381,0.040418822,0.801573384969604,0.48931837,0.608688018732703,0.0059546853993696,0.1948223944535975,-0.231140735060181
0.64705884,0.3529412,0.0,0.5686275,0.43137255,0.0,0.6277722,0.5223665269659216,0.79216087,0.5009970108040193,0.11553839,0.8027240054604425,0.51182383,0.6086958477434611,0.0059625144101277,0.2232958282389042,-0.1298867397277807
0.64705884,0.3529412,0.0,0.5882353,0.4117647,0.0,0.6555826,0.5230324755150701,0.74647945,0.4986130997272965,0.19804952,0.8039878438753889,0.53337055,0.6085444730392519,0.0058111397059185,0.2499954601134078,-0.0186696268858016
0.64705884,0.3529412,0.0,0.60784316,0.39215687,0.0,0.69061685,0.5238714064624789,0.6965264,0.4960062713609034,0.2913266,0.8054165866692214,0.55948997,0.6084314214975346,0.0056980881642012,0.2825173335634881,0.107058984180812
0.64705884,0.3529412,0.0,0.627451,0.37254903,0.0,0.72585243,0.5247151588110999,0.64796275,0.493471948813479,0.38422254,0.8068394909845491,0.58601254,0.608342199536376,0.0056088662030426,0.3156262438346977,0.0409975181784632
0.64705884,0.3529412,0.0,0.64705884,0.3529412,0.0,0.7589185,0.5255069604902939,0.60179746,0.4910627866754783,0.47447002,0.8082218286017308,0.61172867,0.6082638585891676,0.0055305252558343,0.347789824668373,-0.0261037747762142
0.64705884,0.3529412,0.0,0.6666667,0.33333334,0.0,0.7860038,0.5261555460004409,0.55598325,0.4886719453986414,0.569416,0.809676133797386,0.6371344,0.6081678750654894,0.005434541732156,0.379705495054668,-0.0926947851505967
0.64705884,0.3529412,0.0,0.8235294,0.1764706,0.0,1.0001898,0.5312844492739276,0.2768756,0.4741065512784673,1.2763913,0.8205050068401692,0.85115224,0.608632002464188,0.0058986691308547,0.6526935967973341,-0.4983780567087428
0.64705884,0.3529412,0.0,0.84313726,0.15686275,0.0,1.0226926,0.5318233015194204,0.24194929,0.4722839024274222,1.3253676,0.8212551860502892,0.8633365,0.6084541299990439,0.0057207966657106,0.6672924608724484,-0.5491434628963812
0.64705884,0.3529412,0.0,0.8627451,0.13725491,0.0,1.0426646,0.5323015536901142,0.20757931,0.4704902854537407,1.3726428,0.8219793089388255,0.87429553,0.6082570493608935,0.0055237160275601,0.6803264169236526,-0.599100257460389
0.64705884,0.3529412,0.0,0.88235295,0.019607844,0.09803922,1.3365965,0.5393400544122445,-0.4041175,0.4385685348607959,1.2212863,0.8196609536602567,0.71792173,0.5991898476444324,-0.0035434856889009,0.4402466486727998,-1.4882022005703437
0.64705884,0.3529412,0.0,0.88235295,0.039215688,0.078431375,1.2685834,0.5377114113449594,-0.2609394,0.4460403668178735,1.342187,0.8215128131368266,0.78327703,0.6017548637665532,-0.0009784695667801,0.5351773194930461,-1.280092676868438
0.64705884,0.3529412,0.0,0.88235295,0.05882353,0.05882353,1.2092861,0.5362914758601686,-0.14404455,0.4521405914848407,1.4342985,0.8229237017812235,0.83318,0.6037852563754109,0.0010519230420776,0.6081242207226604,-1.1101859047126974
0.64705884,0.3529412,0.0,0.88235295,0.11764706,0.0,1.0610577,0.5327419939718455,0.17358992,0.4687165290400813,1.4171759,0.8226614313011482,0.8839412,0.608039984771025,0.0053066514376916,0.6916450373607715,-0.6485038849148578
0.64705884,0.3529412,0.0,0.9019608,0.0,0.09803922,1.3592002,0.5398813244948165,-0.4330266,0.4370598959275383,1.2131455,0.8195362594625727,0.7131064,0.5988258266283092,-0.0039075067050241,0.4321407348256785,-1.5302216319015032
0.64705884,0.3529412,0.0,0.9019608,0.019607844,0.078431375,1.2897465,0.5382181837166667,-0.29278192,0.4443786460473083,1.3365507,0.8214264803448995,0.7778384,0.6013411033696249,-0.0013922299637084,0.5261662354380681,-1.3263758267136778
0.64705884,0.3529412,0.0,0.9019608,0.039215688,0.05882353,1.225635,0.5366829685003446,-0.17198893,0.4506822975937504,1.4447726,0.8230841353189466,0.8328063,0.6034831338043473,0.0007498004710138,0.6062045102124493,-1.150803098572997
0.64705884,0.3529412,0.0,0.9019608,0.05882353,0.039215688,1.1699371,0.5353492244828145,-0.06508848,0.4562609593815651,1.5018487,0.823958380599587,0.8688991,0.6051895214879889,0.0024561881546555,0.6600897300942711,-0.9954231791335074
0.64705884,0.3529412,0.0,0.9019608,0.09803922,0.0,1.0818222,0.5332392205971622,0.13696465,0.4668052184188137,1.45592,0.8232548818282398,0.89156896,0.6077664402814053,0.0050331069480719,0.700088339465403,-0.7017387469036389
0.64705884,0.3529412,0.0,0.92156863,0.0,0.078431375,1.3103044,0.538710463338845,-0.3242897,0.442734393860155,1.3291837,0.8213136383955266,0.7717328,0.6009194985315088,-0.0018138348018244,0.5162838094833101,-1.3721724320816788
0.64705884,0.3529412,0.0,0.92156863,0.019607844,0.05882353,1.2432508,0.5371047968602854,-0.20083162,0.4491771253158013,1.445645,0.8230974976287819,0.82935476,0.6031264732682896,0.0003931399349562,0.600071204453554,-1.1927259747367984
0.64705884,0.3529412,0.0,0.92156863,0.039215688,0.039215688,1.1876664,0.5357737704117039,-0.096331365,0.4546305314350458,1.5190228,0.824221439890519,0.8701193,0.6048752472457563,0.0021419139124228,0.6601659181252354,-1.0408347442395725
0.64705884,0.3529412,0.0,0.92156863,0.078431375,0.0,1.0973952,0.5336121327160294,0.10323317,0.4650449219281544,1.4921288,0.8238094998542017,0.8975857,0.6074888514994617,0.0047555181661284,0.7065993460057589,-0.7507674812688748
0.64705884,0.3529412,0.0,0.9411765,0.0,0.05882353,1.2631032,0.5375801830233907,-0.23453948,0.4474180613618544,1.4401064,0.8230126621167216,0.82289004,0.6026703021673222,-6.303116601106644e-05,0.5896460424758443,-1.2417203798197862
0.64705884,0.3529412,0.0,0.9411765,0.019607844,0.039215688,1.2048656,0.5361856219822801,-0.12812954,0.4529711252673352,1.5340325,0.8244513453881086,0.8702561,0.6045360308792413,0.0018026975459079,0.6587763931825228,-1.0870534265084018
0.64705884,0.3529412,0.0,0.9411765,0.039215688,0.019607844,1.1532003,0.5349484430092787,-0.025307886,0.45833693263067,1.5662127,0.8249442553980985,0.89803505,0.606076543679349,0.0033432103460157,0.7012048996709949,-0.9376020441600575
0.64705884,0.3529412,0.0,0.9411765,0.05882353,0.0,1.1123694,0.5339707062331859,0.07055268,0.4633394713771334,1.5257266,0.8243241222482106,0.9028829,0.6072114332861767,0.0044780999528432,0.7121931499961843,-0.7982686167211985
0.64705884,0.3529412,0.0,0.9607843,0.0,0.039215688,1.222555,0.5366092144783662,-0.16114593,0.4512481462557245,1.5366527,0.8244914797923419,0.8660206,0.6041162801754775,0.0013829468421442,0.6514373930275534,-1.1350427741696572
0.64705884,0.3529412,0.0,0.9607843,0.019607844,0.019607844,1.1691422,0.5353301900818178,-0.058766603,0.4565908701893812,1.5846131,0.825226098247554,0.89832956,0.605715719506251,0.0029823861729176,0.7000027161818321,-0.9862343240477472
0.64705884,0.3529412,0.0,0.9607843,0.039215688,0.0,1.1266248,0.5343120665772755,0.03716194,0.4615969564642245,1.557605,0.8248124107760751,0.90713054,0.6069071446058584,0.004173811272525,0.7163664204877831,-0.8468020889208021
0.64705884,0.3529412,0.0,0.98039216,0.0,0.019607844,1.185301,0.5357171267975801,-0.093357876,0.454785704696636,1.6007564,0.8254733685396959,0.8975665,0.6053254000113041,0.0025920666779706,0.6973293304224422,-1.0365127742399367
0.64705884,0.3529412,0.0,0.98039216,0.019607844,0.0,1.1413641,0.5346650136990564,0.003877364,0.459859981745516,1.5864844,0.8252547620272471,0.91057533,0.6065932524906065,0.0038599191572731,0.7194482516092625,-0.8951812526211131
0.64705884,0.3529412,0.0,1.0,0.0,0.0,1.1560311,0.5350162309397629,-0.029937811,0.4580953173313781,1.6110504,0.8256310430653718,0.9123812,0.6062475304455043,0.0035141971121709,0.7203044108269524,-0.9443316447645104
0.6666667,0.27450982,0.05882353,0.3137255,0.6862745,0.0,0.6794017,0.5236028481348589,0.7279285,0.4976450086266912,-0.1348186,0.7988892405106232,0.42417058,0.6067123657573911,0.0039790324240577,0.1015215495563738,-0.4673440294435911
0.6666667,0.27450982,0.05882353,0.33333334,0.6666667,0.0,0.6862639,0.5237671711366848,0.7159826,0.4970216047771886,-0.12304157,0.7990696314651556,0.42640162,0.606619469126343,0.0038861357930096,0.1039269560585193,-0.451469720743485
0.6666667,0.27450982,0.05882353,0.3529412,0.64705884,0.0,0.6912627,0.523886872626936,0.7049617,0.4964464728197743,-0.109362856,0.7992791509039252,0.4289539,0.6065374987835451,0.0038041654502118,0.1068469908582596,-0.4330321208188049
0.6666667,0.29411766,0.039215688,0.29411766,0.7058824,0.0,0.59710014,0.5216320525749725,0.85861886,0.5044651591538182,-0.25754055,0.7970094852950235,0.3993928,0.6077022323412713,0.004968899007938,0.0748998125624978,-0.6327614953603241
0.6666667,0.29411766,0.039215688,0.3137255,0.64705884,0.039215688,0.6219557,0.5222272444208358,0.7060252,0.4965019704097375,0.46699297,0.8081073012995322,0.5983246,0.6089455053767018,0.0062121720433684,0.3370125449097641,0.1253913261262612
0.6666667,0.29411766,0.039215688,0.3137255,0.6862745,0.0,0.60778046,0.5218878037880046,0.8508134,0.5040578263774459,-0.25280976,0.7970819477062336,0.40192804,0.6076758592905614,0.004942525957228,0.0777598993437601,-0.6263848414550022
0.6666667,0.29411766,0.039215688,0.33333334,0.6666667,0.0,0.6131213,0.5220156950947614,0.84268194,0.5036334822615652,-0.24294989,0.7972329732593794,0.40428445,0.6076273835385687,0.0048940502052353,0.0805086886353296,-0.6130946725634806
0.6666667,0.29411766,0.039215688,0.3529412,0.64705884,0.0,0.616775,0.5221031868274171,0.8302986,0.5029872504324225,-0.22352277,0.7975305421123134,0.40785027,0.6075403264573843,0.004806993124051,0.084782597560942,-0.5869087707079556
0.6666667,0.29411766,0.039215688,0.37254903,0.627451,0.0,0.6213942,0.5222137993055547,0.81449497,0.5021625286243058,-0.19576854,0.7979556588961899,0.41337356,0.6074439956086835,0.0047106622753501,0.0915490437883834,-0.5494987183118076
0.6666667,0.3137255,0.019607844,0.11764706,0.74509805,0.13725491,-0.15712875,0.503571264900211,0.75474626,0.4990445077949094,1.0923502,0.8176860159526883,0.5633226,0.6067672628826029,0.0040339295492695,0.3121476678478931,-0.4465267347028017
0.6666667,0.3137255,0.019607844,0.13725491,0.7254902,0.13725491,-0.08337107,0.505337468481628,0.7469395,0.4986371065874768,1.0731468,0.8173918734969127,0.57890505,0.6071221495220058,0.0043888161886724,0.330926378216796,-0.3529590630778786
0.6666667,0.3137255,0.019607844,0.13725491,0.74509805,0.11764706,-0.076753244,0.5054959392187053,0.761412,0.4993923646483086,1.0675063,0.8173054767966986,0.584055,0.6073979268879043,0.0046645935545708,0.3382024627848808,-0.3445638032986445
0.6666667,0.3137255,0.019607844,0.15686275,0.7058824,0.13725491,-0.0032292707,0.507256546489441,0.7372474,0.4981313201782431,1.050854,0.8170504096935433,0.59495735,0.6074794254537424,0.004746092120409,0.3501031732218611,-0.2512926058546422
0.6666667,0.3137255,0.019607844,0.15686275,0.7254902,0.11764706,0.0012545856,0.5073639170462705,0.7531425,0.4989608134975695,1.0400903,0.8168855409207026,0.5981625,0.6077367571548477,0.0050034238215142,0.3548642644264361,-0.2456044659882572
0.6666667,0.3137255,0.019607844,0.15686275,0.74509805,0.09803922,0.013975357,0.5076685290142982,0.77069944,0.4998770338544115,1.0070006,0.8163786989041477,0.5972251,0.6079747539242858,0.0052414205909524,0.3538824578622594,-0.2294671232168379
0.6666667,0.3137255,0.019607844,0.1764706,0.6862745,0.13725491,0.08756654,0.509430745693522,0.7229312,0.4973842209661094,1.0275385,0.8166932828820067,0.61267877,0.6078360831805459,0.0051027498472126,0.3710852923222114,-0.1361106645908781
0.6666667,0.3137255,0.019607844,0.1764706,0.7058824,0.11764706,0.08840615,0.5094508511007161,0.74193114,0.4983757434838873,1.0113368,0.8164451178738469,0.61389136,0.6080905708194835,0.00535723748615,0.3733663432684264,-0.1350455460745211
0.6666667,0.3137255,0.019607844,0.1764706,0.7254902,0.09803922,0.09495069,0.5096075668006514,0.7615143,0.4993977022710178,0.9804909,0.8159726457340383,0.61231863,0.6083259716019026,0.0055926382685691,0.3717627220743577,-0.1267432624055809
0.6666667,0.3137255,0.019607844,0.19607843,0.6862745,0.11764706,0.18615201,0.511791476358335,0.7229878,0.4973871728332137,0.9843686,0.8160320411829967,0.6311695,0.6084035634581818,0.0056702301248484,0.3934043133051262,-0.0110468984632518
0.6666667,0.3137255,0.019607844,0.19607843,0.7058824,0.09803922,0.18652883,0.5118004997148963,0.7454657,0.4985601962966221,0.9552774,0.8155864452167964,0.6290906,0.6086490470761049,0.0059157137427715,0.3913834816737983,-0.0105688706342046
0.6666667,0.3137255,0.019607844,0.21568628,0.64705884,0.13725491,0.27715322,0.5139705941311696,0.67404157,0.4948328870791766,0.98313296,0.816013114287315,0.6447759,0.6082721984992204,0.0055388651658871,0.4076155130764747,0.0789031102593645
0.6666667,0.3137255,0.019607844,0.21568628,0.6666667,0.11764706,0.27779293,0.5139859125706341,0.70179105,0.4962810096262932,0.95880693,0.8156405079756927,0.6461303,0.6086358100575401,0.0059024767242066,0.410400932460617,0.1052071331073953
0.6666667,0.3137255,0.019607844,0.23529412,0.64705884,0.11764706,0.36206847,0.5160039772736077,0.6830778,0.4953044486267152,0.9362366,0.815294794271238,0.66046095,0.608867740057187,0.0061344067238536,0.42683030467549,0.0920372987178494
0.6666667,0.3137255,0.019607844,0.27450982,0.7254902,0.0,0.48996884,0.5190666831877911,0.96923167,0.5102375523840538,-0.35865623,0.7954606775459243,0.36684808,0.6082549710392564,0.005521637705923,0.0377587175062153,-0.769055759061275
0.6666667,0.3137255,0.019607844,0.29411766,0.7058824,0.0,0.51328474,0.5196250065864331,0.95477134,0.5094829319762845,-0.34922522,0.7956051340118985,0.37294364,0.6082376908582053,0.0055043575248719,0.0448494298733733,-0.7563436663704671
0.6666667,0.3137255,0.019607844,0.3137255,0.6666667,0.019607844,0.5382295,0.5202223350923364,0.87484366,0.5053118597743259,0.024105538,0.8013235113277425,0.47905958,0.6089525687314682,0.0062192353981349,0.1844106692296974,-0.2531294835382228
0.6666667,0.3137255,0.019607844,0.3137255,0.6862745,0.0,0.5293758,0.5200103233228064,0.9408105,0.5087543775815121,-0.33941713,0.7957553664175537,0.37692305,0.6081733557739574,0.005440022440624,0.0492964619032726,-0.7431232940390944
0.6666667,0.3137255,0.019607844,0.33333334,0.64705884,0.019607844,0.5486877,0.5204727667783353,0.8646469,0.5047797367383565,0.035960305,0.801505093030608,0.4830983,0.6089191988491,0.0061858655157666,0.1892190569473375,-0.2371503896138691
0.6666667,0.3137255,0.019607844,0.33333334,0.6666667,0.0,0.5368548,0.5201894159693169,0.9302422,0.508202863671435,-0.3298167,0.7959024180164677,0.37909344,0.6080982325524066,0.0053648992190731,0.0516521748379467,-0.7301828310205701
0.6666667,0.3137255,0.019607844,0.3529412,0.60784316,0.039215688,0.56797,0.5209345008684402,0.77162415,0.499925290193986,0.4468344,0.8077985284109122,0.59547615,0.6095527731577794,0.0068194398244461,0.336909544648461,0.220739488915769
0.6666667,0.3137255,0.019607844,0.3529412,0.64705884,0.0,0.5420194,0.5203130881931893,0.91963476,0.5076493092715576,-0.31516814,0.7961267927083056,0.382162,0.6080297300576841,0.0052963967243508,0.0552784098778522,-0.7104379766737603
0.6666667,0.3137255,0.019607844,0.37254903,0.5882353,0.039215688,0.5857459,0.5213601629417192,0.7516699,0.4988839654167697,0.4753793,0.8082357560434181,0.604265,0.6094932948006356,0.0067599614673023,0.3475836904436803,0.1917359453871701
0.6666667,0.3137255,0.019607844,0.37254903,0.60784316,0.019607844,0.57463807,0.5210941751717023,0.833814,0.5031707047737765,0.089014456,0.8023177334044501,0.4991555,0.6088608711166429,0.0061275377833096,0.2090912133195948,-0.1656384660256152
0.6666667,0.3137255,0.019607844,0.37254903,0.627451,0.0,0.5520677,0.5205537043741152,0.9052657,0.5068994510434898,-0.28875428,0.7965313787267407,0.38952637,0.6079948447147819,0.0052615113814485,0.0644333942013851,-0.6748346207902457
0.6666667,0.3137255,0.019607844,0.39215687,0.5882353,0.019607844,0.58533525,0.5213503303091107,0.81627375,0.5022553553577028,0.12471883,0.8028646240055387,0.5087759,0.6088234365574507,0.0060901032241174,0.2211583911567357,-0.1175123820467005
0.6666667,0.3137255,0.019607844,0.4117647,0.54901963,0.039215688,0.6185109,0.5221447553558085,0.69943994,0.4961583158455457,0.56016904,0.8095344965998439,0.62604,0.609279189267066,0.0065458559337327,0.3742294711571761,0.115819672469867
0.6666667,0.3137255,0.019607844,0.43137255,0.54901963,0.019607844,0.6129653,0.5220119598647517,0.7717051,0.4999295142567128,0.2171407,0.8042802671982443,0.53393704,0.608740580439903,0.0060072471065695,0.2527737999167656,0.0070634710411315
0.6666667,0.3137255,0.019607844,0.47058824,0.5294118,0.0,0.6234579,0.5222632165270387,0.80202985,0.501512029185398,-0.07616708,0.7997876168757014,0.44977355,0.6078542875293794,0.005120954196046,0.1401194547318622,-0.3882873839200274
0.6666667,0.3137255,0.019607844,0.49019608,0.50980395,0.0,0.6454712,0.5227903478291461,0.77046365,0.4998647287055552,-0.014321607,0.8007349155480238,0.46720442,0.607796664027575,0.0050633306942417,0.1619214419814467,-0.3049256012041552
0.6666667,0.3137255,0.019607844,0.50980395,0.49019608,0.0,0.6664637,0.5232930338563684,0.73717314,0.4981274444918237,0.052459154,0.8017578089935337,0.4853653,0.6077260957805753,0.0049927624472419,0.1846737604922138,-0.2149115183837497
0.6666667,0.3137255,0.019607844,0.5294118,0.47058824,0.0,0.68545717,0.5237478527040595,0.69999737,0.4961874052672101,0.11811796,0.8027635172153654,0.50119084,0.6075662583955451,0.0048329250622116,0.2041942858424463,-0.1264097261682344
0.6666667,0.3137255,0.019607844,1.0,0.0,0.0,1.1320202,0.5344412652859004,-0.061639838,0.4564409287934069,1.6300111,0.8259214678847954,0.9001305,0.6056012206547009,0.0028678873213675,0.7033105801681541,-0.9904105732833663
0.6666667,0.33333334,0.0,0.09803922,0.8039216,0.09803922,-0.3053402,0.5000221890772062,0.8238897,0.5026527967353484,1.0915145,0.8176732142098275,0.53668797,0.606782733340794,0.0040494000074606,0.2825993623292109,-0.6345451288861297
0.6666667,0.33333334,0.0,0.11764706,0.7647059,0.11764706,-0.2661328,0.5009610506298476,0.8103703,0.5019472818344027,1.1100444,0.817957040042131,0.5514273,0.6069551241687938,0.0042217908354604,0.3009540103273833,-0.5848073238091283
0.6666667,0.33333334,0.0,0.11764706,0.78431374,0.09803922,-0.24081594,0.5015672890223902,0.82274264,0.5025929382205377,1.0736936,0.8174002491344112,0.55187345,0.6071868254591131,0.0044534921257797,0.3013214729980535,-0.5526908025673711
0.6666667,0.33333334,0.0,0.13725491,0.7058824,0.15686275,-0.22599532,0.5019221840444981,0.78692806,0.5007239335470949,1.1032948,0.8178536565192335,0.5547425,0.6068332580369421,0.0040999247036087,0.3035362232022008,-0.5338896285468402
0.6666667,0.33333334,0.0,0.13725491,0.7254902,0.13725491,-0.2111129,0.502278558814299,0.7973786,0.5012693011037493,1.0990717,0.8177889703770874,0.56177914,0.6071122767650453,0.0043789434317118,0.3129952543329015,-0.5150100623479175
0.6666667,0.33333334,0.0,0.13725491,0.74509805,0.11764706,-0.19300915,0.5027120717216123,0.8059569,0.5017169646587037,1.0868064,0.8176011000987815,0.56658477,0.6073433788263659,0.0046100454930324,0.3192959793366676,-0.4920439706790769
0.6666667,0.33333334,0.0,0.13725491,0.7647059,0.09803922,-0.17207336,0.5032134007484785,0.82111573,0.5025080370481331,1.0477914,0.8170034991849373,0.56561124,0.6075749789938497,0.0048416456605162,0.3179638395163769,-0.4654852034704673
0.6666667,0.33333334,0.0,0.15686275,0.6862745,0.15686275,-0.14482544,0.5038658802751612,0.77496266,0.500099512563195,1.084425,0.8175646230745154,0.57152075,0.6071766719709571,0.0044433386376238,0.3235842721776285,-0.4309189786383048
0.6666667,0.33333334,0.0,0.15686275,0.7058824,0.13725491,-0.1329451,0.5041503672106938,0.78722215,0.5007392807676351,1.0816445,0.8175220345920614,0.5786405,0.6074705608567967,0.0047372275234634,0.3332984696044694,-0.4158477940673045
0.6666667,0.33333334,0.0,0.15686275,0.7254902,0.11764706,-0.11856782,0.504494646193861,0.8006882,0.5014420148791273,1.0628439,0.8172340620249074,0.5816548,0.6077235743659652,0.0049902410326319,0.3374552261549157,-0.397609022963409
0.6666667,0.33333334,0.0,0.15686275,0.74509805,0.09803922,-0.10442162,0.5048333913773907,0.8212426,0.5025146561979729,1.0164645,0.8165236593326136,0.5777618,0.6079572356359924,0.005223902302659,0.332557338085797,-0.3796634144103993
0.6666667,0.33333334,0.0,0.1764706,0.6666667,0.15686275,-0.06453979,0.5057884029470221,0.7587356,0.499252693743583,1.0654484,0.8172739554036013,0.5865481,0.6074383506980688,0.0047050173647354,0.3411457004554532,-0.3290700344142026
0.6666667,0.33333334,0.0,0.1764706,0.6862745,0.13725491,-0.051988196,0.5060889638069005,0.77633154,0.5001709483692197,1.0618671,0.8172191001819462,0.5954035,0.6078263374526888,0.0050930041193554,0.3533694419949461,-0.3131473060626702
0.6666667,0.33333334,0.0,0.1764706,0.7058824,0.11764706,-0.04054926,0.5063628809121555,0.7947703,0.5011331855036604,1.0328817,0.8167751256602845,0.5957009,0.6080903973587001,0.0053570640253668,0.3541169279303922,-0.2986360764249233
0.6666667,0.33333334,0.0,0.1764706,0.7254902,0.09803922,-0.032005083,0.5065674800270983,0.81926113,0.5024112537552453,0.98392314,0.8160252176038966,0.59039307,0.60833465046208,0.0056013171287467,0.3475985707760603,-0.2877970865128123
0.6666667,0.33333334,0.0,0.19607843,0.627451,0.1764706,0.021779817,0.5078554148455214,0.6979368,0.4960798720768382,1.0490532,0.8170228268768759,0.5895899,0.6069860379330785,0.0042527045997451,0.3408234266750262,-0.2195665249668775
0.6666667,0.33333334,0.0,0.19607843,0.64705884,0.15686275,0.027332697,0.5079883842881096,0.73429084,0.4979770299106194,1.0451782,0.8169634725118163,0.60226727,0.6076429622368483,0.004909628903515,0.3590440276576694,-0.2125222401114181
0.6666667,0.33333334,0.0,0.19607843,0.6666667,0.13725491,0.035214003,0.5081771102812178,0.76117134,0.4993798044382273,1.0400133,0.8168843613563198,0.61213285,0.6081470920252551,0.0054137586919216,0.3730797551511313,-0.2025241561215338
0.6666667,0.33333334,0.0,0.19607843,0.6862745,0.11764706,0.04126552,0.5083220201137383,0.7859721,0.5006740473040824,1.0007712,0.816283282005712,0.6093363,0.6084264498078442,0.0056931164745108,0.3700231344169447,-0.1948473085785005
0.6666667,0.33333334,0.0,0.19607843,0.7058824,0.09803922,0.046685133,0.5084517983039772,0.8125572,0.5020614061800898,0.95210075,0.8155377881860043,0.60378104,0.6086836642233572,0.0059503308900237,0.3633276790014189,-0.1879720858034375
0.6666667,0.33333334,0.0,0.21568628,0.627451,0.15686275,0.13178284,0.5104895506628521,0.70352566,0.4963715314771568,1.0289986,0.8167156471305531,0.6214357,0.607858909756854,0.0051255764235206,0.3810366516388872,-0.0800186507780467
0.6666667,0.33333334,0.0,0.21568628,0.64705884,0.13725491,0.12983622,0.5104429366479937,0.7394405,0.4982457680162155,1.0169661,0.8165313429346616,0.62874764,0.6084066825329569,0.0056733491996235,0.3922080266541716,-0.082488108365654
0.6666667,0.33333334,0.0,0.21568628,0.6666667,0.11764706,0.12951,0.5104351250645612,0.77053523,0.4998684644193511,0.9718111,0.81583969549865,0.6239521,0.6087144283275208,0.0059810949941874,0.386847286959534,-0.0829019404296172
0.6666667,0.33333334,0.0,0.23529412,0.60784316,0.15686275,0.23087154,0.5128623316192829,0.674239,0.4948431890642656,1.0130783,0.8164717931928389,0.63939625,0.6080591046254625,0.0053257712921291,0.4015949549723411,0.045683500267909
0.6666667,0.33333334,0.0,0.23529412,0.627451,0.13725491,0.22470017,0.5127145516757018,0.71390545,0.4969132068670538,0.99756414,0.8162341593574005,0.6453899,0.6086206393000521,0.0058873059667186,0.4112331923243781,0.0378546036564273
0.6666667,0.33333334,0.0,0.25490198,0.5882353,0.15686275,0.31742626,0.5149349735706003,0.6459438,0.4933665898645253,0.99846035,0.8162478868574472,0.6539435,0.6081831500975242,0.0054498167641909,0.4179186512008253,0.0380630034824097
0.6666667,0.33333334,0.0,0.25490198,0.60784316,0.13725491,0.3057528,0.5146554407746792,0.6909933,0.4957175233911534,0.98208815,0.8159971107392758,0.6596114,0.6087900249683694,0.0060566916350361,0.4274528450699327,0.1035424815129576
0.6666667,0.33333334,0.0,0.27450982,0.5686275,0.15686275,0.39582902,0.5168124083623707,0.6166379,0.4918372427592478,0.9855396,0.8160499775002298,0.6660022,0.6082332095406161,0.0054998762072827,0.4310680547934003,-0.004533203108226
0.6666667,0.33333334,0.0,0.27450982,0.5882353,0.13725491,0.3802259,0.5164387754597226,0.66722214,0.4944770113497027,0.9699657,0.8158114288633117,0.6724712,0.6089090718909124,0.006175738557579,0.4419808113561059,0.0689910660668109
0.6666667,0.33333334,0.0,0.27450982,0.60784316,0.11764706,0.36832926,0.5161538981591125,0.71695477,0.4970723370769476,0.92480224,0.8151196517847751,0.67002875,0.6094486290069451,0.0067152956736117,0.440753658061161,0.1412774884664223
0.6666667,0.33333334,0.0,0.29411766,0.5686275,0.13725491,0.4462021,0.518018643588101,0.6373417,0.4929176821084732,0.9647227,0.8157311207968974,0.6827555,0.6088891488311572,0.0061558154978238,0.4530467706408784,0.0255597807339909
0.6666667,0.33333334,0.0,0.29411766,0.5882353,0.11764706,0.43014818,0.5176342160562734,0.6922617,0.4957837148895513,0.9244077,0.8151136087997518,0.6822725,0.6095105132485256,0.0067771799151921,0.4547533917520188,0.1053860830933785
0.6666667,0.33333334,0.0,0.29411766,0.7058824,0.0,0.41394442,0.5172462003057815,1.0333211,0.5135820986863039,-0.43123937,0.7943489079869088,0.3386754,0.6083924023263314,0.005659068992998,0.0040506429075998,-0.8668908929178046
0.6666667,0.33333334,0.0,0.3137255,0.6666667,0.019607844,0.44684076,0.5180339370499096,0.95628095,0.5095617116792884,-0.040294286,0.8003370871462069,0.45427582,0.6093109119584684,0.0065775786251349,0.1562874120760733,-0.339934290395243
0.6666667,0.33333334,0.0,0.3137255,0.6862745,0.0,0.4375077,0.5178104469770791,1.0216174,0.5129713328094513,-0.4245741,0.7944510010188968,0.3448503,0.6084109269351424,0.005677593601809,0.0113388720433126,-0.8579067600376026
0.6666667,0.33333334,0.0,0.33333334,0.64705884,0.019607844,0.46811348,0.5185433342164155,0.9430558,0.5088715502198885,-0.024934988,0.8005723483864906,0.4620781,0.6093290776075982,0.0065957442742648,0.1657761799598785,-0.3192314255364555
0.6666667,0.33333334,0.0,0.33333334,0.6666667,0.0,0.45496395,0.5182284551829807,1.0104377,0.5123879144727262,-0.4134875,0.7946208167496387,0.35063806,0.6084123954684485,0.0056790621351151,0.0182851098812536,-0.8429630654442793
0.6666667,0.33333334,0.0,0.3529412,0.627451,0.019607844,0.48226383,0.5188821789537447,0.9313831,0.5082624018044629,-0.005449962,0.8008708041951507,0.46939898,0.6093384616511194,0.006605128317786,0.1748590144308531,-0.2929674720456144
0.6666667,0.33333334,0.0,0.3529412,0.64705884,0.0,0.46443307,0.5184552030557719,0.99997914,0.5118421269982013,-0.3919741,0.7949503415720217,0.35747936,0.6084158905419983,0.0056825572086649,0.0268880430206352,-0.8139650551592694
0.6666667,0.33333334,0.0,0.37254903,0.60784316,0.019607844,0.4973172,0.5192426472045037,0.9166263,0.5074923097560436,0.020346913,0.8012659397756463,0.4780968,0.6093336322453979,0.0066002989120645,0.1856653896123656,-0.2581957497082066
0.6666667,0.33333334,0.0,0.37254903,0.627451,0.0,0.47555402,0.5187215055442514,0.9876853,0.5112005671441805,-0.36763477,0.795323151477187,0.3652015,0.608415074721873,0.0056817413885396,0.0365699874405745,-0.7811579804564984
0.6666667,0.33333334,0.0,0.39215687,0.5686275,0.039215688,0.5246815,0.5198979138807475,0.8186867,0.5023812778402988,0.45469248,0.8079188923656645,0.5993536,0.6100660280289035,0.0073326946955702,0.3449370409332646,0.2891449913719327
0.6666667,0.33333334,0.0,0.39215687,0.5882353,0.019607844,0.5130028,0.5196182554829002,0.902118,0.506735188504068,0.051646266,0.8017453578332758,0.48892236,0.6093662672734147,0.0066329339400813,0.1993318155036776,-0.2160072139086144
0.6666667,0.33333334,0.0,0.39215687,0.60784316,0.0,0.48893,0.5190418068699318,0.97465765,0.5105207107803723,-0.33650705,0.7957999406217822,0.37569353,0.6084541527573621,0.0057208194240287,0.0498999799230325,-0.7392007876151024
0.6666667,0.33333334,0.0,0.4117647,0.5686275,0.019607844,0.52777445,0.5199719776256575,0.8849924,0.5058414788555862,0.09094088,0.8023472407735316,0.5012359,0.609386899084925,0.0066535657515917,0.2149359264175974,-0.1630418331348962
0.6666667,0.33333334,0.0,0.4117647,0.5882353,0.0,0.50416124,0.5194065348814718,0.9612565,0.5098213640063686,-0.30374646,0.7963017407309809,0.38722375,0.6085098798729404,0.005776546539607,0.0645671971553328,-0.6950426431016333
0.6666667,0.33333334,0.0,0.43137255,0.5294118,0.039215688,0.5671049,0.520913785114386,0.76677454,0.4996722103592045,0.5388594,0.8092080932407928,0.6242463,0.6099313629047944,0.0071980295714611,0.3755410748495114,0.2136905718392751
0.6666667,0.33333334,0.0,0.43137255,0.54901963,0.019607844,0.5439945,0.5203603830275795,0.86470705,0.5047828752356255,0.13211772,0.8029779541685755,0.5136064,0.6093737374772602,0.0066404041439268,0.2304672885273261,-0.1075393875706609
0.6666667,0.33333334,0.0,0.43137255,0.5686275,0.0,0.5199829,0.5197854002461816,0.9450646,0.5089763803833757,-0.26742512,0.7968580815417652,0.39920744,0.6085399540571075,0.0058066207237741,0.0797317966759232,-0.6460849456619516
0.6666667,0.33333334,0.0,0.4509804,0.50980395,0.039215688,0.59441847,0.5215678371629117,0.7312211,0.4978168327982843,0.5894569,0.8099831044723128,0.63836545,0.6097892581445029,0.0070559248111695,0.392598783791018,0.1620135878401148
0.6666667,0.33333334,0.0,0.4509804,0.5294118,0.019607844,0.56594574,0.520886028515992,0.83596706,0.5032830623539047,0.18046817,0.8037185471356462,0.52746034,0.6092958793351809,0.0065625460018476,0.2475490085527913,-0.0423675977163657
0.6666667,0.33333334,0.0,0.4509804,0.54901963,0.0,0.53841245,0.5202267154595124,0.92288923,0.5078191458318971,-0.22180527,0.7975568492739237,0.41316548,0.6085342368551111,0.0058009035217777,0.0972780293357366,-0.584593754384068
0.6666667,0.33333334,0.0,0.47058824,0.49019608,0.039215688,0.6218907,0.5222256886697045,0.69356793,0.4958518815571919,0.64636344,0.8108547523375745,0.6539407,0.6096441075214903,0.0069107741881569,0.4115409426897367,0.1072846981608092
0.6666667,0.33333334,0.0,0.47058824,0.50980395,0.019607844,0.5897449,0.521455924419379,0.8043902,0.5016352050940708,0.24178168,0.8046576976725595,0.5453056,0.6092496090620031,0.0065162757286697,0.2698619921137486,0.0402771533880883
0.6666667,0.33333334,0.0,0.47058824,0.5294118,0.0,0.55924433,0.5207255563550396,0.8965629,0.5064452896483026,-0.16469517,0.7984316154071031,0.4303707,0.6085341538034817,0.0058008204701484,0.1189915369399799,-0.5076147967945557
0.6666667,0.33333334,0.0,0.49019608,0.47058824,0.039215688,0.64445466,0.5227660053194731,0.6573089,0.493959681864785,0.6949828,0.8115994646502298,0.6655821,0.6094417172781627,0.0067083839448293,0.4253595825714014,0.0545821241471271
0.6666667,0.33333334,0.0,0.49019608,0.49019608,0.019607844,0.6147141,0.5220538366887801,0.76675314,0.4996710936887193,0.3076157,0.8056660896430182,0.5630276,0.6091303400068392,0.0063970066735059,0.2917646231507406,0.1290151140649816
0.6666667,0.33333334,0.0,0.49019608,0.50980395,0.0,0.5819276,0.5212687304486291,0.86701137,0.5049031272717187,-0.101689294,0.7993966882864412,0.4490832,0.6085228486689297,0.0057895153355963,0.142574317147148,-0.4226888932512336
0.6666667,0.33333334,0.0,0.50980395,0.47058824,0.019607844,0.6361449,0.5225670190406072,0.7289805,0.4976999058896247,0.37320963,0.8066708041480483,0.579445,0.6089792430260933,0.00624590969276,0.3119974463040567,0.1587568760445507
0.6666667,0.33333334,0.0,0.50980395,0.49019608,0.0,0.6049655,0.5218203969451828,0.8354822,0.5032577584140802,-0.036108416,0.8004012029068914,0.4681131,0.6084931194220514,0.0057597860887181,0.1665058270343016,-0.3342921373267234
0.6666667,0.33333334,0.0,0.5294118,0.47058824,0.0,0.6274618,0.5223590936155623,0.7982842,0.5013165589719429,0.031360734,0.8014346405350239,0.48570225,0.6083700977075097,0.0056367643741763,0.1883101623768851,-0.2433501720059176
0.6666667,0.33333334,0.0,0.54901963,0.4509804,0.0,0.64755386,0.5228402189303178,0.76065844,0.4993530385621129,0.10034175,0.8024912357303762,0.50285137,0.6082281644076023,0.0054948310742689,0.2095699031878845,-0.1503703530036805
0.6666667,0.33333334,0.0,0.5686275,0.43137255,0.0,0.6720172,0.5234260191776091,0.7202651,0.4972450881783585,0.17585982,0.8036479602044154,0.522714,0.6081063558534611,0.0053730225201276,0.2342742826814443,-0.0485792103742953
0.6666667,0.33333334,0.0,0.5882353,0.4117647,0.0,0.69836944,0.524057050391276,0.67812747,0.4950461120422959,0.25524265,0.8048638817834795,0.5439132,0.6079890147390171,0.0052556814056837,0.2606687299984569,0.0584212462240266
0.6666667,0.33333334,0.0,0.60784316,0.39215687,0.0,0.72991145,0.5248123561471433,0.6313097,0.4926028992307538,0.3451026,0.8062402836902625,0.5687745,0.6078851796893865,0.0051518463560531,0.2916975869880157,0.0167922769774778
0.6666667,0.33333334,0.0,0.84313726,0.15686275,0.0,1.0406201,0.532252594630202,0.20937961,0.4705842350786284,1.3502977,0.8216370453688931,0.8667658,0.6081579583592411,0.0054246250259078,0.6702944276841407,-0.5964835214578027
0.6666667,0.33333334,0.0,0.8627451,0.13725491,0.0,1.0574708,0.5326561022364541,0.1806314,0.469083992947529,1.3917285,0.8222716491809079,0.8766103,0.6080039147882971,0.0052705814549636,0.6821063444908355,-0.6382690804926116
0.6666667,0.33333334,0.0,0.88235295,0.0,0.11764706,1.4037437,0.5409479645979401,-0.5581781,0.4305287919784247,1.1439539,0.8184764391241051,0.6631732,0.59665106523349,-0.0060822680998433,0.3592526040098256,-1.712129487954153
0.6666667,0.33333334,0.0,0.88235295,0.11764706,0.0,1.0734437,0.5330385886476042,0.1506573,0.4675197771064883,1.4330459,0.8229045146875164,0.88571566,0.607820960147203,0.0050876268138696,0.6929021164828377,-0.6818364700586477
0.6666667,0.33333334,0.0,0.9019608,0.019607844,0.078431375,1.2941875,0.538324528583903,-0.3075592,0.4436074855411964,1.3754115,0.8220217184780759,0.7873466,0.6013179108677251,-0.0014154224656082,0.5383447894411871,-1.3478546081620018
0.6666667,0.33333334,0.0,0.9019608,0.039215688,0.05882353,1.2364484,0.5369419054349592,-0.19417688,0.4495244067261928,1.4703214,0.8234754713235365,0.8375309,0.6033139278282295,0.0005805944948961,0.6115061053421456,-1.1830533041892968
0.6666667,0.33333334,0.0,0.9019608,0.09803922,0.0,1.0903615,0.5334437033875937,0.11664642,0.4657448997454024,1.4717921,0.823497998081727,0.89293337,0.6075622004049077,0.0048288670715743,0.7009864586139963,-0.731271318749938
0.6666667,0.33333334,0.0,0.92156863,0.0,0.078431375,1.3135893,0.5387891243997126,-0.33620504,0.4421125856985602,1.3668482,0.8218905531098458,0.7814109,0.6009307544027062,-0.0018025789306271,0.5288226282303268,-1.3894913708756464
0.6666667,0.33333334,0.0,0.92156863,0.019607844,0.05882353,1.2511272,0.5372934052799997,-0.21980593,0.4481869403142035,1.4729515,0.8235157572817076,0.8347576,0.602998700958637,0.0002653676253035,0.6064776421610164,-1.2203051454466145
0.6666667,0.33333334,0.0,0.92156863,0.039215688,0.039215688,1.193513,0.5359137737405707,-0.11218765,0.4538030622753801,1.5334666,0.8244426775984409,0.8715973,0.6047198378714639,0.0019865045381305,0.66144545073554,-1.0638818649035902
0.6666667,0.33333334,0.0,0.9411765,0.0,0.05882353,1.2659866,0.5376492269731369,-0.24668723,0.4467841237948085,1.4709527,0.8234851415603345,0.830084,0.6026394974427599,-9.383589057339788e-05,0.5988390057430831,-1.2593771534052411
0.6666667,0.33333334,0.0,0.9411765,0.019607844,0.039215688,1.2084665,0.5362718505592009,-0.14116257,0.45229098895828,1.548586,0.824674264796954,0.8719633,0.6044123681048116,0.0016790347714783,0.6605235169455622,-1.1059969525597029
0.6666667,0.33333334,0.0,0.9411765,0.039215688,0.019607844,1.1592095,0.5350923399978574,-0.04157675,0.4574879325710085,1.575029,0.8250792972604226,0.8975539,0.6058865232764296,0.0031531899430961,0.6998248969865966,-0.961248855150188
0.6666667,0.33333334,0.0,0.9411765,0.05882353,0.0,1.1191523,0.5341331295058781,0.05205527,0.4623741735079923,1.53924,0.8245311102340835,0.9034825,0.6070128044159847,0.0042794710826513,0.7121709782572667,-0.8251546174946918
0.6666667,0.33333334,0.0,0.9607843,0.0,0.039215688,1.2256317,0.5366828885718461,-0.17206609,0.450678271047948,1.558451,0.8248253695507268,0.8706722,0.6040621763901736,0.0013288430568402,0.6572416130886526,-1.1509152481146254
0.6666667,0.33333334,0.0,0.9607843,0.019607844,0.019607844,1.1730685,0.5354242088327518,-0.07052399,0.4559773040824331,1.5924575,0.8253462531309103,0.898334,0.6055825886820317,0.0028492553486983,0.6994910477287064,-1.0033237006571416
0.6666667,0.33333334,0.0,0.9607843,0.039215688,0.0,1.1321714,0.5344448849050462,0.022582978,0.4608361449895556,1.5686104,0.8249809825776594,0.9077883,0.6067540041574203,0.004020670824087,0.7165930785449977,-0.8679926235219326
0.6666667,0.33333334,0.0,0.98039216,0.0,0.019607844,1.1875108,0.5357700451727566,-0.10121221,0.4543758216968263,1.6080451,0.8255850108392243,0.8981145,0.6052436259029358,0.0025102925696023,0.6977332041764877,-1.0479290582722758
0.6666667,0.33333334,0.0,0.98039216,0.019607844,0.0,1.1458249,0.5347718324281051,-0.007398404,0.4592715492783673,1.5951746,0.8253878702074019,0.91120034,0.6064770839712915,0.003743750637958,0.7197759231286373,-0.9115705934377336
0.6666667,0.33333334,0.0,1.0,0.0,0.0,1.1589513,0.5350861569575817,-0.038102873,0.4576692188919497,1.6195967,0.8257619491485518,0.9134817,0.6061724416660277,0.0034391083326943,0.7214231414682845,-0.9561995700322324
0.6862745,0.25490198,0.05882353,0.3137255,0.6862745,0.0,0.7338931,0.5249077008547753,0.6320679,0.4926424679361635,-0.049380537,0.8001979113306896,0.43886018,0.6059160267072096,0.0031826933738761,0.1165067747860646,-0.3521816886355584
0.6862745,0.27450982,0.039215688,0.29411766,0.7058824,0.0,0.65329695,0.5229777430484369,0.77637005,0.5001729577539925,-0.17187157,0.7983216931534703,0.41926515,0.6071574646519666,0.0044241313186332,0.0973048590019786,-0.5172878970433977
0.6862745,0.27450982,0.039215688,0.3137255,0.6862745,0.0,0.66235536,0.5231946561476777,0.76655173,0.4996605832999465,-0.16418962,0.798439359037292,0.42157254,0.6070981994949721,0.0043648661616387,0.0998298417722393,-0.5069333614288102
0.6862745,0.27450982,0.039215688,0.33333334,0.6666667,0.0,0.6660529,0.5232831969418761,0.75777906,0.499202776395543,-0.15184353,0.798628466397439,0.42399612,0.607038146578286,0.0043048132449527,0.1026901290854542,-0.4902920136394181
0.6862745,0.27450982,0.039215688,0.3529412,0.64705884,0.0,0.6693408,0.5233619293674745,0.7479717,0.4986909742740019,-0.13716488,0.7988533021419189,0.42671588,0.6069687352611318,0.0042354019277984,0.1059239362743994,-0.4705065869036859
0.6862745,0.27450982,0.039215688,0.37254903,0.627451,0.0,0.67248017,0.5234371049748903,0.7367322,0.4981044329925216,-0.11750397,0.7991544519131196,0.43056944,0.6068986632935105,0.0041653299601771,0.1106395733907499,-0.4440055661324559
0.6862745,0.27450982,0.039215688,0.39215687,0.60784316,0.0,0.6809284,0.5236394068591488,0.7176676,0.4971095355792662,-0.0850829,0.7996510514854641,0.43783772,0.6067999979746265,0.004066664641293,0.1195420289988831,-0.4003050661147701
0.6862745,0.27450982,0.039215688,0.4117647,0.5882353,0.0,0.69226843,0.5239109553689889,0.69555557,0.4959556074922048,-0.0475852,0.80022541083834,0.44674626,0.6066973245665113,0.0039639912331779,0.1304717745812349,-0.3497617464900445
0.6862745,0.29411766,0.019607844,0.15686275,0.7058824,0.13725491,0.0500692,0.5085328333126147,0.6627794,0.4942451638066535,1.0828558,0.8175405880807518,0.59856814,0.60677286173334,0.0040395284000066,0.3509397029457965,-0.183679116885196
0.6862745,0.29411766,0.019607844,0.1764706,0.7058824,0.11764706,0.1480007,0.5108779039685205,0.6705076,0.4946484653714693,1.046096,0.8169775305090043,0.62153476,0.6075012999496647,0.0047679666163313,0.3795791548463937,-0.0594449666560354
0.6862745,0.29411766,0.019607844,0.1764706,0.7254902,0.09803922,0.1501028,0.5109282407245607,0.6923308,0.4957873199622319,1.0156658,0.8165114254605316,0.61936647,0.6077423287157747,0.0050089953824413,0.3773690465353784,-0.0567782904532554
0.6862745,0.29411766,0.019607844,0.19607843,0.6862745,0.11764706,0.24350072,0.5131647503707215,0.65099066,0.4936299623528876,1.0169482,0.816531069042003,0.63714653,0.6077752605885375,0.005041927255204,0.3974102706911371,0.0453985971392426
0.6862745,0.29411766,0.019607844,0.21568628,0.6666667,0.11764706,0.3355575,0.5153691444607315,0.62401587,0.4922222670099382,0.99039656,0.816124372224146,0.64999,0.6079052612316053,0.0051719278982719,0.4113384595390123,0.0061907015359311
0.6862745,0.29411766,0.019607844,0.29411766,0.7058824,0.0,0.57068396,0.5209994898741828,0.88689405,0.5059407163351392,-0.27132732,0.7967983108598646,0.3954169,0.6079128390230621,0.0051795056897288,0.0712343742068976,-0.6513447340929416
0.6862745,0.29411766,0.019607844,0.3137255,0.6862745,0.0,0.58383155,0.5213143225205426,0.8776702,0.5054593660354644,-0.26630723,0.7968752043978024,0.3983982,0.6078829643179363,0.005149630984603,0.0745805613383834,-0.644578143376516
0.6862745,0.29411766,0.019607844,0.33333334,0.6666667,0.0,0.59034467,0.5214702858578035,0.8681474,0.5049624103435216,-0.25486326,0.7970504938733254,0.4012096,0.6078277300248836,0.0050943966915501,0.0778626704176788,-0.6291527621341808
0.6862745,0.29411766,0.019607844,0.3529412,0.60784316,0.039215688,0.6143566,0.5220452757756744,0.70646846,0.4965251032186465,0.5023813,0.8086493513043687,0.60773546,0.6090732434328966,0.0063399100995631,0.3499139848317964,0.1260356336898698
0.6862745,0.29411766,0.019607844,0.3529412,0.64705884,0.0,0.5948768,0.5215788130585074,0.85844576,0.5044561262538488,-0.2385523,0.7973003319091412,0.40492344,0.6077784237404992,0.0050450904071657,0.0824072473042658,-0.6071671469693474
0.6862745,0.29411766,0.019607844,0.37254903,0.60784316,0.019607844,0.61961025,0.5221710803777029,0.7730366,0.4999989997775169,0.1532397,0.8033014834806629,0.5152955,0.6084905212119609,0.0057571878786275,0.2275179936468842,-0.0790689790243018
0.6862745,0.29411766,0.019607844,0.37254903,0.627451,0.0,0.6012439,0.5217312795239596,0.8459886,0.503806040511806,-0.21682017,0.7976332071234701,0.41013744,0.6077235090530785,0.0049901757197452,0.0888284055849577,-0.5778743039630792
0.6862745,0.29411766,0.019607844,0.39215687,0.60784316,0.0,0.6101661,0.5219449298277086,0.82929236,0.5029347389250939,-0.18381554,0.7981387451827264,0.41854763,0.6076728046451763,0.0049394713118429,0.0993409419537205,-0.5333872218192638
0.6862745,0.29411766,0.019607844,0.4117647,0.5882353,0.0,0.6229307,0.5222505921061615,0.8086381,0.501856884403649,-0.14542693,0.798726750723766,0.42871395,0.6076114090778589,0.0048780757445254,0.1119796659309888,-0.4816430448452798
0.6862745,0.29411766,0.019607844,0.43137255,0.5686275,0.0,0.63789314,0.5226088830189841,0.78602254,0.500676678789404,-0.10169104,0.799396661581907,0.44074154,0.6075607411300984,0.004827407796765,0.1270000495019784,-0.4226912432361301
0.6862745,0.29411766,0.019607844,0.4509804,0.54901963,0.0,0.65690196,0.5230640686813915,0.7588752,0.49925997854101,-0.05243556,0.8001511169982196,0.45444724,0.6074917214068737,0.0047583880735403,0.1440157881941596,-0.3562995651719376
0.6862745,0.29411766,0.019607844,0.47058824,0.5294118,0.0,0.67456573,0.5234870460134982,0.72737205,0.4976159689730707,-0.0040841512,0.8008917245728987,0.4659512,0.6073315798531559,0.0045982465198225,0.1579461811832172,-0.2911264898558154
0.6862745,0.29411766,0.019607844,0.49019608,0.50980395,0.0,0.6920522,0.5239057771441227,0.6947701,0.4959146172870409,0.050673414,0.8017304564749433,0.4791652,0.6071836169687024,0.0044502836353689,0.1741475126102342,-0.2173185255696333
0.6862745,0.29411766,0.019607844,1.0,0.0,0.0,1.1364279,0.5345468108681518,-0.07672305,0.4556538028543344,1.6395335,0.8260673248552303,0.8997461,0.6054226461925721,0.0026893128592388,0.702145025395227,-1.0123340326457837
0.6862745,0.3137255,0.0,0.11764706,0.78431374,0.09803922,-0.19290216,0.5027146337154477,0.7716452,0.4999263882014548,1.1132973,0.818006866594575,0.5640135,0.6068826295038258,0.0041492961704924,0.3146195976192967,-0.4919082446504246
0.6862745,0.3137255,0.0,0.13725491,0.7254902,0.13725491,-0.15897964,0.5035269434773293,0.7345275,0.4979893817170168,1.1386138,0.8183946438205547,0.57138723,0.6066369896716336,0.0039036563383002,0.3223553110382793,-0.448874738288445
0.6862745,0.3137255,0.0,0.13725491,0.74509805,0.11764706,-0.1437358,0.5038919730048569,0.74984723,0.4987888493533529,1.1271856,0.8182195953705712,0.57776564,0.6069668059095936,0.0042334725762603,0.3310890119614623,-0.4295366714175235
0.6862745,0.3137255,0.0,0.13725491,0.7647059,0.09803922,-0.12470303,0.504347732261288,0.76894593,0.4997855259741781,1.0919989,0.8176806348749233,0.5787473,0.6072712977034631,0.0045379643701297,0.3325811353585484,-0.4053920411526723
0.6862745,0.3137255,0.0,0.15686275,0.7058824,0.13725491,-0.07872333,0.5054487635634155,0.723347,0.4974059198332534,1.1195017,0.8181019000432888,0.5880418,0.6069855278133193,0.0042521944799858,0.3422884871588103,-0.3470630147538173
0.6862745,0.3137255,0.0,0.15686275,0.7254902,0.11764706,-0.068498224,0.505693614170643,0.7423203,0.4983960519563046,1.1021266,0.8178357621988747,0.5919829,0.6073084761086074,0.004575142775274,0.3479981838667039,-0.3340916328274818
0.6862745,0.3137255,0.0,0.15686275,0.74509805,0.09803922,-0.05553278,0.5060040850938626,0.7651326,0.4995865253401083,1.0621129,0.8172228652930258,0.5905709,0.6076044919089989,0.0048711585756655,0.3465551300776988,-0.3176439018305834
0.6862745,0.3137255,0.0,0.1764706,0.6862745,0.13725491,0.0022210898,0.5073870609852899,0.7093059,0.4966731755912845,1.0964036,0.8177481019405292,0.60264355,0.6072694461723679,0.0045361128390344,0.3593357544289143,-0.2443783760238524
0.6862745,0.3137255,0.0,0.1764706,0.7058824,0.11764706,0.011991692,0.5076210281142478,0.73384714,0.4979538753281911,1.0748637,0.8174181708440359,0.6069009,0.6076643580954916,0.0049310247621582,0.3656796856743958,-0.231983565072444
0.6862745,0.3137255,0.0,0.19607843,0.64705884,0.15686275,0.09124691,0.5095188759621065,0.6501662,0.493586937878929,1.0738453,0.8174025717441558,0.60508615,0.6068361285283971,0.0041027951950637,0.3581925942443186,-0.1314418120769901
0.6862745,0.3137255,0.0,0.19607843,0.6666667,0.13725491,0.09651823,0.5096451032217532,0.687646,0.4955428406675383,1.0721335,0.817376352912928,0.6187659,0.6075214322674065,0.0047880989340731,0.3778115042737857,-0.1247547059557054
0.6862745,0.3137255,0.0,0.19607843,0.6862745,0.11764706,0.10298419,0.5097999372121493,0.72024304,0.4972439372923431,1.0469431,0.8169905057172155,0.62339014,0.6080114600739027,0.0052781267405693,0.3850208759473408,-0.1165521090851098
0.6862745,0.3137255,0.0,0.19607843,0.7058824,0.09803922,0.10148733,0.5097640933840502,0.7504618,0.498820921747149,0.99754363,0.8162338452938187,0.6164976,0.608272953475006,0.0055396201416726,0.3768336832762926,-0.1184509975103465
0.6862745,0.3137255,0.0,0.21568628,0.627451,0.15686275,0.18704422,0.5118128411746158,0.6212521,0.4920780392186922,1.05184,0.8170655121347359,0.6200454,0.6069854641760146,0.0042521308426812,0.3748056004243656,-0.0099150605850363
0.6862745,0.3137255,0.0,0.21568628,0.64705884,0.13725491,0.18581752,0.5117834667377746,0.6625321,0.4942322583307676,1.0482408,0.8170103830204223,0.63219684,0.6076753693629882,0.0049420360296548,0.3926699294347157,-0.0114712218845815
0.6862745,0.3137255,0.0,0.21568628,0.6666667,0.11764706,0.18941557,0.5118696257340829,0.70150703,0.4962661880807168,1.0156062,0.8165105124850031,0.63550955,0.6082154420999343,0.0054821087666009,0.3984119942762922,-0.0069068009090354
0.6862745,0.3137255,0.0,0.21568628,0.6862745,0.09803922,0.18764277,0.511827174067148,0.7358185,0.4980567520959548,0.96720773,0.815769184572632,0.630223,0.6085510369119116,0.0058177035785782,0.392540776677842,-0.0091557509584478
0.6862745,0.3137255,0.0,0.23529412,0.60784316,0.15686275,0.2835976,0.5141249110840913,0.5920646,0.4905548726823676,1.0378569,0.8168513317276493,0.63783973,0.6071770384980361,0.0044437051647027,0.3952102851723214,-0.0402504713019162
0.6862745,0.3137255,0.0,0.23529412,0.627451,0.13725491,0.2736799,0.5138874221056687,0.6373388,0.4929175328043415,1.0300294,0.8167314361293432,0.64701605,0.6078454636797844,0.0051121303464511,0.4094349375864458,0.0255556222341855
0.6862745,0.3137255,0.0,0.23529412,0.64705884,0.11764706,0.26977754,0.5137939756998757,0.6831674,0.4953091237123398,0.99047595,0.81612558830755,0.64780694,0.6084095625732552,0.0056762292399218,0.4122173099968056,0.0921675117430079
0.6862745,0.3137255,0.0,0.23529412,0.6666667,0.09803922,0.26592278,0.5137016697024808,0.72049916,0.4972573031226352,0.946161,0.8154468074356617,0.6441943,0.6088019267535926,0.0060685934202592,0.4087637514881208,0.0901488784254756
0.6862745,0.3137255,0.0,0.25490198,0.5882353,0.15686275,0.37293154,0.516264104571932,0.559581,0.4888596953442851,1.0258596,0.8166675661873196,0.6527907,0.6072637887011788,0.0045304553678455,0.4118573459871621,-0.0874654716452297
0.6862745,0.3137255,0.0,0.25490198,0.60784316,0.13725491,0.3581116,0.5159092256068885,0.61160976,0.4915748469687472,1.0179623,0.8165466024076451,0.66256124,0.6080102249944269,0.0052768916610935,0.4272502814279624,-0.0118415932454981
0.6862745,0.3137255,0.0,0.25490198,0.627451,0.11764706,0.3463886,0.5156285067291416,0.66364664,0.4942904216215826,0.97092813,0.8158261706791706,0.6603212,0.6085816996766317,0.0058483663432982,0.426372442786703,0.0637940675703488
0.6862745,0.3137255,0.0,0.27450982,0.5882353,0.13725491,0.4340905,0.517728618749459,0.5831239,0.490088297270728,1.0063971,0.8163694559398971,0.6745372,0.6080621239866947,0.0053287906533613,0.4403811129473802,-0.0532457831939812
0.6862745,0.3137255,0.0,0.29411766,0.7058824,0.0,0.4720766,0.5186382350354221,0.97719747,0.5106532524128081,-0.3518719,0.7955645942465305,0.3658007,0.6082853605649202,0.0055520272315868,0.0371004309300348,-0.7599111443060949
0.6862745,0.3137255,0.0,0.3137255,0.6862745,0.0,0.49645537,0.5192220099516535,0.96461105,0.5099964231008157,-0.34293774,0.7957014406049867,0.3727096,0.6083066245524853,0.0055732912191519,0.0453252710314776,-0.7478687370565205
0.6862745,0.3137255,0.0,0.33333334,0.6666667,0.0,0.51251924,0.519606675841682,0.95233005,0.5093555320048849,-0.332595,0.7958598624011327,0.37741807,0.6082740234159,0.0055406900825665,0.0508149124501404,-0.7339277026883362
0.6862745,0.3137255,0.0,0.37254903,0.627451,0.0,0.5274396,0.5199639590845058,0.93065387,0.5082243479138896,-0.28965312,0.7965176110557708,0.3894801,0.6082353060180553,0.005501972684722,0.0659158705440896,-0.6760461685622767
0.6862745,0.3137255,0.0,0.39215687,0.5686275,0.039215688,0.5723373,0.5210390815995313,0.749346,0.4987626931357764,0.51295364,0.8088112894257627,0.6115457,0.6095376880536901,0.0068043547203568,0.357670042425325,0.1883582039201846
0.6862745,0.3137255,0.0,0.39215687,0.5882353,0.019607844,0.55982906,0.5207395581152209,0.84410715,0.5037078574926833,0.12242775,0.8028295310521738,0.50878793,0.6090923155533593,0.0063589822200259,0.2228287278905314,-0.1206005434035526
0.6862745,0.3137255,0.0,0.39215687,0.60784316,0.0,0.5401557,0.5202684595451416,0.9191828,0.5076257223292479,-0.25995517,0.7969725001998758,0.39979443,0.6082888940247551,0.0055555606914217,0.0790786021373092,-0.6360161641944638
0.6862745,0.3137255,0.0,0.4117647,0.5686275,0.019607844,0.57822293,0.5211800183790768,0.82472146,0.5026962038011445,0.15993,0.8034039601906167,0.5209581,0.6090933941236126,0.0063600607902793,0.2380642186296639,-0.0700510826857987
0.6862745,0.3137255,0.0,0.4117647,0.5882353,0.0,0.5549011,0.5206215536782679,0.904149,0.506841175774576,-0.22728866,0.7974728591772028,0.41058716,0.6083118628766822,0.0055785295433488,0.0927070946552368,-0.5919848385243709
0.6862745,0.3137255,0.0,0.43137255,0.5686275,0.0,0.5704834,0.5209946870278005,0.8869304,0.5059426137418132,-0.19193295,0.7980144093279373,0.42182696,0.6083172366991837,0.0055839033658503,0.1068391846382222,-0.5443287113553058
0.6862745,0.3137255,0.0,0.4509804,0.54901963,0.0,0.589747,0.5214559743746906,0.8633171,0.5047103383116293,-0.14949429,0.7986644501866759,0.43452325,0.6082769209576653,0.0055435876243318,0.1226120971873882,-0.4871254591964535
0.6862745,0.3137255,0.0,0.47058824,0.50980395,0.019607844,0.6392436,0.522641221233095,0.7301786,0.4977624301052871,0.29849455,0.8055263792803291,0.5559723,0.6086433435395704,0.005910010206237,0.2803186674347227,0.1167206759559386
0.6862745,0.3137255,0.0,0.47058824,0.5294118,0.0,0.6095825,0.5219309551861249,0.83221275,0.5030871411175518,-0.098691836,0.7994426009127945,0.44770113,0.6081535657388238,0.0054202324054903,0.1387552997676418,-0.418648606387325
0.6862745,0.3137255,0.0,0.49019608,0.50980395,0.0,0.6312983,0.5224509628608048,0.79752666,0.5012770275925661,-0.039098408,0.8003554046307231,0.46324217,0.6080277983613647,0.0052944650280313,0.1579080598247431,-0.3383223614347633
0.6862745,0.3137255,0.0,0.50980395,0.49019608,0.0,0.6506703,0.5229148450293065,0.7626837,0.4994587272243575,0.025161732,0.8013396892541077,0.4795052,0.6079044205025905,0.0051710871692572,0.178090457320733,-0.2517058345647222
0.6862745,0.3137255,0.0,0.5294118,0.47058824,0.0,0.6693278,0.5233616182172482,0.7265875,0.497575025425448,0.09070738,0.8023436641918987,0.4955409,0.6077601026115317,0.0050267692781983,0.1979411092889701,-0.1633565704291151
0.6862745,0.3137255,0.0,0.8627451,0.13725491,0.0,1.0705664,0.5329696902819089,0.15206197,0.467593080769411,1.4109004,0.8225653077596534,0.8778429,0.6077093596036578,0.0049760262703244,0.6824160010191881,-0.6797947766072854
0.6862745,0.3137255,0.0,0.88235295,0.0,0.11764706,1.4024485,0.5409169494859382,-0.56371886,0.4302396458643234,1.1982926,0.8193087550906231,0.6790075,0.5968217834802949,-0.0059115498530384,0.3804348812685965,-1.7201829426399036
0.6862745,0.3137255,0.0,0.88235295,0.019607844,0.09803922,1.3381212,0.5393765646085175,-0.42734537,0.4373563750518591,1.3149523,0.8210956527064373,0.7419093,0.5992761974556046,-0.0034571358777287,0.4717217203032881,-1.5219639342305156
0.6862745,0.3137255,0.0,0.88235295,0.039215688,0.078431375,1.2828393,0.5380527831074059,-0.3046182,0.4437609624123525,1.412896,0.822595876006299,0.79703903,0.6014698738420191,-0.0012634594913141,0.5518128216088866,-1.3435798869505196
0.6862745,0.3137255,0.0,0.88235295,0.11764706,0.0,1.0853906,0.5333246698712227,0.12564175,0.4662143263216199,1.4481187,0.8231353879391662,0.8863837,0.607558128044003,0.0048247947106696,0.6926061979117203,-0.7181965946727852
0.6862745,0.3137255,0.0,0.9019608,0.0,0.09803922,1.3577712,0.5398471036791074,-0.45014042,0.4361668021585999,1.301635,0.8208916702360042,0.7364219,0.5989685253579039,-0.0037648079754295,0.4630032656650871,-1.555096564841993
0.6862745,0.3137255,0.0,0.9019608,0.019607844,0.078431375,1.2984016,0.5384254383132422,-0.32527834,0.4426828015063873,1.4087842,0.8225328934764892,0.79396915,0.6012137110987062,-0.0015196222346271,0.546536187455087,-1.373609410352997
0.6862745,0.3137255,0.0,0.9019608,0.039215688,0.05882353,1.2456651,0.537162608001405,-0.21407452,0.4484860369265836,1.4885244,0.8237542903980416,0.8400383,0.6031343117753435,0.00040097844201,0.6139417017811629,-1.2119745440759129
0.6862745,0.3137255,0.0,0.9019608,0.05882353,0.039215688,1.1878116,0.5357772473013881,-0.10461349,0.4541983239682276,1.5313383,0.8244100788942199,0.8715121,0.6047952167212786,0.0020618833879451,0.6617480013455114,-1.052872821457668
0.6862745,0.3137255,0.0,0.92156863,0.0,0.078431375,1.3153155,0.538830458851787,-0.3475954,0.4415181732898856,1.4023004,0.8224335799984978,0.7900068,0.6009274040467235,-0.0018059292866098,0.5399626100968131,-1.4060472682730183
0.6862745,0.3137255,0.0,0.92156863,0.019607844,0.05882353,1.2600484,0.5375070313197402,-0.24035203,0.447114729799988,1.4972702,0.82388825129734,0.83898884,0.6028366708056895,0.000103337472356,0.6112218733300945,-1.2501689353047618
0.6862745,0.3137255,0.0,0.92156863,0.039215688,0.039215688,1.2018808,0.5361141487770978,-0.13208646,0.4527646314321545,1.5484493,0.8246721704310916,0.8727479,0.6045169835467813,0.0017836502134479,0.6620746240764861,-1.0928048050101793
0.6862745,0.3137255,0.0,0.92156863,0.078431375,0.0,1.1125815,0.533975784547429,0.06329328,0.4629606354716526,1.5197426,0.8242324649830013,0.89853907,0.6070562950006942,0.0043229616673609,0.7060770493366445,-0.8088201602119607
0.6862745,0.3137255,0.0,0.9411765,0.0,0.05882353,1.2722303,0.5377987389387343,-0.26314095,0.4459254772885114,1.4986894,0.8239099892446738,0.83592623,0.6025447351573066,-0.0001885981760268,0.6059695178002403,-1.28329264246874
0.6862745,0.3137255,0.0,0.9411765,0.019607844,0.039215688,1.2150911,0.5364304829373935,-0.15869847,0.4513758681641581,1.5631437,0.8248972481140865,0.8731788,0.6042345330718794,0.001501199738546,0.6613694487749339,-1.131485394174617
0.6862745,0.3137255,0.0,0.9607843,0.0,0.039215688,1.2301781,0.5367917568959631,-0.18700594,0.4498986266456011,1.5728408,0.8250457801028199,0.87200433,0.603912054548128,0.0011787212147947,0.6583910861789972,-1.1726303276508534
0.6862745,0.3137255,0.0,0.9607843,0.019607844,0.019607844,1.1790122,0.5355665357972531,-0.08702319,0.4551162838737294,1.601769,0.8254888781679742,0.89791936,0.6053905659463189,0.0026572326129855,0.6981941613520712,-1.0273053033698905
0.6862745,0.3137255,0.0,0.9607843,0.039215688,0.0,1.1381915,0.534589041661245,0.0053853914,0.4599386790201972,1.578658,0.8251348828625005,0.9074116,0.6065542011813142,0.0038208678479808,0.7153208738615616,-0.8929893333642785
0.6862745,0.3137255,0.0,0.98039216,0.0,0.019607844,1.1909643,0.5358527426227978,-0.114116214,0.4537024188485867,1.6169486,0.8257213874717712,0.89793223,0.6050921829810519,0.0023588496477185,0.6969419139051362,-1.0666850403141213
0.6862745,0.3137255,0.0,0.98039216,0.019607844,0.0,1.1501216,0.5348747203877818,-0.022474118,0.4584848144850148,1.6041322,0.8255250758217286,0.9105932,0.6062948702315084,0.003561536898175,0.7183132975258766,-0.9334831583970146
0.6862745,0.3137255,0.0,1.0,0.0,0.0,1.1618681,0.5351560030469019,-0.050203696,0.4570377304570019,1.627473,0.8258825915608403,0.9130458,0.6060254416882481,0.0032921083549147,0.7203325168677414,-0.9737881290596816
0.7058824,0.25490198,0.039215688,0.29411766,0.7058824,0.0,0.7030855,0.5241699807958697,0.68646413,0.4954811656191251,-0.08140665,0.79970736130538,0.43604764,0.6064528359067917,0.0037195025734582,0.1154450476811548,-0.3953498317100913
0.7058824,0.25490198,0.039215688,0.3137255,0.6862745,0.0,0.7115164,0.524371867337395,0.6767476,0.4949741039037662,-0.073616534,0.799826684011542,0.43821582,0.6063908850842344,0.003657551750901,0.1178026021324196,-0.3848494966048381
0.7058824,0.25490198,0.039215688,0.33333334,0.6666667,0.0,0.7167033,0.5244960733694538,0.6667495,0.4944523450629407,-0.06127649,0.8000156987617338,0.44072545,0.6063213723980428,0.0035880390647094,0.1206962406422314,-0.3682162984425743
0.7058824,0.25490198,0.039215688,0.3529412,0.64705884,0.0,0.72185403,0.5246194130336808,0.65557134,0.493869007599287,-0.04582065,0.8002524387941299,0.44386828,0.6062469531423659,0.0035136198090325,0.1244028061627417,-0.3473833006591339
0.7058824,0.25490198,0.039215688,0.37254903,0.627451,0.0,0.7273298,0.5247505357354478,0.6430393,0.4932150150657974,-0.025553744,0.8005628707875291,0.44827178,0.6061761405295915,0.003442807196258,0.1297524550286713,-0.3200654492381483
0.7058824,0.27450982,0.019607844,0.19607843,0.7058824,0.09803922,0.2981947,0.5144744541082135,0.5925851,0.4905820335923305,1.0321128,0.8167633482759667,0.6409642,0.607273278658837,0.0045399453255035,0.3990541671324564,-0.0394939708789728
0.7058824,0.27450982,0.019607844,0.21568628,0.6666667,0.11764706,0.3935885,0.516758757071409,0.53052884,0.4873435927596927,1.0308404,0.8167438580743841,0.6516526,0.6069487359684952,0.0042154026351619,0.4087544791351307,-0.1296927846489562
0.7058824,0.27450982,0.019607844,0.29411766,0.7058824,0.0,0.62439376,0.5222856264798017,0.8068239,0.5017622100316218,-0.18334994,0.7981458768910673,0.4159559,0.607397904467497,0.0046645711341635,0.0946804971716991,-0.5327596352528772
0.7058824,0.27450982,0.019607844,0.3137255,0.6862745,0.0,0.63401383,0.5225159889762074,0.8016233,0.5014908124461793,-0.17906491,0.7982115113865437,0.41885743,0.6074061042696434,0.0046727709363101,0.0981540095885185,-0.5269838343250104
0.7058824,0.27450982,0.019607844,0.33333334,0.6666667,0.0,0.6388008,0.522630617861394,0.79500806,0.5011455932991072,-0.1705551,0.7983418578157246,0.42108455,0.607372689658742,0.0046393563254086,0.1007966255650832,-0.5155134174178108
0.7058824,0.27450982,0.019607844,0.3529412,0.64705884,0.0,0.6439358,0.5227535807198423,0.7870866,0.5007322074843946,-0.15767069,0.7985392107143574,0.42445055,0.6073416663061981,0.0046083329728647,0.1049190500112719,-0.4981464665977068
0.7058824,0.27450982,0.019607844,0.37254903,0.627451,0.0,0.650587,0.5229128510987282,0.77336884,0.5000163377198134,-0.13586882,0.7988731541100547,0.4293624,0.6072674476428654,0.004534114309532,0.1108809403145894,-0.4687596241953327
0.7058824,0.27450982,0.019607844,0.39215687,0.60784316,0.0,0.66046304,0.5231493423982143,0.7549442,0.4990548377745231,-0.105669975,0.7993357154440135,0.43657908,0.6071799652055837,0.0044466318722503,0.1196987627520709,-0.4280544711735211
0.7058824,0.27450982,0.019607844,0.4117647,0.5882353,0.0,0.6754925,0.5235092390174797,0.73186713,0.4978505475375294,-0.06532875,0.7999536296068793,0.44734362,0.6071044720539628,0.0043711387206294,0.132998668104724,-0.3736783512792527
0.7058824,0.27450982,0.019607844,0.43137255,0.5686275,0.0,0.6907787,0.5238752815673609,0.70546687,0.4964728343305319,-0.023728158,0.8005908336302602,0.4575058,0.6069796498427177,0.0042463165093843,0.1453628461179787,-0.3176047338503041
0.7058824,0.27450982,0.019607844,0.4509804,0.54901963,0.0,0.70537883,0.5242248973835084,0.67519796,0.4948932339429181,0.020945687,0.8012751112995619,0.46717417,0.6067977475419961,0.0040644142086627,0.156943407482002,-0.2573886604488632
0.7058824,0.27450982,0.019607844,1.0,0.0,0.0,1.1416045,0.5346707714055366,-0.092866614,0.4548113414602542,1.6495056,0.8262200693130523,0.89941454,0.605234060726281,0.0025007273929476,0.7009929459563978,-1.035798725169174
0.7058824,0.29411766,0.0,0.13725491,0.7254902,0.13725491,-0.10821847,0.5047424719967151,0.66523623,0.4943733756192693,1.1759661,0.8189667763690556,0.5776613,0.6060275413283467,0.0032942079950133,0.3270310139305544,-0.384480024933051
0.7058824,0.29411766,0.0,0.13725491,0.74509805,0.11764706,-0.094326384,0.5050751322664738,0.6872195,0.4955205850204031,1.163399,0.8187742827826733,0.5854307,0.6064566666898501,0.0037233333565167,0.3379098857583814,-0.3668567751497653
0.7058824,0.29411766,0.0,0.13725491,0.7647059,0.09803922,-0.077102065,0.5054875863337898,0.70472044,0.4964338815046655,1.1273975,0.8182228419115506,0.5850053,0.6067147699166687,0.0039814365833352,0.3374970817642859,-0.345006311739415
0.7058824,0.29411766,0.0,0.15686275,0.7058824,0.13725491,-0.0308136,0.506596011289645,0.6493765,0.4935457268280702,1.1539602,0.8186297076298804,0.59084105,0.6062571485825319,0.0035238152491985,0.3421911593556558,-0.2862855938213084
0.7058824,0.29411766,0.0,0.15686275,0.7254902,0.11764706,-0.019753303,0.5068608615058531,0.677767,0.4950272997216986,1.136517,0.8183625271674128,0.5981769,0.6067502294649881,0.0040168961316548,0.3527860691357734,-0.2722546982208921
0.7058824,0.29411766,0.0,0.15686275,0.74509805,0.09803922,-0.005435358,0.5072037194611199,0.6984706,0.4961077297394158,1.103565,0.8178577941243287,0.59886676,0.6070564144416215,0.0043230811082881,0.3540660599682834,-0.2540912085134046
0.7058824,0.29411766,0.0,0.1764706,0.6862745,0.13725491,0.05653439,0.5086876489265927,0.62844896,0.4924536106515428,1.1323898,0.8182993090899165,0.60579103,0.6064801895560173,0.003746856222684,0.3592961560665365,-0.17547749353695
0.7058824,0.29411766,0.0,0.1764706,0.7058824,0.11764706,0.06399171,0.5088662221270689,0.66120756,0.4941631367387846,1.1116916,0.8179822710338369,0.612297,0.6070038766332301,0.0042705432998967,0.3690213861991139,-0.1660172711939718
0.7058824,0.29411766,0.0,0.1764706,0.7254902,0.09803922,0.07138407,0.5090432398440317,0.69271094,0.4958071587487349,1.0755168,0.8174281752298773,0.61320394,0.6074261912742146,0.0046928579408812,0.3711573442829868,-0.1566394532646946
0.7058824,0.29411766,0.0,0.19607843,0.64705884,0.15686275,0.15326406,0.5110039405059241,0.56436133,0.4891091607748778,1.1081078,0.8179273774672097,0.6085777,0.6060134929160039,0.0032801595826705,0.3582389252617859,-0.080517224918193
0.7058824,0.29411766,0.0,0.19607843,0.6666667,0.13725491,0.1515304,0.5109624262147281,0.603924,0.4911737600818854,1.1074511,0.8179173183028365,0.6209685,0.60668450153315,0.0039511681998166,0.376378875144869,-0.0549672553313831
0.7058824,0.29411766,0.0,0.19607843,0.6862745,0.11764706,0.15660162,0.5110838618679375,0.6398665,0.4930494398942175,1.0861578,0.8175911650990803,0.62754196,0.6072414889537451,0.0045081556204117,0.3863703438920644,-0.0485339928000375
0.7058824,0.29411766,0.0,0.19607843,0.7058824,0.09803922,0.15849526,0.5111292070178824,0.6782286,0.4950513905654529,1.0454085,0.8169670002492585,0.62737745,0.6077158659441979,0.0049825326108646,0.387448836610464,-0.0461317555129716
0.7058824,0.29411766,0.0,0.21568628,0.627451,0.15686275,0.24825175,0.5132785185972547,0.5340314,0.4875263752324538,1.0874232,0.8176105475695505,0.62323546,0.6061384804664197,0.0034051471330863,0.3744169982008097,-0.1246018278975334
0.7058824,0.29411766,0.0,0.21568628,0.64705884,0.13725491,0.245898,0.5132221554465228,0.5778178,0.4898113940954282,1.0816653,0.8175223523075453,0.635127,0.6068519672831655,0.0041186339498321,0.3920491701056142,-0.0609582408956839
0.7058824,0.29411766,0.0,0.21568628,0.6666667,0.11764706,0.24790134,0.5132701275322082,0.6184579,0.4919322219605439,1.0571302,0.8171465441907444,0.6411632,0.6074496312278322,0.0047162978944988,0.4015628161368282,-0.0018877907840646
0.7058824,0.29411766,0.0,0.21568628,0.6862745,0.09803922,0.24572428,0.513217995596365,0.65936464,0.4940669631044347,1.0147054,0.8164967155988162,0.63993144,0.6079272247665387,0.0051938914332053,0.4014000223304924,0.0575701795281759
0.7058824,0.29411766,0.0,0.23529412,0.627451,0.13725491,0.3313512,0.5152684202796923,0.5502446,0.4883724724154292,1.0639433,0.8172509009455553,0.648513,0.606963931213559,0.0042305978802255,0.4068622344480566,-0.1010358694062249
0.7058824,0.29411766,0.0,0.23529412,0.64705884,0.11764706,0.32757035,0.515177884127621,0.5970251,0.4908137380522534,1.0312964,0.8167508423371772,0.65196395,0.6075808215056838,0.0048474881723505,0.4132603195675896,-0.0330404123579607
0.7058824,0.29411766,0.0,0.23529412,0.6666667,0.09803922,0.32229084,0.5150514607933766,0.64191085,0.493156127027843,0.98907655,0.8161041534680916,0.65109277,0.6081039137631037,0.0053705804297704,0.4138055589681363,0.032201078194137
0.7058824,0.29411766,0.0,0.25490198,0.60784316,0.13725491,0.41377088,0.5172420447375075,0.51926726,0.486755900592197,1.0507048,0.8170481254287709,0.6612477,0.6070153569194918,0.0042820235861584,0.4207576924540999,-0.146061506237376
0.7058824,0.29411766,0.0,0.25490198,0.627451,0.11764706,0.40116453,0.5169401726399068,0.5747088,0.4896491502722874,1.0096703,0.8164195910780697,0.6618479,0.6076696379967547,0.0049363046634213,0.4238515184481125,-0.0654771440176179
0.7058824,0.29411766,0.0,0.25490198,0.64705884,0.09803922,0.39275798,0.516738869148232,0.62242645,0.4921393223437597,0.9686857,0.815791822713837,0.66129,0.6082233380686096,0.0054900047352762,0.4250014993245396,0.0038804816231724
0.7058824,0.29411766,0.0,0.3137255,0.6862745,0.0,0.54652745,0.5204210373395738,0.9046102,0.5068652448448111,-0.2654041,0.7968890378030103,0.3952445,0.6080584399957983,0.005325106662465,0.0722643328221384,-0.6433608110262631
0.7058824,0.29411766,0.0,0.33333334,0.6666667,0.0,0.5610705,0.5207692858074794,0.8929628,0.5062574183930518,-0.25189415,0.7970959723798149,0.4007131,0.6080408921934487,0.0053075588601153,0.0788408935575695,-0.6251506775889484
0.7058824,0.29411766,0.0,0.37254903,0.627451,0.0,0.5751181,0.5211056706025382,0.87465304,0.5053019123865498,-0.21533479,0.7976559589301283,0.4114788,0.6080211806397388,0.0052878473064054,0.0923361638951854,-0.5758721569967089
0.7058824,0.29411766,0.0,0.4117647,0.5882353,0.0,0.6050407,0.521822198190988,0.8399157,0.503489123829204,-0.15036431,0.798651123939374,0.4315307,0.607987481986522,0.0052541486531886,0.1173503319551509,-0.4882981619188948
0.7058824,0.29411766,0.0,0.43137255,0.5686275,0.0,0.6221201,0.5222311808993862,0.8136377,0.502117790263335,-0.114349455,0.7992027702299905,0.4404694,0.6078505804642372,0.0051172471309039,0.1280223375278153,-0.4397535797739034
0.7058824,0.29411766,0.0,0.4509804,0.54901963,0.0,0.64159,0.5226974081129417,0.7827504,0.5005059215202522,-0.072147906,0.7998491792720768,0.4507309,0.6076841696350902,0.0049508363017568,0.1402517370003048,-0.3828699255618012
0.7058824,0.29411766,0.0,0.47058824,0.5294118,0.0,0.6579354,0.5230888151154408,0.7520142,0.4989019347911234,-0.027091753,0.8005393128234791,0.4609526,0.6075100209100145,0.004776687576681,0.1525156493147298,-0.3221385376291059
0.7058824,0.29411766,0.0,0.49019608,0.50980395,0.0,0.67411286,0.5234762014290071,0.7202108,0.4972422545103585,0.027587477,0.8013768448474354,0.47397038,0.607365100262267,0.0046317669289336,0.1685151542102069,-0.2484361619808133
0.7058824,0.29411766,0.0,0.50980395,0.49019608,0.0,0.69140947,0.5238903866262802,0.68847173,0.4955859335725573,0.08644979,0.8022784498934094,0.48877695,0.6072515900307489,0.0045182566974156,0.1868985508649337,-0.1690953942441133
0.7058824,0.29411766,0.0,0.8627451,0.0,0.13725491,1.437659,0.5417601009435259,-0.691849,0.4235531007615707,1.1514674,0.818591525167327,0.63242584,0.5946349089574746,-0.0080984243758587,0.3122063000522571,-1.9064202301671012
0.7058824,0.29411766,0.0,0.88235295,0.0,0.11764706,1.3994973,0.54084627842033,-0.5671691,0.4300595944129717,1.2478782,0.8200682667365955,0.6934021,0.5969913798566324,-0.0057419534767009,0.3997941517779206,-1.7251978334990514
0.7058824,0.29411766,0.0,0.88235295,0.019607844,0.09803922,1.3391985,0.539402361531404,-0.43986458,0.4367030528317109,1.3550444,0.8217097510880816,0.7514594,0.5992717218170656,-0.0034616115162678,0.4841251483140208,-1.5401606197073796
0.7058824,0.29411766,0.0,0.88235295,0.05882353,0.05882353,1.2358506,0.5369275896699625,-0.20984802,0.4487065995656766,1.497826,0.8238967638811678,0.84127617,0.603176984372269,0.0004436510389356,0.6160184756179259,-1.2058313136028829
0.7058824,0.29411766,0.0,0.9019608,0.0,0.09803922,1.3558916,0.5398020953706918,-0.45796716,0.4357583589327479,1.3447381,0.8215518884894468,0.7475541,0.5990374475976289,-0.0036958857357045,0.4777826931059548,-1.5664727475077194
0.7058824,0.29411766,0.0,0.9019608,0.019607844,0.078431375,1.3029292,0.5385338556122606,-0.34616315,0.4415929155603275,1.4381493,0.8229826854782185,0.7983051,0.6010364855502689,-0.0016968477830644,0.551525839380043,-1.403965505943322
0.7058824,0.29411766,0.0,0.9019608,0.039215688,0.05882353,1.2530892,0.5373403861095744,-0.23608202,0.4473375631060843,1.5079509,0.8240518492082449,0.8416527,0.6029099328079678,0.0001765994746345,0.6151467691667668,-1.2439624609805242
0.7058824,0.29411766,0.0,0.9019608,0.05882353,0.039215688,1.1960037,0.5359734146733878,-0.12678629,0.4530412235571799,1.5484302,0.8246718782789225,0.87254924,0.6045621721698301,0.0018288388364967,0.6621487753413379,-1.085101010849738
0.7058824,0.29411766,0.0,0.9019608,0.09803922,0.0,1.1061794,0.5338224788327427,0.07417321,0.4635284110900768,1.498569,0.8239081450341063,0.8929739,0.607086344985642,0.0043530116523085,0.6991278416821887,-0.7930061651705068
0.7058824,0.29411766,0.0,0.92156863,0.0,0.078431375,1.3172072,0.5388757583283043,-0.3637364,0.4406758460362364,1.4332514,0.8229076626271387,0.795574,0.6008197556638931,-0.0019135776694402,0.5468485708150562,-1.4295082246442372
0.7058824,0.29411766,0.0,0.92156863,0.019607844,0.05882353,1.2664222,0.5376596576421894,-0.2585027,0.4461675272805617,1.5168204,0.8241877054447405,0.8415799,0.6026716301224972,-6.170321083613188e-05,0.6139070231224624,-1.2765509345653745
0.7058824,0.29411766,0.0,0.92156863,0.039215688,0.039215688,1.2101804,0.5363128909885845,-0.15235919,0.4517066872387756,1.5623803,0.8248855547235173,0.8734005,0.6043017109836258,0.0015683776502924,0.6620212836922622,-1.1222712415483735
0.7058824,0.29411766,0.0,0.9411765,0.0,0.05882353,1.2784564,0.5379478312797147,-0.27960065,0.4450665181766885,1.51965,0.82423104621903,0.8395019,0.6024151318918111,-0.0003182014415222,0.6100452082435637,-1.3072168383912064
0.7058824,0.29411766,0.0,0.9411765,0.019607844,0.039215688,1.2224979,0.5366078471301242,-0.17765996,0.4503863519206502,1.5764866,0.8251016231639968,0.8737748,0.6040319407382571,0.0012986074049237,0.6613096239101093,-1.159045938270721
0.7058824,0.29411766,0.0,0.9411765,0.039215688,0.019607844,1.1734178,0.5354325727792005,-0.07874642,0.4555482117841133,1.5950339,0.8253857155851546,0.8965685,0.6054555000494894,0.0027221667161561,0.6968125336347168,-1.0152750125095042
0.7058824,0.29411766,0.0,0.9607843,0.0,0.039215688,1.2358233,0.5369269359690284,-0.20343146,0.449041451407102,1.5863591,0.8252528429526862,0.872917,0.6037404101096056,0.0010070767762722,0.6588938377506589,-1.1965048381641858
0.7058824,0.29411766,0.0,0.9607843,0.019607844,0.019607844,1.1858598,0.5357305091118981,-0.10515108,0.4541702695663514,1.6114255,0.8256367893333483,0.89737815,0.6051791893371993,0.0024458560038659,0.6966454840744755,-1.0536542079028846
0.7058824,0.29411766,0.0,0.98039216,0.0,0.019607844,1.1971555,0.5360009957145441,-0.1311127,0.4528154477154875,1.6266503,0.8258699906725958,0.8975644,0.6048954780342092,0.0021621447008757,0.6956841017904273,-1.0913894422743082
0.7058824,0.29411766,0.0,1.0,0.0,0.0,1.1661434,0.5352583800351062,-0.06557707,0.4562354622017575,1.636727,0.8260243364894948,0.91243106,0.6058393929087862,0.0031060595754528,0.7188498050147333,-0.9961333404401284
0.7254902,0.25490198,0.019607844,0.11764706,0.7647059,0.11764706,0.0048248256,0.5074494101204345,0.5518392,0.4884556845848437,1.1975425,0.8192972662065723,0.5847355,0.6050674536372835,0.0023341203039501,0.3295859760703445,-0.2410753233833205
0.7254902,0.25490198,0.019607844,0.13725491,0.74509805,0.11764706,0.08292459,0.5093195894161358,0.53589326,0.4876235380066764,1.1771812,0.8189853882881798,0.59866637,0.6053095052369973,0.0025761719036639,0.3457371337863259,-0.141999359513113
0.7254902,0.25490198,0.019607844,0.19607843,0.6862745,0.11764706,0.35888085,0.5159276462712004,0.46322137,0.4838311135247825,1.1023059,0.8178385084292644,0.64146936,0.6058657560750825,0.003132422741749,0.3935770287968207,-0.227524264905625
0.7254902,0.25490198,0.019607844,0.19607843,0.7058824,0.09803922,0.3529942,0.5157866845139991,0.5037385,0.4859455244227368,1.0743846,0.8174108323467377,0.6437058,0.6063810137611579,0.0036476804278245,0.398173282285355,-0.168632543650228
0.7254902,0.25490198,0.019607844,0.3137255,0.6862745,0.0,0.6795245,0.5236057883617675,0.718392,0.49714734062962,-0.0825737,0.7996894854727756,0.43844762,0.6068142048213877,0.0040808714880543,0.1204267422255223,-0.3969228955356512
0.7254902,0.25490198,0.019607844,0.33333334,0.6666667,0.0,0.6889979,0.5238326397134183,0.7100166,0.4967102652260071,-0.07368882,0.7998255768004697,0.4417752,0.6067894939132984,0.004056160579965,0.1243667901308161,-0.3849469305942693
0.7254902,0.25490198,0.019607844,0.3529412,0.64705884,0.0,0.6971317,0.5240274111912837,0.69659376,0.4960097862290044,-0.057889905,0.800067571748825,0.4452785,0.6067015897230378,0.0039682563897043,0.1284013434313977,-0.3636515029825338
0.7254902,0.25490198,0.019607844,0.37254903,0.627451,0.0,0.7055617,0.5242292763233898,0.6781256,0.4950460156167108,-0.03624366,0.8003991313654173,0.44914785,0.6065581411018394,0.0038248077685059,0.1327439303597149,-0.3344744318820726
0.7254902,0.25490198,0.019607844,1.0,0.0,0.0,1.1484339,0.5348343079680292,-0.10908712,0.4539648651847569,1.6581055,0.8263517952482569,0.8991508,0.6050503228003477,0.0023169894670143,0.6998859213288388,-1.059375242351394
0.7254902,0.27450982,0.0,0.13725491,0.74509805,0.11764706,-0.042300705,0.5063209407519286,0.6162401,0.4918164832639326,1.1968298,0.8192863488452024,0.5902564,0.6058079242870211,0.0030745909536878,0.3405404640101117,-0.3008579285269696
0.7254902,0.27450982,0.0,0.13725491,0.7647059,0.09803922,-0.025042426,0.5067342080203519,0.6422615,0.4931744261154875,1.160732,0.8187334326056256,0.59265035,0.6062140222471549,0.0034806889138216,0.3442269204545238,-0.278964384389699
0.7254902,0.27450982,0.0,0.13725491,0.78431374,0.078431375,-0.0030125855,0.5072617352406049,0.6620684,0.49420806172992,1.0970577,0.817758120933979,0.5853712,0.606409305968168,0.0036759726348346,0.3345299639481814,-0.2510177228399318
0.7254902,0.27450982,0.0,0.15686275,0.7058824,0.13725491,0.026079752,0.507958381217196,0.57154334,0.4894839576925451,1.1895397,0.8191746846342612,0.59572095,0.6055390078480007,0.0028056745146674,0.3445248183150105,-0.2141117043818513
0.7254902,0.27450982,0.0,0.15686275,0.7254902,0.11764706,0.034752842,0.5081660673027751,0.60216635,0.4910820375769626,1.1726229,0.8189155675716614,0.6031807,0.6060545574837998,0.0033212241504663,0.3554284690392819,-0.2031091768923877
0.7254902,0.27450982,0.0,0.15686275,0.74509805,0.09803922,0.047326926,0.5084671666987531,0.6302187,0.4925459645885228,1.1398988,0.8184143257469984,0.60581475,0.6064758190114247,0.0037424856780914,0.3596339133895069,-0.1871579186649928
0.7254902,0.27450982,0.0,0.1764706,0.6666667,0.15686275,0.120982826,0.5102309330854077,0.50098675,0.4858019218425424,1.1730376,0.8189219200553888,0.59833574,0.6049849249944462,0.0022515916611129,0.3430565283540741,-0.1726322407443677
0.7254902,0.27450982,0.0,0.1764706,0.6862745,0.13725491,0.117302164,0.5101427958587619,0.5456826,0.4881344007563887,1.1697191,0.8188710892298634,0.6109013,0.6057160952816714,0.002982761948338,0.3616642494225917,-0.1076667706168574
0.7254902,0.27450982,0.0,0.1764706,0.7058824,0.11764706,0.120809585,0.5102267846536067,0.58348215,0.4901069913922211,1.148765,0.8185501308568643,0.61768556,0.6062946356342307,0.0035613023008973,0.372046566025712,-0.0939391319309246
0.7254902,0.27450982,0.0,0.1764706,0.7254902,0.09803922,0.12818445,0.5104033834595998,0.6142977,0.4917151182005025,1.1192285,0.8180977149634661,0.6205702,0.6067387388745228,0.0040054055411894,0.3768244618503943,-0.0845835065305633
0.7254902,0.27450982,0.0,0.19607843,0.6666667,0.13725491,0.21535516,0.5124907757871244,0.51493675,0.4865299101258153,1.1461834,0.8185105880607735,0.6254918,0.6058437579912378,0.0031104246579043,0.3776559882961334,-0.1523559155054166
0.7254902,0.27450982,0.0,0.19607843,0.6862745,0.11764706,0.21411002,0.5124609596025997,0.5588984,0.4888240738668578,1.1236329,0.8181651783771698,0.6322138,0.6064834039488759,0.0037500706155424,0.3882969422266935,-0.0884576203904826
0.7254902,0.27450982,0.0,0.19607843,0.7058824,0.09803922,0.21659993,0.5125205830510577,0.59471405,0.4906931345293501,1.0955834,0.8177355393972568,0.63563246,0.6069830856592215,0.0042497523258882,0.3940998571008733,-0.0363995272112342
0.7254902,0.27450982,0.0,0.21568628,0.64705884,0.13725491,0.30974454,0.5147510266951013,0.48491928,0.4849634313940281,1.1225227,0.8181481732949758,0.63906217,0.6059542104613684,0.003220877128035,0.3923953061229659,-0.1959863323341293
0.7254902,0.27450982,0.0,0.21568628,0.6666667,0.11764706,0.30634642,0.5146696552017582,0.5309405,0.4873650738916446,1.0988685,0.8177858571305352,0.6453851,0.606606862074646,0.0038735287413126,0.4026277814589177,-0.1290944804894455
0.7254902,0.27450982,0.0,0.21568628,0.6862745,0.09803922,0.30173624,0.5145592596724022,0.57610035,0.489721768069355,1.0634129,0.8172427772893026,0.64708316,0.60717460167702,0.0044412683436866,0.406628046359808,-0.063454553674737
0.7254902,0.27450982,0.0,0.23529412,0.627451,0.13725491,0.39766568,0.5168563890186629,0.45311928,0.483303929967171,1.1062474,0.8178988816750138,0.65234417,0.6060197335536159,0.0032864002202825,0.4068540803962809,-0.2422076678124692
0.7254902,0.27450982,0.0,0.23529412,0.64705884,0.11764706,0.38688165,0.5165981543129993,0.5028998,0.4859017565386223,1.0784258,0.8174727320875708,0.6560691,0.6066575476463975,0.003924214313064,0.4139123174471747,-0.1698515905411163
0.7254902,0.27450982,0.0,0.23529412,0.6666667,0.09803922,0.37357378,0.5162794836714175,0.5558725,0.4886661660845425,1.0371176,0.8168400071791937,0.65552133,0.6072618856450512,0.0045285523117179,0.415390402094794,-0.0928557537472331
0.7254902,0.27450982,0.0,0.25490198,0.627451,0.11764706,0.4660036,0.5184928108416044,0.47273028,0.4843273413590831,1.0604949,0.8171980816593288,0.66640955,0.6066727446200054,0.003939411286672,0.4246963600126709,-0.213703057625113
0.7254902,0.27450982,0.0,0.3529412,0.64705884,0.0,0.6130014,0.5220128248052889,0.8176399,0.5023266480806013,-0.15513395,0.7985780664963631,0.4251691,0.6076391797940844,0.004905846460751,0.1077809486423709,-0.4947271783083307
0.7254902,0.27450982,0.0,0.37254903,0.627451,0.0,0.62443393,0.5222865884763728,0.8007534,0.5014454177691295,-0.13256693,0.7989237297589198,0.43087348,0.607551912001474,0.0048185786681406,0.1145732087145184,-0.4643089938138154
0.7254902,0.27450982,0.0,0.43137255,0.5686275,0.0,0.6700332,0.5233785102490266,0.7307075,0.4977900327066397,-0.038398203,0.8003661298107443,0.4541142,0.6071782242554702,0.0044448909221368,0.1422282436972305,-0.3373785512589031
0.7254902,0.27450982,0.0,0.4509804,0.54901963,0.0,0.68604094,0.523761831627527,0.7012851,0.4962546076789999,0.0024020262,0.8009910745699113,0.46324268,0.6070025046254793,0.004269171292146,0.1530737188958391,-0.2823837426043288
0.7254902,0.27450982,0.0,0.8627451,0.0,0.13725491,1.4328483,0.5416449039950822,-0.6871368,0.423799007777024,1.198765,0.819315991334662,0.64815885,0.5949199677022561,-0.0078133656310772,0.3337059731832442,-1.8995710943520947
0.7254902,0.27450982,0.0,0.8627451,0.039215688,0.09803922,1.3237839,0.5390332431616257,-0.43338424,0.4370412329110727,1.4018183,0.8224261958524232,0.76407266,0.5995002239750405,-0.0032331093582928,0.5017622335746447,-1.5307414443771856
0.7254902,0.27450982,0.0,0.88235295,0.0,0.11764706,1.3964658,0.5407736862161688,-0.5706401,0.4298784573961623,1.2883656,0.820688419971945,0.70473045,0.5971135211947587,-0.0056198121385746,0.4150215963238117,-1.7302429601172016
0.7254902,0.27450982,0.0,0.88235295,0.019607844,0.09803922,1.3397547,0.5394156810447589,-0.4492127,0.4362152155785629,1.3908278,0.822257852294721,0.76045656,0.5992962496393476,-0.0034370836939857,0.4959087258123766,-1.553748127962366
0.7254902,0.27450982,0.0,0.88235295,0.039215688,0.078431375,1.2918041,0.5382674539268052,-0.3456618,0.4416190795541609,1.4725128,0.8235090377818177,0.8062184,0.6011318570875946,-0.0016014762457387,0.5625039630706284,-1.403236772170121
0.7254902,0.27450982,0.0,0.9019608,0.0,0.09803922,1.3548877,0.539778056874772,-0.46434548,0.4354255024788329,1.3792759,0.8220809103334914,0.7566061,0.5990948232290321,-0.0036385101043012,0.4897857808803119,-1.5757436463292247
0.7254902,0.27450982,0.0,0.9019608,0.019607844,0.078431375,1.3065927,0.538621582848528,-0.36366844,0.4406793920093648,1.4653438,0.8233992287371505,0.802756,0.6009000678650145,-0.0018332654683188,0.5568122172412767,-1.4294094602738576
0.7254902,0.27450982,0.0,0.9019608,0.039215688,0.05882353,1.2556019,0.5374005551413993,-0.25572672,0.4463123927248703,1.5250996,0.8243145195716017,0.8416583,0.6026758224792904,-5.751085404289332e-05,0.6143963720383168,-1.2725160634937136
0.7254902,0.27450982,0.0,0.92156863,0.0,0.078431375,1.3187876,0.5389136016177484,-0.37931323,0.4398629596910615,1.4596549,0.8233120907008074,0.7997098,0.6006962173365391,-0.0020371159967942,0.5518330101366002,-1.4521491768350685
0.7254902,0.27450982,0.0,0.92156863,0.019607844,0.05882353,1.2691584,0.5377251790288237,-0.276785,0.4452134552158248,1.5337127,0.8244464481873737,0.8420287,0.6024616941440074,-0.0002716391893259,0.6137960228587441,-1.3031242681347446
0.7254902,0.27450982,0.0,0.92156863,0.039215688,0.039215688,1.2169408,0.5364747747439119,-0.17395738,0.4505795732406211,1.5770048,0.8251095605732417,0.8733294,0.6040546361859249,0.0013213028525915,0.6609864420919399,-1.1536642330745666
0.7254902,0.27450982,0.0,0.9411765,0.0,0.05882353,1.2826195,0.5380475192448627,-0.29674882,0.444171631202918,1.5388949,0.8245258241057735,0.8415885,0.6022483248511847,-0.0004850084821486,0.6121440620474148,-1.3321417166470682
0.7254902,0.27450982,0.0,0.9411765,0.019607844,0.039215688,1.2286861,0.5367560288571397,-0.19565418,0.4494473129156763,1.5873818,0.8252685077868044,0.87347126,0.6038239498532069,0.0010906165198734,0.6601033958444867,-1.185200562890929
0.7254902,0.27450982,0.0,0.9411765,0.039215688,0.019607844,1.1810724,0.5356158688083547,-0.09936233,0.4544723588711843,1.6058522,0.8255514224695304,0.89585406,0.6052132167163565,0.0024798833830231,0.6949216338581525,-1.0452402524358224
0.7254902,0.27450982,0.0,0.9607843,0.0,0.039215688,1.2404728,0.5370382735128308,-0.21801579,0.4482803595983733,1.5964203,0.8254069513959478,0.87295914,0.6035751948357173,0.0008418615023839,0.6583143100165508,-1.217703180781879
0.7254902,0.27450982,0.0,0.9607843,0.019607844,0.019607844,1.1926925,0.5358941256028892,-0.124156706,0.4531784499955614,1.6208681,0.825781422916575,0.896468,0.6049513328383419,0.0022179995050085,0.6945690994868089,-1.081278905522029
0.7254902,0.27450982,0.0,0.98039216,0.0,0.019607844,1.2029881,0.5361406650564707,-0.14832625,0.4519171485202066,1.6357028,0.8260086497439639,0.8967883,0.6046888211068805,0.001955487773547,0.6938778455463428,-1.1164093595778073
0.7254902,0.27450982,0.0,1.0,0.0,0.0,1.1714798,0.5353861657220614,-0.08304964,0.4553236459279885,1.6466161,0.8261758100853811,0.9116821,0.605628540578477,0.0028952072451436,0.7170840918764515,-1.021529742758568
0.74509805,0.23529412,0.019607844,0.11764706,0.7647059,0.11764706,0.059306305,0.5087540252627019,0.45927003,0.4836249105216084,1.2455897,0.8200332139541539,0.5880554,0.6041373832461546,0.0014040499128213,0.3293619424795136,-0.2332675429963231
0.74509805,0.23529412,0.019607844,0.13725491,0.74509805,0.11764706,0.13674961,0.5106084849822472,0.44103247,0.482673172889181,1.2258444,0.819730770724873,0.60120887,0.6043374761987671,0.0016041428654337,0.3444019538805667,-0.2597758566885267
0.74509805,0.23529412,0.019607844,0.15686275,0.74509805,0.09803922,0.2290578,0.5128188997577705,0.46080858,0.4837052003736947,1.1662009,0.8188171999363175,0.61868906,0.6051137666892609,0.0023804333559275,0.3662190761970997,-0.2310312664082303
0.74509805,0.23529412,0.019607844,0.1764706,0.7254902,0.09803922,0.31479782,0.5148720327326314,0.43791127,0.4825102914129777,1.1455278,0.8185005471559109,0.6327457,0.60529429043384,0.0025609571005066,0.382092982380561,-0.2643125200700466
0.74509805,0.23529412,0.019607844,1.0,0.0,0.0,1.1565914,0.5350296475091517,-0.121766455,0.4533031865989862,1.6573995,0.8263409819660972,0.8974082,0.604891272024745,0.0021579386914116,0.6968750724745897,-1.077804673864245
0.74509805,0.25490198,0.0,0.11764706,0.78431374,0.09803922,-0.04485509,0.5062597733275198,0.58588123,0.4902321891276777,1.2179049,0.8196091605585243,0.5863103,0.605367041004574,0.0026337076712405,0.3342205272091925,-0.3040983780093725
0.74509805,0.25490198,0.0,0.11764706,0.8039216,0.078431375,-0.021254715,0.5068249086681276,0.6134083,0.4916687063890554,1.1523093,0.8186044200336917,0.58148766,0.6056993450302915,0.0029660116969582,0.3280648739880701,-0.27415936161852
0.74509805,0.25490198,0.0,0.13725491,0.74509805,0.11764706,0.0117062,0.5076141917298617,0.5391713,0.4877946032155999,1.2358863,0.8198845851900144,0.5955879,0.605097793378492,0.0023644600451586,0.3435861600195708,-0.2323457342901234
0.74509805,0.25490198,0.0,0.13725491,0.7647059,0.09803922,0.025380101,0.5079416273653777,0.5740366,0.4896140700223376,1.1959777,0.8192732969470468,0.5984648,0.6056096647782541,0.0028763314449207,0.3483295605254641,-0.214999268489343
0.74509805,0.25490198,0.0,0.15686275,0.6862745,0.15686275,0.08905602,0.5094664128939125,0.435298,0.4823739160859095,1.237857,0.819914769986938,0.5874037,0.6039183663222534,0.00118503298892,0.3268531345960691,-0.2681109197829782
0.74509805,0.25490198,0.0,0.15686275,0.7058824,0.13725491,0.088741094,0.5094588716043978,0.47800034,0.4846023626802226,1.2351184,0.8198728224133051,0.60062,0.6046446855659752,0.0019113522326418,0.3461788107083398,-0.2060430143480416
0.74509805,0.25490198,0.0,0.15686275,0.7254902,0.11764706,0.09088076,0.5095101080912815,0.5219654,0.4868967037199216,1.213337,0.8195391919399703,0.6087277,0.6053153345837244,0.0025820012503911,0.3585982336833128,-0.1421397810145886
0.74509805,0.25490198,0.0,0.15686275,0.74509805,0.09803922,0.09948567,0.5097161616194377,0.5601113,0.4888873694872008,1.1747591,0.8189482886146032,0.61145204,0.6058506065737473,0.0031172732404139,0.3633855550580908,-0.1209902651569821
0.74509805,0.25490198,0.0,0.1764706,0.6862745,0.13725491,0.18127418,0.5116746715625067,0.45075023,0.4831802999250975,1.2157724,0.8195764961200652,0.6159323,0.6048104892025564,0.0020771558692231,0.3634125410102668,-0.245651078922216
0.74509805,0.25490198,0.0,0.1764706,0.7058824,0.11764706,0.1821496,0.511695634595353,0.49659365,0.4855726653482792,1.1907862,0.8191937786044645,0.6231765,0.6054873595160323,0.0027540261826989,0.3747675660934335,-0.1790176171956528
0.74509805,0.25490198,0.0,0.1764706,0.7254902,0.09803922,0.1858811,0.5117849889474825,0.5379521,0.4877309809924687,1.1560287,0.8186613915326219,0.62662065,0.6060591204908578,0.0033257871575243,0.3807670659206082,-0.1189030370912124
0.74509805,0.25490198,0.0,0.19607843,0.6666667,0.13725491,0.2751082,0.5139216236529005,0.42294148,0.4817290839830018,1.1929398,0.8192267644103096,0.6303298,0.6049591573487373,0.0022258240154039,0.3793591709547882,-0.286071133901113
0.74509805,0.25490198,0.0,0.19607843,0.6862745,0.11764706,0.27430624,0.5139024201174919,0.47068304,0.4842205049213259,1.1660862,0.8188154433714007,0.6370252,0.6056461228034061,0.0029127894700728,0.3900855160627867,-0.216678724142158
0.74509805,0.25490198,0.0,0.19607843,0.7058824,0.09803922,0.2743225,0.513902809768922,0.5129414,0.4864257829359483,1.1361727,0.818357251994809,0.6411455,0.6062286148998931,0.0034952815665597,0.3971263977082787,-0.155256122578075
0.74509805,0.25490198,0.0,0.21568628,0.6666667,0.11764706,0.3626732,0.5160184578911325,0.4440483,0.4828305549965325,1.1422042,0.8184496378144901,0.6496419,0.6057662169007184,0.003032883567385,0.403817650445941,-0.2553923647165079
0.74509805,0.25490198,0.0,0.21568628,0.6862745,0.09803922,0.35819128,0.5159111338997898,0.48686185,0.4850648057889664,1.1151428,0.8180351341428888,0.6533987,0.6063370246105483,0.0036036912772149,0.4105069137834345,-0.193162797601634
0.74509805,0.25490198,0.0,0.23529412,0.6666667,0.09803922,0.4293198,0.5176143795157025,0.4624109,0.4837888184637174,1.0962543,0.8177458158498058,0.6626617,0.6063830046097419,0.0036496712764085,0.4202512524084063,-0.2287022899286407
0.74509805,0.25490198,0.0,0.8627451,0.0,0.13725491,1.4274704,0.5415161249110744,-0.6763418,0.4243623540395403,1.2346386,0.8198654729603005,0.6619224,0.5952479839703051,-0.0074853493630282,0.352780115043187,-1.8838804681382029
0.74509805,0.25490198,0.0,0.8627451,0.039215688,0.09803922,1.3239875,0.5390381188000334,-0.44422662,0.4364754169093774,1.4324917,0.8228960258410523,0.7707508,0.5994698538501544,-0.0032634794831789,0.5103767907044428,-1.5465008591086928
0.74509805,0.25490198,0.0,0.88235295,0.0,0.11764706,1.3945234,0.5407271735392282,-0.5651457,0.4301651866496312,1.3160087,0.8211118342847046,0.71512884,0.597334731491188,-0.0053986018421453,0.4292823582472258,-1.722256821147052
0.74509805,0.25490198,0.0,0.88235295,0.039215688,0.078431375,1.2926894,0.5382886549610287,-0.35810485,0.4409697310012685,1.4959412,0.8238678937690053,0.81017524,0.6010420932437675,-0.0016912400895658,0.5673760596697331,-1.4213227809073696
0.74509805,0.25490198,0.0,0.9019608,0.0,0.09803922,1.3556166,0.5397955098333344,-0.46547753,0.4353664262554624,1.400083,0.8223996154828861,0.7634073,0.5991871838572277,-0.0035461494761057,0.4988941349447229,-1.5773890694032917
0.74509805,0.25490198,0.0,0.9019608,0.019607844,0.078431375,1.3074777,0.5386427753189839,-0.37657675,0.440005764427302,1.4913759,0.8237979671473256,0.8074257,0.6008155022978704,-0.0019178310354628,0.5626286290936918,-1.4481717017242643
0.74509805,0.25490198,0.0,0.9019608,0.039215688,0.05882353,1.2571796,0.5374383356298803,-0.27435365,0.445340335733266,1.5394317,0.8245340463633832,0.8407526,0.6024375725755099,-0.0002957607578234,0.6124781948772494,-1.2995903230188164
0.74509805,0.25490198,0.0,0.92156863,0.0,0.078431375,1.3214438,0.5389772075750082,-0.38761553,0.4394296993190644,1.475146,0.8235493712147163,0.8029914,0.6006520927029296,-0.0020812406304036,0.5558939406429013,-1.4642165801403335
0.74509805,0.25490198,0.0,0.92156863,0.019607844,0.05882353,1.2706482,0.537760855685041,-0.29339886,0.4443464507886538,1.5460014,0.8246346763520868,0.8410836,0.6022473276085939,-0.0004860057247394,0.6118979338073562,-1.3272725465519366
0.74509805,0.25490198,0.0,0.92156863,0.039215688,0.039215688,1.2202018,0.5365528648869332,-0.19278556,0.4495970136365008,1.588696,0.825288637071257,0.8720374,0.6038128385315636,0.0010795051982303,0.6584960463665702,-1.18103101707036
0.74509805,0.25490198,0.0,0.92156863,0.05882353,0.019607844,1.1738089,0.5354419386864696,-0.09617811,0.4546385293152269,1.6036503,0.8255176953275561,0.8937604,0.6051993877764176,0.0024660544430842,0.6924036510427678,-1.0406119829348892
0.74509805,0.25490198,0.0,0.9411765,0.0,0.05882353,1.286122,0.5381313899310781,-0.31007272,0.4434763156404708,1.5463536,0.8246400702115092,0.84080094,0.6020825919276861,-0.0006507414056472,0.6105208900135967,-1.3515080235119243
0.74509805,0.25490198,0.0,0.9411765,0.019607844,0.039215688,1.232132,0.53683854361347,-0.21255985,0.4485650810223208,1.5973365,0.825420985655772,0.87230283,0.6036082034305209,0.0008748700971876,0.657842372822351,-1.2097729649705715
0.74509805,0.25490198,0.0,0.9607843,0.0,0.039215688,1.246732,0.5371881565750284,-0.23020288,0.4476443690995161,1.599021,0.8254467863442078,0.87185,0.603426437339584,0.0006931040062507,0.6562249148102469,-1.2354171337396591
0.74509805,0.25490198,0.0,0.9607843,0.019607844,0.019607844,1.1979771,0.5360206695435287,-0.14149046,0.4522738780826838,1.6281356,0.8258927401968152,0.8948741,0.6047290959410092,0.0019957626076759,0.6916708049042309,-1.106473533964491
0.74509805,0.25490198,0.0,0.98039216,0.0,0.019607844,1.2091994,0.5362894005737971,-0.16156554,0.4512262483164049,1.6372316,0.8260320657403192,0.89495516,0.6045159048768404,0.001782571543507,0.6907767746083012,-1.135652687474458
0.74509805,0.25490198,0.0,0.98039216,0.019607844,0.0,1.1664902,0.5352666840351811,-0.07561739,0.4557115022914276,1.6336673,0.8259774716296653,0.90818006,0.6056518859854246,0.0029185526520913,0.7127572115628763,-1.0107269565712258
0.74509805,0.25490198,0.0,1.0,0.0,0.0,1.1774089,0.5355281444266765,-0.0988408,0.454499574992571,1.6524689,0.8262654588044277,0.91034573,0.6054310594078918,0.0026977260745583,0.7145701366905017,-1.044482214234305
0.7647059,0.21568628,0.019607844,0.15686275,0.74509805,0.09803922,0.26947892,0.5137868249538504,0.3683716,0.4788813238502948,1.2191921,0.819628877178038,0.6190142,0.6040990086607277,0.0013656753273944,0.3623348895008132,-0.365388496529101
0.7647059,0.21568628,0.019607844,1.0,0.0,0.0,1.1625012,0.5351711637703113,-0.13291207,0.4527215463033923,1.6539723,0.8262884858732078,0.89452046,0.6047270653156371,0.0019937319823037,0.6924341648946754,-1.094004835427999
0.7647059,0.23529412,0.0,0.11764706,0.78431374,0.09803922,0.0070685754,0.507503139020541,0.50599146,0.4860630952054645,1.2627212,0.8202956195546074,0.59192705,0.6046206179268709,0.0018872845935376,0.3376063922696646,-0.2382289425160047
0.7647059,0.23529412,0.0,0.13725491,0.7058824,0.15686275,0.060345586,0.5087789119284472,0.36141825,0.4785184588211545,1.3050866,0.8209445388229092,0.57561684,0.6027473031908369,1.3969857503626226e-05,0.3091242269522959,-0.3754952104937977
0.7647059,0.23529412,0.0,0.13725491,0.7254902,0.13725491,0.0635412,0.508855434099127,0.40486532,0.4807857695920058,1.3019547,0.8208965674367391,0.59012043,0.6035125903759573,0.0007792570426239,0.3301184964608025,-0.3123448388959584
0.7647059,0.23529412,0.0,0.13725491,0.74509805,0.11764706,0.0659422,0.5089129285592536,0.44970393,0.4831256981599247,1.285324,0.8206418308307251,0.6003234,0.6042268191833011,0.0014934858499677,0.3453858774842633,-0.2471718769552381
0.7647059,0.23529412,0.0,0.13725491,0.7647059,0.09803922,0.07689491,0.5091752025086801,0.4902436,0.4852412848279163,1.2432083,0.8199967369298877,0.6034489,0.6048044080888281,0.0020710747554947,0.35073619761836,-0.188247407513873
0.7647059,0.23529412,0.0,0.13725491,0.78431374,0.078431375,0.09099394,0.5095128183453451,0.52977484,0.4873042448999777,1.1787229,0.8190090014872492,0.59983057,0.6052753549108574,0.002542021577524,0.3468776200233596,-0.1317627247406977
0.7647059,0.23529412,0.0,0.15686275,0.7058824,0.13725491,0.14945674,0.5109127702782197,0.3788932,0.4794303991262205,1.2832263,0.8206096995699746,0.6038587,0.603650956324805,0.0009176229914715,0.3454505585130327,-0.3500953535882811
0.7647059,0.23529412,0.0,0.15686275,0.7254902,0.11764706,0.1498592,0.5109224077282895,0.42582002,0.4818793026025332,1.2631912,0.8203028192796252,0.6129568,0.604368176536816,0.0016348432034826,0.3593550409675545,-0.2818871632843437
0.7647059,0.23529412,0.0,0.15686275,0.74509805,0.09803922,0.15491445,0.5110434608665418,0.47076812,0.4842249451639933,1.2246429,0.8197123669641693,0.61677516,0.6049935909982348,0.0022602576649014,0.3659502468033717,-0.2165550520906519
0.7647059,0.23529412,0.0,0.15686275,0.7647059,0.078431375,0.16256018,0.5112265456560928,0.5122655,0.4863905098348284,1.1621449,0.8187550737775534,0.6123235,0.6054573764228248,0.0027240430894915,0.3612083870605403,-0.1562385681571151
0.7647059,0.23529412,0.0,0.1764706,0.6862745,0.13725491,0.23924468,0.5130628351123254,0.35110775,0.4779803993906978,1.2644666,0.8203223551299843,0.618273,0.6037885298776692,0.0010551965443358,0.3615275725350251,-0.3904815341208444
0.7647059,0.23529412,0.0,0.1764706,0.7058824,0.11764706,0.2379616,0.5130321104547778,0.40046883,0.4805563357990862,1.2400963,0.8199490704775442,0.6261756,0.604512505577136,0.0017791722438027,0.3739508514616328,-0.3187351535657624
0.7647059,0.23529412,0.0,0.1764706,0.7254902,0.09803922,0.23737226,0.5130179980792637,0.44743592,0.4830073404200027,1.2068653,0.8194400647089867,0.63055784,0.605155134402751,0.0024218010694177,0.3815264669404364,-0.2504684410406045
0.7647059,0.23529412,0.0,0.1764706,0.74509805,0.078431375,0.24313118,0.5131559011441034,0.49070403,0.4852653119063644,1.1440552,0.8184779911825035,0.6259635,0.605633068077657,0.0028997347443237,0.3767044464978381,-0.187578192269138
0.7647059,0.23529412,0.0,0.19607843,0.6862745,0.11764706,0.32381725,0.5150880123811934,0.3738695,0.4791682350681743,1.2177372,0.8196065914453871,0.63847464,0.6046209462982516,0.0018876129649182,0.3873224614116468,-0.3573972893873134
0.7647059,0.23529412,0.0,0.19607843,0.7058824,0.09803922,0.3187354,0.514966321955895,0.4233746,0.481751686451193,1.1876317,0.8191454602875936,0.64324725,0.6052878228982271,0.0025544895648938,0.3956323393837553,-0.285441597675355
0.7647059,0.23529412,0.0,0.19607843,0.7254902,0.078431375,0.32327998,0.5150751467475263,0.46915707,0.4841408713853186,1.1240615,0.8181717426712198,0.63883287,0.6057959202680215,0.0030625869346882,0.3911734799294651,-0.2188967206581894
0.7647059,0.23529412,0.0,0.7647059,0.0,0.23529412,1.5726364,0.5449922724020361,-1.201765,0.3969428430994789,0.77384484,0.8128074088773697,0.3815721,0.5849141747929615,-0.0178191585403717,-0.0474379309812278,-2.6475835860154944
0.7647059,0.23529412,0.0,0.78431374,0.0,0.21568628,1.5513451,0.5444824313469047,-1.0868139,0.4029416280509502,0.8930778,0.8146337223856762,0.45253634,0.5873525939278438,-0.0153807394054896,0.0528241808338637,-2.480502167935914
0.7647059,0.23529412,0.0,0.8039216,0.0,0.19607843,1.5257953,0.5438706158006507,-0.98461705,0.4082748307357068,0.9942952,0.8161840881275149,0.5118245,0.5894431782212908,-0.0132901551120425,0.1370117291050621,-2.3319589088120147
0.7647059,0.23529412,0.0,0.8235294,0.0,0.1764706,1.4932821,0.5430920522790185,-0.88127416,0.4136678390567272,1.0956783,0.8177369928542982,0.5692287,0.5914989613966813,-0.011234371936652,0.218884413276799,-2.181749910609792
0.7647059,0.23529412,0.0,0.84313726,0.0,0.15686275,1.4567814,0.5422180056021765,-0.7744096,0.4192446283218898,1.1850044,0.8191052163262968,0.6224587,0.5935226167501211,-0.0092107165832122,0.295359940627638,-2.026422145688696
0.7647059,0.23529412,0.0,0.8627451,0.0,0.13725491,1.4247345,0.5414506092336185,-0.66607755,0.4248979981646162,1.2645142,0.8203230836844561,0.6743904,0.5955572303608969,-0.0071761029724364,0.370019364223005,-1.8689614169090487
0.7647059,0.23529412,0.0,0.88235295,0.0,0.11764706,1.3916506,0.5406583807933344,-0.55878794,0.4304969684248481,1.341381,0.821500466055779,0.72474784,0.5975519384246538,-0.0051813949086795,0.4425476725243093,-1.7130158548606045
0.7647059,0.23529412,0.0,0.88235295,0.039215688,0.078431375,1.2910681,0.5382498296928889,-0.36863342,0.4404202917965218,1.5144131,0.824150832189095,0.81228256,0.6009403178928352,-0.001793015440498,0.5698888319605377,-1.436626060191465
0.7647059,0.23529412,0.0,0.9019608,0.0,0.09803922,1.3558567,0.5398012589760469,-0.4666633,0.4353045459138681,1.4198637,0.8227026010196309,0.7696857,0.5992694686365153,-0.003463864696818,0.5073086726084938,-1.57911259430183
0.7647059,0.23529412,0.0,0.9019608,0.019607844,0.078431375,1.3077183,0.5386485358800533,-0.3836865,0.4396347374389608,1.508569,0.8240613167644756,0.8108669,0.60078153002783,-0.0019518033055034,0.5670105482685154,-1.4585057470116596
0.7647059,0.23529412,0.0,0.9019608,0.039215688,0.05882353,1.2572681,0.5374404537350902,-0.28880382,0.4445862456662146,1.5532764,0.8247461086672436,0.8405802,0.6022576026895162,-0.0004757306438171,0.6117349464342073,-1.3205936493227162
0.7647059,0.23529412,0.0,0.92156863,0.0,0.078431375,1.3223563,0.5389990594555766,-0.39097998,0.4392541238811617,1.4906514,0.823786869016801,0.8073425,0.6006800174511797,-0.0020533158821535,0.5616163071634533,-1.4691068026407306
0.7647059,0.23529412,0.0,0.92156863,0.019607844,0.05882353,1.272788,0.5378120955617492,-0.30676886,0.443648729252334,1.5528669,0.8247398365253628,0.8396287,0.6020668871131486,-0.0006664462201846,0.609409680777271,-1.3467058659084494
0.7647059,0.23529412,0.0,0.92156863,0.039215688,0.039215688,1.2210592,0.5365733950926873,-0.21125025,0.4486334234333664,1.5994387,0.8254531844767116,0.86974925,0.6035533343342551,0.0008200010009217,0.654739136289825,-1.207869455002328
0.7647059,0.23529412,0.0,0.9411765,0.0,0.05882353,1.2886543,0.5381920299701263,-0.31796312,0.443064550397688,1.5519426,0.8247256781008666,0.84087795,0.601994086156227,-0.0007392471771063,0.6102799733760524,-1.362976732798322
0.7647059,0.23529412,0.0,0.9411765,0.019607844,0.039215688,1.2351637,0.5369111415268096,-0.22887886,0.4477134642522258,1.6028569,0.8255055417973206,0.86971396,0.6033767158587854,0.000643382525452,0.6536981068366118,-1.233492658001563
0.7647059,0.23529412,0.0,0.9607843,0.0,0.039215688,1.2510679,0.5372919836945623,-0.24238062,0.4470088669495897,1.6012462,0.8254808713725892,0.8699778,0.6032605740055804,0.000527240672247,0.6531580926354704,-1.2531174849376587
0.7647059,0.23529412,0.0,0.98039216,0.0,0.019607844,1.2168938,0.5364736500357546,-0.17290142,0.4506346789072385,1.6350292,0.8259983312945407,0.8930072,0.6043688867458447,0.0016355534125112,0.6875486432809094,-1.152129400104701
0.7647059,0.23529412,0.0,0.98039216,0.019607844,0.0,1.1718929,0.5353960568737491,-0.09249884,0.454830534039812,1.6402562,0.8260783937705379,0.9065501,0.6054349948946997,0.0027016615613663,0.7098230906331011,-1.035264163014494
0.7647059,0.23529412,0.0,1.0,0.0,0.0,1.1847386,0.5357036617001744,-0.110677965,0.4538818458665125,1.6512921,0.8262474330155928,0.9084509,0.6052776468607598,0.0025443135274265,0.7114057174179708,-1.0616875415140554
0.78431374,0.21568628,0.0,0.09803922,0.78431374,0.11764706,-0.022998046,0.5067831627983802,0.39005935,0.4800131113788226,1.3713986,0.8219602514876434,0.5794866,0.602918841888282,0.0001855085549487,0.3175521640680283,-0.3338653352954558
0.78431374,0.21568628,0.0,0.09803922,0.8235294,0.078431375,0.0043878825,0.5074389470696354,0.47351092,0.4843680796135247,1.2677059,0.8203719716980568,0.58186823,0.6040596661270724,0.0013263327937389,0.3229756502735019,-0.2416296214900993
0.78431374,0.21568628,0.0,0.11764706,0.74509805,0.13725491,0.0390628,0.5082692737275629,0.33167908,0.4769665030266804,1.3656023,0.8218714682693978,0.57878137,0.6023690816745471,-0.0003642516587862,0.3129057021278713,-0.4187211265810152
0.78431374,0.21568628,0.0,0.11764706,0.7647059,0.11764706,0.043384198,0.5083727540145052,0.37330666,0.4791388625907603,1.3556186,0.8217185466943233,0.5907698,0.603076721099863,0.0003433877665295,0.3304159578954603,-0.3582153875886252
0.78431374,0.21568628,0.0,0.11764706,0.78431374,0.09803922,0.053470414,0.5086142788468659,0.41865474,0.4815053781808857,1.3126286,0.8210600612684338,0.59491795,0.6037265727653952,0.0009932394320618,0.3373367251645751,-0.2923019094585887
0.78431374,0.21568628,0.0,0.11764706,0.8039216,0.078431375,0.06777891,0.5089569104644287,0.45872337,0.4835963825456894,1.2520163,0.8201316509756379,0.59283954,0.6042283146619187,0.0014949813285853,0.3355672830171856,-0.2340621196831103
0.78431374,0.21568628,0.0,0.13725491,0.74509805,0.11764706,0.11545803,0.5100986360769955,0.35398647,0.4781306273417375,1.3364208,0.8214244900582474,0.6019551,0.6032179178256601,0.0004845844923267,0.3429068996262063,-0.3862973035978373
0.78431374,0.21568628,0.0,0.13725491,0.7647059,0.09803922,0.12114777,0.5102348827664334,0.40224248,0.4806488950292473,1.2969059,0.8208192329316211,0.60676533,0.6039010035757673,0.0011676702424338,0.3509388180448187,-0.3161571435926146
0.78431374,0.21568628,0.0,0.13725491,0.78431374,0.078431375,0.13229428,0.5105017975643031,0.4426625,0.4827582373629798,1.2363815,0.8198921701907053,0.60377944,0.6043840683726627,0.0016507350393293,0.3480420806354511,-0.2574065947420717
0.78431374,0.21568628,0.0,0.15686275,0.7254902,0.11764706,0.19676167,0.5120455355136001,0.33024284,0.4768915523525546,1.317232,0.8211305721944517,0.6147455,0.6033558866868688,0.0006225533535354,0.3571616791680057,-0.4208086934833565
0.78431374,0.21568628,0.0,0.15686275,0.74509805,0.09803922,0.19716404,0.5120551708227279,0.3798768,0.4794817286425063,1.2805585,0.8205688366112696,0.61919975,0.6040352453588346,0.0013019120255012,0.3649020158286105,-0.3486656960093287
0.78431374,0.21568628,0.0,0.15686275,0.7647059,0.078431375,0.20454732,0.5122319708772617,0.42326885,0.4817461684193246,1.2200879,0.8196425973742805,0.61596805,0.6045402455569556,0.0018069122236222,0.3618780593178783,-0.2855952888973319
0.78431374,0.21568628,0.0,0.1764706,0.7058824,0.11764706,0.2793664,0.51402359100755,0.30396527,0.4755202421154563,1.2979801,0.8208356865765959,0.6271039,0.6034598398998674,0.000726506566534,0.370710557337929,-0.4590031713476184
0.78431374,0.21568628,0.0,0.1764706,0.7254902,0.09803922,0.2762124,0.5139480649993061,0.35510004,0.4781887393092571,1.2635336,0.820308063411061,0.63161534,0.6041482892398747,0.0014149559065414,0.3786748086269324,-0.3846787375016822
0.78431374,0.21568628,0.0,0.1764706,0.74509805,0.078431375,0.28133193,0.5140706574748016,0.40210158,0.4806415418007598,1.2031692,0.8193834510964637,0.62886757,0.6046985501240084,0.001965216790675,0.3764901218781502,-0.3163619497080335
0.78431374,0.21568628,0.0,0.74509805,0.0,0.25490198,1.5869946,0.5453360962566326,-1.2498745,0.3944322194724631,0.71675926,0.8119330184336202,0.35129318,0.5839004447209053,-0.018832888612428,-0.0903240945517557,-2.71751083949422
0.78431374,0.21568628,0.0,0.7647059,0.0,0.23529412,1.5698115,0.5449246272010134,-1.157392,0.3992584693094568,0.8256881,0.813601502210411,0.41270253,0.5859281995736271,-0.0168051337597062,-0.003840513507482,-2.5830875065535253
0.78431374,0.21568628,0.0,0.78431374,0.0,0.21568628,1.548034,0.5444031422764061,-1.050871,0.4048173296368015,0.9383466,0.8153271136049473,0.4785032,0.5881825285060516,-0.0145508048272817,0.0891777294758778,-2.428259108150735
0.78431374,0.21568628,0.0,0.8039216,0.0,0.19607843,1.521597,0.54377008287709,-0.9533809,0.4099049083618545,1.0360646,0.816823878553507,0.53476024,0.5901662899308172,-0.0125670434025161,0.169137436704428,-2.286557101019296
0.78431374,0.21568628,0.0,0.8235294,0.0,0.1764706,1.489055,0.542990831399453,-0.85661095,0.4149549028822486,1.132891,0.8183069872141113,0.588445,0.5920842404986043,-0.010649092834729,0.2457660310878834,-2.1459019095784675
0.78431374,0.21568628,0.0,0.84313726,0.0,0.15686275,1.4548528,0.5421718240575867,-0.7559854,0.4202061064936609,1.2177192,0.8196063157267774,0.6388622,0.5939947487593417,-0.0087385845739916,0.3181697900515496,-1.9996425332018928
0.78431374,0.21568628,0.0,0.8627451,0.0,0.13725491,1.4230986,0.5414114357055925,-0.6545709,0.4254984807193963,1.2912186,0.8207321204585927,0.6865821,0.5958806789611938,-0.0068526543721395,0.3869009313679787,-1.8522364505039612
0.78431374,0.21568628,0.0,0.8627451,0.019607844,0.11764706,1.3713119,0.5401713507607532,-0.5532215,0.4307874551656321,1.3903794,0.8222509848927956,0.73615664,0.5977365969397269,-0.0049967363936063,0.4586592732957897,-1.7049250603120174
0.78431374,0.21568628,0.0,0.88235295,0.0,0.11764706,1.3887029,0.5405877953654031,-0.55327576,0.4307846246081349,1.3650979,0.8218637426704756,0.73350835,0.5977453875480045,-0.0049879457853288,0.4546279132203689,-1.705003898537496
0.78431374,0.21568628,0.0,0.88235295,0.019607844,0.09803922,1.3391776,0.5394018619782884,-0.46394297,0.4354465077038649,1.4598927,0.8233157334731661,0.7783758,0.5993880343851065,-0.0033452989482268,0.5195588680130703,-1.575158597387844
0.78431374,0.21568628,0.0,0.88235295,0.039215688,0.078431375,1.2904822,0.5382357993868153,-0.3771778,0.4399743981176289,1.5289873,0.8243740674874733,0.8140972,0.6008614216639725,-0.0018719116693608,0.5720495105278832,-1.4490453332250617
0.78431374,0.21568628,0.0,0.9019608,0.0,0.09803922,1.3550513,0.5397819733711978,-0.46774524,0.4352480840680542,1.4383371,0.8229855613511333,0.7752144,0.5993385395967952,-0.0033947937365382,0.5147440278084242,-1.580685200311595
0.78431374,0.21568628,0.0,0.9019608,0.019607844,0.078431375,1.3079015,0.5386529233837024,-0.38750535,0.4394354490833872,1.5227764,0.8242789336114514,0.81439084,0.6007891020261803,-0.0019442313071529,0.5716211867853483,-1.4640564345801172
0.78431374,0.21568628,0.0,0.9019608,0.039215688,0.05882353,1.2572185,0.5374392662259698,-0.29996654,0.4440037122675203,1.5648749,0.8249237645753366,0.8407089,0.6021222476896089,-0.0006110856437244,0.611516839422277,-1.336818686079316
0.78431374,0.21568628,0.0,0.92156863,0.0,0.078431375,1.3227012,0.5390073177822238,-0.3946673,0.4390616988498934,1.5052933,0.8240111414553797,0.81110907,0.6006933860291656,-0.0020399473041677,0.5665542500425907,-1.474466329171256
0.78431374,0.21568628,0.0,0.92156863,0.019607844,0.05882353,1.2746788,0.5378573722015526,-0.31279138,0.4433344409445509,1.5612686,0.8248685259039595,0.84105206,0.6020201130166877,-0.0007132203166456,0.6110661729272054,-1.355459594634357
0.78431374,0.21568628,0.0,0.92156863,0.039215688,0.039215688,1.2210869,0.5365740573573891,-0.226486,0.4478383369401456,1.6070315,0.8255694847773865,0.8672108,0.6033272930249737,0.0005939596916403,0.6507805591525756,-1.2300146360444772
0.78431374,0.21568628,0.0,0.9411765,0.0,0.05882353,1.2899365,0.538222733931902,-0.323839,0.4427579139266557,1.5571556,0.8248055269405902,0.8410844,0.6019287249330493,-0.000804608400284,0.6103175217995367,-1.3715173384091996
0.78431374,0.21568628,0.0,0.9411765,0.019607844,0.039215688,1.2381587,0.5369828602266659,-0.24014187,0.4471256974326643,1.604831,0.8255357795468249,0.86761594,0.6032147790687183,0.0004814457353849,0.6503946156984044,-1.2498634588398856
0.78431374,0.21568628,0.0,0.9607843,0.0,0.039215688,1.25277,0.537332741519612,-0.250771,0.446571010809788,1.6028173,0.8255049355815697,0.86827207,0.6031362293036565,0.0004028959703232,0.6505185747731568,-1.265312892065061
0.78431374,0.21568628,0.0,0.98039216,0.0,0.019607844,1.2199714,0.5365473469659484,-0.18092093,0.4502161763155116,1.6342555,0.8259864808721806,0.891102,0.6042500013845469,0.0015166680512135,0.6846169863135366,-1.1637857616948202
0.78431374,0.21568628,0.0,1.0,0.0,0.0,1.1888661,0.5358024989977314,-0.117867716,0.4535066445834885,1.6493504,0.826217691924776,0.9067829,0.6051756118353319,0.0024422785019986,0.7087952392489147,-1.0721378515251785
0.8039216,0.19607843,0.0,0.05882353,0.8235294,0.11764706,-0.102117546,0.5048885648780602,0.3440011,0.4776095357037506,1.4334793,0.8229111538455597,0.5584543,0.6018030848091235,-0.0009302485242098,0.2896733730329369,-0.4008110310490775
0.8039216,0.19607843,0.0,0.078431375,0.8039216,0.11764706,-0.042027455,0.506327484005683,0.32666373,0.4767047744390185,1.4276526,0.8228219050097946,0.57076293,0.6019513878181654,-0.000781945515168,0.3040651937544522,-0.4260109334222817
0.8039216,0.19607843,0.0,0.078431375,0.8235294,0.09803922,-0.029769544,0.5066210123173714,0.36737514,0.4788293224654162,1.3931413,0.8222932885268847,0.5769156,0.6025812077698908,-0.0001521255634425,0.3134672810380962,-0.3668368673571779
0.8039216,0.19607843,0.0,0.09803922,0.78431374,0.11764706,0.018378302,0.5077739620855911,0.31053865,0.4758632776896019,1.4178026,0.822671030325855,0.58223987,0.6021027567003493,-0.000630576632984,0.317370175832196,-0.4494487581383344
0.8039216,0.19607843,0.0,0.09803922,0.8039216,0.09803922,0.029664341,0.5080442179125388,0.35308528,0.4780835980954956,1.379486,0.8220841276592539,0.5874119,0.6027373145557627,3.981222429431479e-06,0.3255407468113544,-0.3876071877188512
0.8039216,0.19607843,0.0,0.09803922,0.8235294,0.078431375,0.044553764,0.508400760478663,0.3947166,0.480256152065997,1.3180801,0.8211435620102714,0.5857835,0.6032668248516438,0.0005334915183104,0.3244175231394847,-0.3270960340131729
0.8039216,0.19607843,0.0,0.11764706,0.7647059,0.11764706,0.08214137,0.5093008344080601,0.29303083,0.4749496219422725,1.4056215,0.8224844509949464,0.5935979,0.602244969115093,-0.0004883642182403,0.3303775650910011,-0.4748963944739076
0.8039216,0.19607843,0.0,0.11764706,0.78431374,0.09803922,0.09217426,0.509541082346975,0.33776775,0.4772842439925097,1.3643379,0.8218521022324871,0.59809333,0.6028924761906572,0.0001591428573239,0.3377463492751289,-0.4098712325471063
0.8039216,0.19607843,0.0,0.11764706,0.8039216,0.078431375,0.10509911,0.5098505811933555,0.38005054,0.4794907957580058,1.3027675,0.8209090167710459,0.59597236,0.603416797907469,0.0006834645741357,0.3360341125872363,-0.3484131537815595
0.8039216,0.19607843,0.0,0.13725491,0.74509805,0.11764706,0.15628089,0.5110761815956097,0.27009162,0.4737525262981262,1.3886037,0.8222237855258502,0.6049921,0.6023508311398621,-0.0003825021934712,0.3429680610748051,-0.5082385528307913
0.8039216,0.19607843,0.0,0.13725491,0.7647059,0.09803922,0.15979977,0.5111604447878445,0.31810895,0.4762583379773967,1.3481799,0.8216046073483652,0.6086962,0.6030077967045354,0.0002744633712021,0.3495580155672826,-0.4384453243353788
0.8039216,0.19607843,0.0,0.13725491,0.78431374,0.078431375,0.16806902,0.5113584605063717,0.36340752,0.478622270294993,1.2875513,0.8206759469002745,0.6063426,0.6035522259005464,0.000818892567213,0.3477613894863346,-0.3726037969155196
0.8039216,0.19607843,0.0,0.13725491,0.8039216,0.05882353,0.17739905,0.5115818777871768,0.4008844,0.4805780222242192,1.2264668,0.8197403040153417,0.6015834,0.6039667346755793,0.0012334013422459,0.3424188896426168,-0.3181311314690193
0.8039216,0.19607843,0.0,0.15686275,0.7254902,0.11764706,0.2362519,0.5129911699360173,0.24337357,0.4723582294457478,1.3716471,0.8219640585955973,0.6170909,0.6024378193257874,-0.0002955140075458,0.3562211456901002,-0.5470732663942689
0.8039216,0.19607843,0.0,0.15686275,0.74509805,0.09803922,0.23575966,0.5129793826234325,0.29403192,0.4750018643911138,1.332938,0.8213711430721654,0.62090987,0.6031174633622373,0.0003841300289038,0.3631648960269064,-0.473441309401353
0.8039216,0.19607843,0.0,0.15686275,0.7647059,0.078431375,0.24154486,0.5131179151251977,0.34214133,0.4775124817971241,1.2726299,0.820447392606467,0.61877203,0.6036925965095963,0.0009592631762629,0.3618237375987147,-0.4035142291934523
0.8039216,0.19607843,0.0,0.15686275,0.78431374,0.05882353,0.24748652,0.5132601942753293,0.38118666,0.4795500850508142,1.2109061,0.8195019589719665,0.6131931,0.6041040794327034,0.00137074609937,0.3555211560183983,-0.3467617961817285
0.8039216,0.19607843,0.0,0.7058824,0.0,0.29411766,1.5989251,0.5456217835469371,-1.3498076,0.3892171505714309,0.5598405,0.8095294642787307,0.26965266,0.581456132799033,-0.0212772005343004,-0.2042006456236544,-2.8627637722824613
0.8039216,0.19607843,0.0,0.7254902,0.0,0.27450982,1.595799,0.5455469247989261,-1.2863774,0.3925272916028267,0.6604941,0.8110711941850453,0.32330522,0.5830484701955994,-0.0196848631377339,-0.129566814607183,-2.770567925616318
0.8039216,0.19607843,0.0,0.74509805,0.0,0.25490198,1.5844816,0.54527591866104,-1.2105695,0.3964833720761073,0.7582487,0.8125685197005795,0.37738693,0.5847759368125756,-0.0179573965207577,-0.0537022342072332,-2.6603810226251494
0.8039216,0.19607843,0.0,0.7647059,0.0,0.23529412,1.5648298,0.5448053367716116,-1.1118697,0.4016340784543551,0.87024695,0.8142840180651865,0.44106904,0.586907811097051,-0.0158255222362822,0.0361288784262375,-2.5169207497947124
0.8039216,0.19607843,0.0,0.7647059,0.019607844,0.21568628,1.5218474,0.5437760775144765,-1.024812,0.406177235215588,1.0037941,0.8163295844726159,0.5002765,0.5887609657342269,-0.0139723675991065,0.1201356967803452,-2.390382279026821
0.8039216,0.19607843,0.0,0.78431374,0.0,0.21568628,1.5414159,0.5442446669006212,-1.0125452,0.4068173829013629,0.9748848,0.8158867758207042,0.5012519,0.5889829418742295,-0.0137503914591038,0.1213647441793866,-2.372552537840084
0.8039216,0.19607843,0.0,0.78431374,0.019607844,0.19607843,1.4936372,0.5431005561003396,-0.9289649,0.4111790698219926,1.0953591,0.8177321029573675,0.5533438,0.5906705762932333,-0.0120627570401,0.195784960990154,-2.251068463679493
0.8039216,0.19607843,0.0,0.8039216,0.0,0.19607843,1.51347,0.5435754741108109,-0.91845,0.4117277967216109,1.0673662,0.8173033313042066,0.55412877,0.5908688673788761,-0.0118644659544572,0.1966887473284583,-2.2357850239048864
0.8039216,0.19607843,0.0,0.8039216,0.019607844,0.1764706,1.4614193,0.5423290662508234,-0.8325648,0.4162097667833613,1.187241,0.8191394748200287,0.6053652,0.5925594359514045,-0.0101738973819288,0.270149855802804,-2.110950758338521
0.8039216,0.19607843,0.0,0.8235294,0.0,0.1764706,1.4819366,0.5428203724580737,-0.82642937,0.4165299463833421,1.1592792,0.8187111797400937,0.6049288,0.5926871661938365,-0.0100461671394968,0.2692351446470936,-2.102032942141123
0.8039216,0.19607843,0.0,0.8235294,0.019607844,0.15686275,1.428222,0.5415341202415908,-0.7369661,0.4211986399248307,1.268024,0.8203768433354769,0.6530933,0.5943698678339661,-0.0083634654993672,0.3387255056506713,-1.971997952755553
0.8039216,0.19607843,0.0,0.84313726,0.0,0.15686275,1.4488527,0.5420281440177895,-0.73186964,0.4214646003514762,1.2413274,0.81996792707411,0.6527701,0.5944868904811252,-0.008246442852208,0.337923845097249,-1.9645902784354257
0.8039216,0.19607843,0.0,0.84313726,0.019607844,0.13725491,1.396498,0.5407744569552614,-0.63699466,0.4264157057686247,1.3357712,0.8214145404509376,0.6984248,0.5962015677249413,-0.0065317656083921,0.4041857996113351,-1.826689400032414
0.8039216,0.19607843,0.0,0.8627451,0.0,0.13725491,1.4171373,0.5412686862618848,-0.6340652,0.4265685807574997,1.3094012,0.821010625469516,0.6974911,0.5962826308296335,-0.0064507025036998,0.4024845661444829,-1.8224314427732728
0.8039216,0.19607843,0.0,0.8627451,0.019607844,0.11764706,1.365844,0.5400404164618754,-0.54281235,0.4313306640333821,1.4034734,0.8224515473568988,0.74216837,0.5979408759507189,-0.0047924573826145,0.4672734965692835,-1.6897953117593871
0.8039216,0.19607843,0.0,0.88235295,0.0,0.11764706,1.3826103,0.5404419030189515,-0.54230267,0.4313572619423483,1.3790911,0.822078080109353,0.73979956,0.5979590816902176,-0.0047742516431157,0.4636552764444747,-1.6890544923461268
0.8039216,0.19607843,0.0,0.88235295,0.019607844,0.09803922,1.3323936,0.5392394130142931,-0.46123344,0.435587906492865,1.4694059,0.8234614480194186,0.78018874,0.5994295891755256,-0.0033037441578077,0.5222772366145337,-1.571220281483541
0.8039216,0.19607843,0.0,0.9019608,0.0,0.09803922,1.3471885,0.539593690374656,-0.46232435,0.4355309765163881,1.4477332,0.8231294828134478,0.7775324,0.5994180499014973,-0.003315283431836,0.5182672515934289,-1.5728059261229046
0.8039216,0.19607843,0.0,0.9019608,0.019607844,0.078431375,1.3013804,0.5384967687889629,-0.38577458,0.4395257703068237,1.529686,0.8243847693866185,0.8150973,0.6008024361608016,-0.0019308971725316,0.5728067234320449,-1.461540758786345
0.8039216,0.19607843,0.0,0.92156863,0.0,0.078431375,1.3148564,0.5388194658286559,-0.3911989,0.439242699004582,1.5121113,0.824115574900135,0.81192297,0.6007259132444577,-0.0020074200888756,0.5679807908375725,-1.4694250145112608
0.8039216,0.19607843,0.0,0.92156863,0.019607844,0.05882353,1.2682453,0.5377033157298984,-0.31170624,0.4433910692022615,1.5653207,0.8249305936322898,0.84062,0.6020083261881499,-0.0007250071451834,0.6106920935369732,-1.353882353630017
0.8039216,0.19607843,0.0,0.9411765,0.0,0.05882353,1.2834305,0.5380669390154057,-0.32293373,0.4428051562423356,1.5607364,0.824860374858441,0.840411,0.6019108233720608,-0.0008225099612725,0.6096138227525446,-1.3702015197624218
0.8235294,0.15686275,0.019607844,0.078431375,0.8235294,0.09803922,0.066443846,0.5089249410275641,0.22245112,0.471266379217205,1.4297571,0.8228541403497552,0.572884,0.6010151535315081,-0.0017181798018252,0.3003879624191452,-0.5774840722476596
0.8235294,0.1764706,0.0,0.019607844,0.88235295,0.09803922,-0.16278362,0.5034358531781233,0.34225714,0.4775185255039562,1.4630494,0.823364084657156,0.54750764,0.6014394877797452,-0.0012938455535881,0.2764610085109926,-0.4537004035141268
0.8235294,0.1764706,0.0,0.039215688,0.84313726,0.11764706,-0.12324546,0.5043826351454117,0.29282773,0.4749390229041714,1.4815859,0.8236480109167676,0.55038935,0.6009898896554503,-0.001743443677883,0.2775600269964693,-0.4751916046423889
0.8235294,0.1764706,0.0,0.039215688,0.8627451,0.09803922,-0.110314704,0.5046922754723709,0.32695898,0.4767201823143622,1.4604745,0.8233246441143244,0.5590396,0.6015790339670192,-0.0011542993663141,0.2900791738913992,-0.4255817849058994
0.8235294,0.1764706,0.0,0.039215688,0.88235295,0.078431375,-0.092200175,0.5051260465415979,0.36468422,0.4786888957085237,1.4095881,0.8225452076904177,0.5606907,0.6021200499801798,-0.0006132833531535,0.293153657196639,-0.370748109695039
0.8235294,0.1764706,0.0,0.05882353,0.8235294,0.11764706,-0.065553784,0.5057641218110176,0.27379033,0.4739455454354188,1.4775984,0.8235869346798613,0.561945,0.6010988673087659,-0.0016344660245674,0.2909403872072502,-0.5028624789364566
0.8235294,0.1764706,0.0,0.05882353,0.84313726,0.09803922,-0.05367228,0.5060486366680012,0.31025046,0.4758482384088334,1.4530343,0.8232106810310025,0.5698708,0.6017025187026124,-0.001030814630721,0.3025928472097504,-0.4498676403583219
0.8235294,0.1764706,0.0,0.05882353,0.8627451,0.078431375,-0.036945295,0.5064491815674544,0.35056478,0.4779520642659489,1.3981504,0.8223700149903007,0.57058996,0.6022570869412347,-0.0004762463920986,0.3045389432916348,-0.3912707394120496
0.8235294,0.1764706,0.0,0.078431375,0.8039216,0.11764706,-0.00817405,0.5071381386633471,0.25532353,0.4729818448094369,1.4693686,0.8234608764967377,0.5721727,0.6011936199898406,-0.0015397133434927,0.3025591666396507,-0.5297039924255728
0.8235294,0.1764706,0.0,0.078431375,0.8235294,0.09803922,0.0027212733,0.5073990383956762,0.29523948,0.4750648816214612,1.4409589,0.8230257194927304,0.57963985,0.6018298798366226,-0.0009034534967107,0.3137411328485922,-0.4716861192595045
0.8235294,0.1764706,0.0,0.078431375,0.84313726,0.078431375,0.018534832,0.5077777103396641,0.33671212,0.4772291554336574,1.3848639,0.8221665017892893,0.58003694,0.6023911225208702,-0.000342210812463,0.3153180073789389,-0.4114055890222024
0.8235294,0.1764706,0.0,0.09803922,0.78431374,0.11764706,0.05181278,0.5085745850699523,0.23669231,0.472009563861635,1.4590534,0.8233028769517736,0.5825195,0.6012956752944537,-0.0014376580388796,0.3142637814816918,-0.5567844897003839
0.8235294,0.1764706,0.0,0.09803922,0.8039216,0.09803922,0.062706076,0.5088354362742646,0.27978468,0.4742583640306552,1.4266622,0.8228067350084128,0.5897177,0.6019668451044442,-0.0007664882288891,0.3251949869542357,-0.4941496854430091
0.8235294,0.1764706,0.0,0.09803922,0.8235294,0.078431375,0.07648962,0.509165497440528,0.32226765,0.4764753624196181,1.3691636,0.8219260185572264,0.589307,0.6025222928057908,-0.0002110405275425,0.325772326679154,-0.4324006416441974
0.8235294,0.1764706,0.0,0.11764706,0.7647059,0.11764706,0.118202195,0.5101643480074609,0.21578342,0.4709184212724666,1.44805,0.8231343361913573,0.59401184,0.6014057018237616,-0.0013276315095717,0.327263058467594,-0.5871755859974049
0.8235294,0.1764706,0.0,0.11764706,0.78431374,0.09803922,0.12529425,0.5103341746573254,0.26225573,0.473343605610103,1.4118935,0.8225805197579095,0.5998145,0.602086100008446,-0.0006472333248873,0.3365326775284052,-0.5196280340323538
0.8235294,0.1764706,0.0,0.11764706,0.8039216,0.078431375,0.13672744,0.5106079540286501,0.30732998,0.4756958315506213,1.3533878,0.8216843776721933,0.59914845,0.6026627210838216,-7.061224951177003e-05,0.3369191368185382,-0.4541125589878649
0.8235294,0.1764706,0.0,0.11764706,0.8235294,0.05882353,0.14733584,0.5108619832107283,0.3473928,0.4777865326414074,1.2901481,0.8207157234181006,0.59495896,0.6031214130900788,0.0003880797567454,0.3324017744532677,-0.3958812161651164
0.8235294,0.1764706,0.0,0.13725491,0.74509805,0.11764706,0.19314836,0.5119590111298702,0.18975726,0.4695602311359436,1.4365565,0.8229582871201946,0.60648733,0.6014925097953361,-0.0012408235379972,0.3411810883984462,-0.625004635691262
0.8235294,0.1764706,0.0,0.13725491,0.7647059,0.09803922,0.19647032,0.5120385588975179,0.23909545,0.4721349731112783,1.398519,0.822375660830969,0.61136156,0.6021830642799217,-0.0005502690534116,0.349399917288465,-0.553291523134622
0.8235294,0.1764706,0.0,0.13725491,0.78431374,0.078431375,0.2033873,0.5122041932262721,0.28721452,0.4746460944187332,1.3389547,0.8214633024739154,0.60985214,0.6027711967063069,3.786337297354928e-05,0.3488761923150165,-0.4833504079898778
0.8235294,0.1764706,0.0,0.13725491,0.8039216,0.05882353,0.20935792,0.5123471656847635,0.33045894,0.476902829480254,1.2741671,0.8204709382453473,0.6046613,0.6032403111367882,0.0005069778034549,0.3432436907016052,-0.4204945967949253
0.8235294,0.1764706,0.0,0.15686275,0.7254902,0.11764706,0.2733791,0.5138802185497426,0.16182229,0.4681024287042868,1.4235408,0.8227589243059358,0.61958075,0.6015805238533217,-0.0011528094800115,0.3557250679617863,-0.6656081411563685
0.8235294,0.1764706,0.0,0.15686275,0.74509805,0.09803922,0.27038872,0.5138086111788664,0.2144615,0.4708494365426043,1.3846711,0.8221635492264301,0.6231738,0.6022738656493003,-0.000459467684033,0.3625000476000465,-0.589096986178353
0.8235294,0.1764706,0.0,0.6862745,0.0,0.3137255,1.5975169,0.5455880622843435,-1.3342656,0.3900282203830031,0.4730255,0.8081997026397972,0.2454256,0.5812719951023814,-0.021461338230952,-0.236272114451764,-2.8401734151725964
0.8235294,0.1764706,0.0,0.7058824,0.0,0.29411766,1.5960963,0.5455540441444698,-1.2801026,0.3928547466687263,0.56571066,0.8096193786736562,0.29390144,0.5826760564956174,-0.0200572768377158,-0.1689872752816685,-2.761447469188816
0.8235294,0.1764706,0.0,0.7254902,0.0,0.27450982,1.5891497,0.5453877015207625,-1.2203618,0.3959723538012577,0.66266745,0.8111044840117413,0.34381843,0.5841548464445872,-0.0185784868887461,-0.0994174464241796,-2.67461418129264
0.8235294,0.1764706,0.0,0.74509805,0.0,0.25490198,1.5766618,0.5450886661712108,-1.1511512,0.3995841513887922,0.76255393,0.8126344639230039,0.39602152,0.585769093827669,-0.0169642395056643,-0.0262863593973869,-2.5740164323112134
0.8235294,0.1764706,0.0,0.7647059,0.0,0.23529412,1.5551571,0.5445737125467655,-1.0553827,0.4045818832420772,0.879391,0.8144240794669664,0.4597218,0.5878598917519363,-0.0148734415813969,0.0635150445954363,-2.434816889073121
0.8235294,0.1764706,0.0,0.78431374,0.0,0.21568628,1.5313498,0.5440036225313106,-0.96428925,0.4093356490336214,0.98118275,0.8159832426409978,0.5160811,0.5897741714019765,-0.0129591619313567,0.1433178795069966,-2.302412421152565
0.8235294,0.1764706,0.0,0.8039216,0.0,0.19607843,1.5032355,0.5433303962069159,-0.8744207,0.4140254908832682,1.0738295,0.8174023307186162,0.5675481,0.5915860726029335,-0.0111472607303999,0.216597113701047,-2.171788397596636
0.8235294,0.1764706,0.0,0.8235294,0.0,0.1764706,1.4722252,0.5425878233463165,-0.78665847,0.4186054137869382,1.1658298,0.818811515750677,0.6171322,0.5933349176279773,-0.0093984157053561,0.2873407689011937,-2.04422589625165
0.8235294,0.1764706,0.0,0.84313726,0.0,0.15686275,1.4405448,0.5418292048396459,-0.7030144,0.4229704289455043,1.2493923,0.8200914581409707,0.66230756,0.594963697308707,-0.0077696360246263,0.3520147383743056,-1.9226491221995623
0.8235294,0.1764706,0.0,0.8627451,0.0,0.13725491,1.4087604,0.5410680942765761,-0.60945207,0.4278530317607159,1.3202348,0.8211765660756271,0.70651436,0.5966992307043064,-0.0060341026290269,0.4157349686871621,-1.786656215488544
0.8235294,0.1764706,0.0,0.8627451,0.019607844,0.11764706,1.3598243,0.5398962682694443,-0.5290647,0.4320480921598382,1.4112113,0.8225700698400101,0.7473236,0.5981714767564309,-0.0045618565769024,0.4748653684236065,-1.6698131137462595
0.8235294,0.1764706,0.0,0.88235295,0.0,0.11764706,1.3763229,0.540291343419106,-0.5285079,0.4320771504764751,1.3877295,0.822210395826749,0.7451815,0.5981929632407768,-0.0045403700925566,0.4715613718353765,-1.669003765721622
0.8235294,0.1764706,0.0,0.88235295,0.019607844,0.09803922,1.3242264,0.5390438393968536,-0.45512044,0.4359069165438139,1.4747084,0.823542668148386,0.78127146,0.5994978080296846,-0.0032355253036488,0.5241678103014055,-1.5623350402012857
0.8235294,0.1764706,0.0,0.9019608,0.0,0.09803922,1.3396761,0.5394137998704552,-0.45549342,0.4358874525728917,1.4537057,0.8232209647873556,0.7792961,0.5995074057435675,-0.0032259275897658,0.5210836254031739,-1.5628771612957164
0.8235294,0.1764706,0.0,0.9019608,0.019607844,0.078431375,1.2926886,0.5382886349789041,-0.385253,0.4395529887610874,1.533323,0.8244404791533683,0.81358624,0.6007607009644533,-0.00197263236888,0.571018152351218,-1.4607826556082684
0.8235294,0.1764706,0.0,0.92156863,0.019607844,0.05882353,1.2608517,0.5375262683965724,-0.31343576,0.4433008132993826,1.5675125,0.8249641655684242,0.83830947,0.6019304157547931,-0.0008029175785402,0.6077124499659582,-1.3563962100801246
0.8235294,0.1764706,0.0,0.9411765,0.0,0.05882353,1.2758479,0.5378853671581475,-0.3237012,0.4427651054090005,1.5630349,0.8248955810207714,0.83839387,0.6018486845293065,-0.0008846488040268,0.607068331009595,-1.3713170373352368
0.84313726,0.15686275,0.0,0.0,0.88235295,0.11764706,-0.21019804,0.5023004660025336,0.27718127,0.4741225034917913,1.5208154,0.8242488967165634,0.5292662,0.6002239554036294,-0.0025093779297038,0.2508363603487486,-0.5138494913828622
0.84313726,0.15686275,0.0,0.0,0.9019608,0.09803922,-0.19193406,0.502737815834598,0.30321467,0.4754810715543978,1.5057517,0.824018164063145,0.53901076,0.6007456838173802,-0.001987649515953,0.2644045548968712,-0.4906801320279341
0.84313726,0.15686275,0.0,0.0,0.92156863,0.078431375,-0.17572318,0.5031260021467965,0.33397624,0.4770863818024443,1.4829975,0.8236696338291849,0.54708356,0.6012940059261419,-0.0014393274071914,0.2759399996342597,-0.4701152946721299
0.84313726,0.15686275,0.0,0.019607844,0.8627451,0.11764706,-0.15457325,0.5036324590863938,0.25719404,0.4730794586065574,1.5222868,0.8242714344304602,0.5416359,0.6003277840411371,-0.0024055492921962,0.2653351863214662,-0.5269851999069275
0.84313726,0.15686275,0.0,0.019607844,0.88235295,0.09803922,-0.14019145,0.5039768460087162,0.285813,0.4745729556124559,1.5060637,0.8240229425770612,0.5505617,0.6008575813994111,-0.0018757519339222,0.277993528883288,-0.4853875097643716
0.84313726,0.15686275,0.0,0.019607844,0.9019608,0.078431375,-0.12631105,0.5043092265287303,0.3203156,0.4763734934547434,1.4765036,0.8235701651453536,0.55683607,0.6014176283762759,-0.0013157049570575,0.287298133258016,-0.4352379514072982
0.84313726,0.15686275,0.0,0.039215688,0.84313726,0.11764706,-0.10078853,0.5049203894445212,0.23842457,0.4720999628476402,1.5207014,0.8242471511073529,0.55277914,0.6004225011331714,-0.0023108322001618,0.2782725054997749,-0.5542666480212963
0.84313726,0.15686275,0.0,0.039215688,0.8627451,0.09803922,-0.08770078,0.5052337892654986,0.26886898,0.4736887221105845,1.5038483,0.8239890091026175,0.56167215,0.6009705068262335,-0.0017628265070998,0.290985012379147,-0.5100156617320312
0.84313726,0.15686275,0.0,0.039215688,0.88235295,0.078431375,-0.07433484,0.5055538504488598,0.30637765,0.4756461334930248,1.4672612,0.8234285973339517,0.5664347,0.6015428604252788,-0.0011904729080545,0.2983712581706106,-0.4554967762929014
0.84313726,0.15686275,0.0,0.05882353,0.8235294,0.11764706,-0.0484857,0.5061728346715277,0.2202312,0.4711505316529977,1.5145301,0.824152623447082,0.5620919,0.6004919965905358,-0.0022413367427975,0.2888018327392679,-0.5807107215550467
0.84313726,0.15686275,0.0,0.05882353,0.84313726,0.09803922,-0.037078943,0.5064459812161021,0.25402996,0.4729143391236295,1.4977266,0.8238952410379863,0.5715592,0.601085187125906,-0.0016481462074273,0.3024509713793093,-0.531584197467823
0.84313726,0.15686275,0.0,0.05882353,0.8627451,0.078431375,-0.023218047,0.5067778946539532,0.2936214,0.4749804408034627,1.4556916,0.8232513833060146,0.575365,0.6016699062544768,-0.0010634270788565,0.308607881869667,-0.4740380108057304
0.84313726,0.15686275,0.0,0.078431375,0.8039216,0.11764706,0.006027681,0.5074782137286352,0.20244983,0.4702226002533235,1.5056398,0.8240164494951024,0.57137245,0.6005724211590203,-0.0021609121743129,0.2992439043019768,-0.6065559711168108
0.84313726,0.15686275,0.0,0.078431375,0.8235294,0.09803922,0.015264397,0.5076993964013073,0.23864836,0.4721116412301935,1.4897822,0.8237735560076442,0.58123165,0.6011948645463817,-0.0015384687869516,0.3135631141591435,-0.553941375364638
0.84313726,0.15686275,0.0,0.078431375,0.84313726,0.078431375,0.028892357,0.5080257319494983,0.28037167,0.4742889962616807,1.4421979,0.8230446984280171,0.58382064,0.6017864755463987,-0.0009468577869346,0.3181611075889028,-0.4932964998995887
0.84313726,0.15686275,0.0,0.078431375,0.8627451,0.05882353,0.044567753,0.5084010954468682,0.3192585,0.4763183286885739,1.3712411,0.8219578394062971,0.5783558,0.602225754513913,-0.0005075788194202,0.3117492997246136,-0.4367744304500034
0.84313726,0.15686275,0.0,0.09803922,0.78431374,0.11764706,0.063661516,0.5088583152717209,0.18438551,0.4692799032971223,1.4949064,0.8238520445138303,0.5809845,0.6006634210275578,-0.0020699123057755,0.3100403019343667,-0.6328124789822523
0.84313726,0.15686275,0.0,0.09803922,0.8039216,0.09803922,0.0718892,0.5090553356306653,0.22226328,0.4712565764678065,1.4764861,0.8235698967305483,0.5902129,0.60129393627634,-0.0014393970569933,0.3235949724812335,-0.5777571037505119
0.84313726,0.15686275,0.0,0.09803922,0.8235294,0.078431375,0.08349029,0.5093331356909228,0.26697862,0.4735900725160502,1.4274776,0.8228192245136429,0.5926488,0.6019141442402053,-0.000819189093128,0.3281456315638992,-0.5127633038430768
0.84313726,0.15686275,0.0,0.09803922,0.84313726,0.05882353,0.09446634,0.5095959686046032,0.30777755,0.475719188315728,1.3637533,0.8218431477685034,0.5886657,0.6023861015629449,-0.0003472317703884,0.3239226574899955,-0.4534620136745482
0.84313726,0.15686275,0.0,0.11764706,0.7647059,0.11764706,0.13264184,0.510510120119208,0.16038764,0.4680275604584838,1.4836339,0.8236793807559273,0.5922211,0.6007390204445398,-0.0019943128887936,0.322517618359403,-0.6676934122202756
0.84313726,0.15686275,0.0,0.11764706,0.78431374,0.09803922,0.135412,0.5105764543501261,0.20223722,0.4702115050900347,1.4620056,0.8233480966297008,0.5998849,0.6013786853566205,-0.0013546479767128,0.3342475365041222,-0.6068649996336041
0.84313726,0.15686275,0.0,0.11764706,0.8039216,0.078431375,0.14152934,0.510722940451138,0.2509197,0.4727520284246798,1.4119473,0.8225813432618362,0.6014654,0.6020187707125513,-0.000714562620782,0.3379297025558802,-0.5361049632511282
0.84313726,0.15686275,0.0,0.11764706,0.8235294,0.05882353,0.1491488,0.5109053965174106,0.29473448,0.4750385278869604,1.3496606,0.8216272874864444,0.597848,0.6025237372969384,-0.0002095960363948,0.3343944842481881,-0.4724201377928746
0.84313726,0.15686275,0.0,0.13725491,0.74509805,0.11764706,0.20551379,0.5122551141026338,0.13401091,0.4666510759000704,1.472964,0.8235159490065685,0.60416293,0.6008073796697576,-0.0019259536635757,0.3357588027677851,-0.7060320080934205
0.84313726,0.15686275,0.0,0.13725491,0.7647059,0.09803922,0.20413841,0.5122221792793735,0.17921913,0.4690102926955064,1.4474419,0.8231250220150155,0.6102665,0.6014524979966318,-0.0012808353367015,0.3456134829372898,-0.6403218199590821
0.84313726,0.15686275,0.0,0.13725491,0.78431374,0.078431375,0.20708032,0.512292626259727,0.22949708,0.4716340764123585,1.3966346,0.8223467961966596,0.61107063,0.6020911662895817,-0.0006421670437516,0.3483893625431548,-0.5672427701694673
0.84313726,0.15686275,0.0,0.13725491,0.8039216,0.05882353,0.21138416,0.5123956862084049,0.27652937,0.4740884839232773,1.3342023,0.8213905091090762,0.607372,0.6026248930802528,-0.0001084402530805,0.3449455329244464,-0.4988812785029099
0.84313726,0.15686275,0.0,0.15686275,0.7647059,0.078431375,0.27722895,0.5139724075089791,0.20612612,0.4704144498415842,1.3823669,0.8221282554184489,0.6219073,0.6021717042563374,-0.0005616290769959,0.3603187375370911,-0.6012124721376189
0.84313726,0.15686275,0.0,0.7058824,0.0,0.29411766,1.5840474,0.5452655222470583,-1.1946348,0.3973149338797587,0.54447895,0.8092941685736208,0.3112972,0.5839582082334792,-0.018775125099854,-0.142212509561824,-2.637219911416985
0.84313726,0.15686275,0.0,0.7254902,0.0,0.27450982,1.5760602,0.5450742590593586,-1.139381,0.4001983823657019,0.6405157,0.8107651812214479,0.35906494,0.5853459408821694,-0.0173873924511638,-0.0756701049998042,-2.556908537382373
0.84313726,0.15686275,0.0,0.74509805,0.0,0.25490198,1.5619228,0.5447357247586083,-1.0673035,0.40395978891423,0.74468017,0.8123606881253183,0.4130998,0.5870187339327189,-0.0157145994006144,7.458401095309745e-05,-2.4521437983250496
0.84313726,0.15686275,0.0,0.7647059,0.0,0.23529412,1.5417513,0.5442526968601299,-0.98333603,0.4083416816606865,0.85168695,0.8139997311802412,0.47003403,0.5888647032336859,-0.0138686300996474,0.0803054331041438,-2.33009694052412
0.84313726,0.15686275,0.0,0.78431374,0.0,0.21568628,1.5184214,0.5436940394745479,-0.89724165,0.4128345664765665,0.9522531,0.8155401217514552,0.52447766,0.5906895759008566,-0.0120437574324768,0.1573374298168618,-2.204958671294894
0.84313726,0.15686275,0.0,0.8039216,0.0,0.19607843,1.4911485,0.5430409608409502,-0.8127126,0.4172457632693767,1.0459443,0.8169752078992598,0.5747934,0.5924206440031956,-0.0103126893301377,0.2288547329292197,-2.082095621271729
0.84313726,0.15686275,0.0,0.8235294,0.0,0.1764706,1.461107,0.5423215872270365,-0.73003334,0.4215604287200215,1.13746,0.8183769704402738,0.6228445,0.5940863287957773,-0.008647004537556,0.2973276381211535,-1.961921214643621
0.84313726,0.15686275,0.0,0.84313726,0.0,0.15686275,1.4313838,0.5416098353663713,-0.6511245,0.4256783330985723,1.2204349,0.8196479127178075,0.6668981,0.5956453603942503,-0.0070879729390829,0.3602709983506332,-1.847227104311221
0.84313726,0.15686275,0.0,0.8627451,0.0,0.13725491,1.4024556,0.5409171179067028,-0.5712667,0.4298457566808119,1.2919555,0.8207434066620761,0.7077148,0.5971687604165302,-0.005564572916803,0.4188637769969844,-1.73115375821001
0.84313726,0.15686275,0.0,0.8627451,0.019607844,0.11764706,1.357194,0.5398332817580477,-0.50797594,0.4331486222462888,1.3955115,0.8223295939117514,0.74824315,0.5984371659720293,-0.004296167361304,0.4769166979513261,-1.6391605517739702
0.84313726,0.15686275,0.0,0.88235295,0.0,0.11764706,1.371793,0.5401828718828922,-0.49827445,0.4336549001149561,1.3596573,0.8217804080901842,0.7443919,0.5985393933626776,-0.0041939399706558,0.4716810986502155,-1.6250594254753032
0.84313726,0.15686275,0.0,0.9019608,0.0,0.09803922,1.3372195,0.5393549724955692,-0.4338025,0.4370194065133162,1.4281913,0.8228301564826213,0.7772028,0.5997348451638356,-0.0029984881694977,0.5190904222486434,-1.5313493650674963
0.84313726,0.15686275,0.0,0.92156863,0.0,0.078431375,1.2998698,0.5384605954342193,-0.3745743,0.4401102633222469,1.4941,0.8238396919549296,0.80646515,0.6008035169037986,-0.0019298164295347,0.5616056385557414,-1.4452611417197985
0.8627451,0.13725491,0.0,0.0,0.88235295,0.11764706,-0.20192166,0.502498652639591,0.2318418,0.4717564373693124,1.5455494,0.8246277523456785,0.5251565,0.599627614118194,-0.0031057192151393,0.2434821649399955,-0.563834706308067
0.8627451,0.13725491,0.0,0.0,0.9019608,0.09803922,-0.18359104,0.502937598187036,0.25864503,0.4731551791301124,1.5315785,0.8244137581855998,0.53554416,0.6001688451675827,-0.0025644881657506,0.2579425108243744,-0.5248761907399643
0.8627451,0.13725491,0.0,0.0,0.92156863,0.078431375,-0.1669458,0.5033361855519236,0.28763115,0.4746678368329156,1.5134073,0.8241354266400269,0.5446976,0.6007131496749554,-0.0020201836583779,0.2708605729309553,-0.4827448264557076
0.8627451,0.13725491,0.0,0.019607844,0.8627451,0.11764706,-0.14766233,0.5037979481879208,0.21271083,0.4707580764112512,1.5468304,0.8246473740157373,0.53729296,0.5997344662049698,-0.0029988671283635,0.2577329050914332,-0.5916415981999382
0.8627451,0.13725491,0.0,0.019607844,0.88235295,0.09803922,-0.13175017,0.5041789812563283,0.24204117,0.4722886972674025,1.5324528,0.824427149710652,0.54758126,0.6002982760781276,-0.0024350572552057,0.2722122195091809,-0.5490099144078371
0.8627451,0.13725491,0.0,0.019607844,0.9019608,0.078431375,-0.11746821,0.5045209774601693,0.27340788,0.4739255868945602,1.5135028,0.8241368892268236,0.5564808,0.600861151193851,-0.0018721821394822,0.2849344218608968,-0.5034183750614929
0.8627451,0.13725491,0.0,0.039215688,0.84313726,0.11764706,-0.095738046,0.5050413285776162,0.19498289,0.4698329335772873,1.544164,0.8246065311424938,0.5478029,0.5998269310991324,-0.0029064022342009,0.2699023990554528,-0.617409179114294
0.8627451,0.13725491,0.0,0.039215688,0.8627451,0.09803922,-0.08113384,0.5053910412713858,0.22653899,0.4714797068269148,1.5299703,0.8243891242798895,0.5584585,0.6004199574593967,-0.0023133758739366,0.2849896542490169,-0.5715423557443696
0.8627451,0.13725491,0.0,0.039215688,0.88235295,0.078431375,-0.06860052,0.5056911645762585,0.25994825,0.4732231887173643,1.510378,0.8240890255717659,0.5672419,0.6010011262884629,-0.0017322070448704,0.2976734626925312,-0.5229819507608706
0.8627451,0.13725491,0.0,0.05882353,0.8235294,0.11764706,-0.043351714,0.5062957732659676,0.17758682,0.4689251100226034,1.5396526,0.8245374298506919,0.5579626,0.5999194377130876,-0.0028138956202456,0.2815991631257213,-0.6426943740512164
0.8627451,0.13725491,0.0,0.05882353,0.84313726,0.09803922,-0.029872995,0.5066185350691538,0.21007732,0.4706206450685014,1.5259472,0.8243275020836172,0.5687172,0.6005222274070908,-0.0022111059262425,0.2968825938965961,-0.5954694106354523
0.8627451,0.13725491,0.0,0.05882353,0.8627451,0.078431375,-0.017281327,0.5069200555170436,0.24612653,0.4725018942359971,1.5018932,0.8239590616793313,0.5769128,0.6011270038107906,-0.0016063295225426,0.3088654529920067,-0.543071836591877
0.8627451,0.13725491,0.0,0.078431375,0.78431374,0.13725491,0.0074933777,0.507513311349268,0.12426417,0.4661424367710073,1.5331249,0.8244374444227115,0.5549608,0.5993643975143289,-0.0033689358190044,0.2743318235156142,-0.7201989014996888
0.8627451,0.13725491,0.0,0.078431375,0.8039216,0.11764706,0.011675146,0.5076134481093668,0.16001272,0.4680079953962224,1.5323193,0.8244251046454681,0.5680024,0.6000155160503525,-0.0027178172829808,0.293058348749634,-0.6682383489656162
0.8627451,0.13725491,0.0,0.078431375,0.8235294,0.09803922,0.023023445,0.5078851948124452,0.19341585,0.4697511569048892,1.5192269,0.8242245659187286,0.5785554,0.6006203058786878,-0.0021130274546456,0.3081584915416613,-0.6196868674296163
0.8627451,0.13725491,0.0,0.078431375,0.84313726,0.078431375,0.032949936,0.5081228948520591,0.23272231,0.471802387271102,1.4896672,0.8237717939648742,0.5851131,0.6012323586960118,-0.0015009746373215,0.3181187776490254,-0.5625548846752301
0.8627451,0.13725491,0.0,0.078431375,0.8627451,0.05882353,0.04628391,0.5084421905594767,0.27098152,0.4737989661040981,1.427637,0.8228216658102061,0.5816341,0.6016876074912604,-0.001045725842073,0.3144235316492967,-0.5069450861204677
0.8627451,0.13725491,0.0,0.09803922,0.7647059,0.13725491,0.07171228,0.5090510990634219,0.10224765,0.4649934917093422,1.5239179,0.8242964189187735,0.5659593,0.5994470032305125,-0.0032863301028207,0.286683735613323,-0.7521999436693114
0.8627451,0.13725491,0.0,0.09803922,0.78431374,0.11764706,0.07065314,0.5090257369301577,0.14072165,0.4670012796277901,1.5234985,0.8242899952229549,0.5782911,0.6001056705936342,-0.002627662739699,0.30468810749215,-0.696277943575768
0.8627451,0.13725491,0.0,0.09803922,0.8039216,0.09803922,0.07563706,0.5091450819535787,0.17657161,0.4688721303846117,1.5107063,0.8240940542409769,0.5876383,0.6007037555263891,-0.0020295778069442,0.3184173597529471,-0.6441699917165604
0.8627451,0.13725491,0.0,0.09803922,0.8235294,0.078431375,0.08371409,0.5093384948253816,0.21875915,0.4710737115667226,1.4757338,0.8235583731534274,0.5927357,0.6013235265151772,-0.0014098068181561,0.3265594804577572,-0.5828503563403689
0.8627451,0.13725491,0.0,0.09803922,0.84313726,0.05882353,0.0937074,0.5095777948622598,0.25931326,0.4731900509763783,1.4191084,0.8226910317937336,0.5907097,0.6018196258774573,-0.000913707455876,0.3249918753524763,-0.5239049211291513
0.8627451,0.13725491,0.0,0.11764706,0.74509805,0.13725491,0.1395789,0.5106762350894242,0.07714528,0.463683510088414,1.5127366,0.8241251520134291,0.5764869,0.5994949657304224,-0.0032383676029109,0.2981959550148007,-0.7886862635913466
0.8627451,0.13725491,0.0,0.11764706,0.7647059,0.11764706,0.13479663,0.5105617189605123,0.11816933,0.465824373868144,1.5116909,0.8241091347707569,0.5882189,0.600165075866471,-0.0025682574668622,0.3155800562032127,-0.7290577622988031
0.8627451,0.13725491,0.0,0.11764706,0.78431374,0.09803922,0.13566911,0.5105826113422751,0.1560717,0.467802330510023,1.4997585,0.8239263643737532,0.5971664,0.6007704354086838,-0.0019628979246495,0.3289514677484252,-0.673966639129932
0.8627451,0.13725491,0.0,0.11764706,0.8039216,0.078431375,0.14109443,0.5107125261959735,0.20084918,0.4701390692573777,1.4601204,0.823319221039685,0.60068804,0.6013902721643455,-0.0013430611689879,0.335130896892325,-0.6088825218048471
0.8627451,0.13725491,0.0,0.11764706,0.8235294,0.05882353,0.14870389,0.5108947424767508,0.24504736,0.4724455770285608,1.403901,0.8224580970433404,0.5992174,0.6019328055162173,-0.0008005278171159,0.3345031874859436,-0.5446404140549554
0.8627451,0.13725491,0.0,0.13725491,0.74509805,0.11764706,0.20439239,0.5122282609817316,0.09268812,0.4644946222805861,1.5014619,0.823952455388407,0.5995141,0.6002251128835748,-0.0025082204497584,0.3280678103567258,-0.7660947260739857
0.8627451,0.13725491,0.0,0.13725491,0.7647059,0.09803922,0.20060311,0.512137522867472,0.13370106,0.4666349059515543,1.4893901,0.8237675504546177,0.60789806,0.6008466597578813,-0.0018866735754519,0.3409124102485578,-0.7064823822858931
0.8627451,0.13725491,0.0,0.13725491,0.78431374,0.078431375,0.20317614,0.5121991366782719,0.1815832,0.4691336630106008,1.4444358,0.8230789770072106,0.60973173,0.6014705922320277,-0.0012627411013056,0.3450013226963278,-0.6368856429062887
0.8627451,0.13725491,0.0,0.13725491,0.8039216,0.05882353,0.20873877,0.5123323396619415,0.22732913,0.4715209412065442,1.3874747,0.8222064919433891,0.6078475,0.6020199242706249,-0.0007134090627084,0.343924723334317,-0.5703938733970553
0.8627451,0.13725491,0.0,0.7058824,0.0,0.29411766,1.5727351,0.5449946360019199,-1.120912,0.4011622027460394,0.5210691,0.8089355956088471,0.3242974,0.5850308114522688,-0.0177025218810645,-0.1217954005931854,-2.530063688429871
0.8627451,0.13725491,0.0,0.7254902,0.0,0.27450982,1.5634778,0.5447729600205461,-1.0651315,0.404073135634231,0.61538875,0.8103803072576489,0.371245,0.5864088009708087,-0.0163245323625246,-0.0563063738818298,-2.448986803889404
0.8627451,0.13725491,0.0,0.74509805,0.0,0.25490198,1.5467889,0.5443733289464706,-0.99075776,0.4079543743009818,0.71931946,0.8119722334714964,0.42511687,0.5880999789063163,-0.014633354427017,0.0193669230691972,-2.340884435561135
0.8627451,0.13725491,0.0,0.7647059,0.0,0.23529412,1.526118,0.5438783431737008,-0.9121247,0.4120578863833349,0.82179457,0.8135418639099621,0.47859597,0.5898260311556659,-0.0129073021776674,0.0947659814782236,-2.226591187282901
0.8627451,0.13725491,0.0,0.7647059,0.019607844,0.21568628,1.4942889,0.5431161621396691,-0.85395294,0.4150936126416263,0.95563096,0.8155918609876315,0.531989,0.5912672119229757,-0.0114661214103577,0.1696238169202371,-2.1420384899883693
0.8627451,0.13725491,0.0,0.78431374,0.0,0.21568628,1.5043178,0.5433563130225502,-0.82880414,0.4164060177330052,0.91711986,0.8150019792818808,0.5308778,0.591588103345812,-0.0111452299875213,0.1687461326564463,-2.1054846702504806
0.8627451,0.13725491,0.0,0.78431374,0.019607844,0.19607843,1.4651403,0.5424181693991005,-0.769377,0.4195072574000962,1.0514514,0.817059561360241,0.5824049,0.5929949960531459,-0.0097383372801874,0.2413273915587376,-2.019107257895478
0.8627451,0.13725491,0.0,0.8039216,0.0,0.19607843,1.4773448,0.5427104165354594,-0.74883187,0.4205794165910164,1.0105624,0.8164332564957805,0.57969177,0.5932410298740854,-0.0094923034592479,0.2380707774670739,-1.9892448975216388
0.8627451,0.13725491,0.0,0.8039216,0.019607844,0.1764706,1.4354196,0.5417064746302199,-0.6894978,0.423675797652821,1.1426306,0.8184561692414211,0.62951744,0.5946128138414873,-0.008120519491846,0.3084280415050119,-1.9030028096811389
0.8627451,0.13725491,0.0,0.8235294,0.0,0.1764706,1.4481858,0.5420121754456276,-0.6717637,0.4246012624238189,1.1019658,0.8178332989908987,0.6261293,0.5948155789534485,-0.0079177543798849,0.3041478151794684,-1.8772262620015772
0.8627451,0.13725491,0.0,0.84313726,0.0,0.15686275,1.420042,0.5413382440376927,-0.5977755,0.4284623792483171,1.1835868,0.8190835039422778,0.6686178,0.5962947090760959,-0.0064386242572374,0.3647666898353368,-1.7696843381575071
0.8627451,0.13725491,0.0,0.8627451,0.0,0.13725491,1.3952818,0.54074533443592,-0.5303138,0.4319829084643294,1.2553859,0.8201832633082157,0.70678467,0.597637168736155,-0.0050961645971783,0.4192411999295198,-1.6716286454529938
0.8627451,0.13725491,0.0,0.88235295,0.0,0.11764706,1.3658717,0.5400410787265771,-0.46376875,0.4354555997033864,1.3233498,0.8212242800026981,0.74181765,0.5989069861442206,-0.0038263471891128,0.4695822150617588,-1.574905362076774
0.8627451,0.13725491,0.0,0.9019608,0.0,0.09803922,1.3333747,0.5392629062836697,-0.40624976,0.438457261290874,1.3911169,0.8222622802260343,0.7727473,0.5999941492668593,-0.002739184066474,0.5141563342850111,-1.491301452503482
0.8627451,0.13725491,0.0,0.92156863,0.0,0.078431375,1.2975304,0.5384045769751372,-0.3509869,0.441341185683737,1.4587268,0.8232978738458774,0.8017568,0.601014545501584,-0.0017187878317494,0.5561512841953301,-1.4109768232507416
0.88235295,0.11764706,0.0,0.0,0.8627451,0.13725491,-0.20829126,0.5023461258709414,0.16119489,0.4680696875524007,1.5667586,0.8249526182539396,0.50655407,0.5984561438924273,-0.004277189440906,0.216089598696877,-0.666520065509541
0.88235295,0.11764706,0.0,0.0,0.88235295,0.11764706,-0.19597638,0.5026410184978707,0.19123957,0.4696375862286907,1.5649661,0.8249251614278952,0.52007645,0.5990679220514855,-0.0036654112818478,0.2350483399210893,-0.6228500996149702
0.88235295,0.11764706,0.0,0.0,0.9019608,0.09803922,-0.17879967,0.5030523323352004,0.21869192,0.4710702029196271,1.5524917,0.8247340884314353,0.5307946,0.5996188745620876,-0.0031144587712457,0.2500075911040662,-0.5829480810857972
0.88235295,0.11764706,0.0,0.0,0.92156863,0.078431375,-0.1632223,0.5034253486465745,0.24607167,0.472499031018221,1.5375324,0.8245049553111428,0.5401273,0.6001431116586461,-0.0025902216746872,0.2631389522832973,-0.5431515844891879
0.88235295,0.11764706,0.0,0.019607844,0.84313726,0.13725491,-0.15612307,0.5035953469286166,0.14051431,0.4669904597439942,1.565062,0.8249266313184961,0.51648444,0.5985041459970356,-0.0042291873362976,0.2273674512183866,-0.696579304858545
0.88235295,0.11764706,0.0,0.019607844,0.8627451,0.11764706,-0.1468929,0.5038163727772929,0.17405307,0.4687406992016556,1.5634753,0.8249023260839761,0.5302118,0.5991531326876415,-0.0035802006456918,0.2468071168838701,-0.6478306844411426
0.88235295,0.11764706,0.0,0.019607844,0.88235295,0.09803922,-0.13151263,0.5041846693821961,0.20430988,0.4703196681572124,1.5510701,0.8247123139650803,0.54128915,0.5997388838348295,-0.0029944494985037,0.2623966106036114,-0.6038523831130793
0.88235295,0.11764706,0.0,0.019607844,0.9019608,0.078431375,-0.1184113,0.5044983940911103,0.23375353,0.4718562020790805,1.5349199,0.8244649377677771,0.5500874,0.6002731779793226,-0.0024601553540107,0.2749457802449384,-0.5610560054015994
0.88235295,0.11764706,0.0,0.039215688,0.8235294,0.13725491,-0.10455981,0.5048300823732358,0.12243083,0.4660467627611607,1.5601709,0.8248517125466265,0.526014,0.5985761858936743,-0.004157147439659,0.238212471134623,-0.722863666009142
0.88235295,0.11764706,0.0,0.039215688,0.84313726,0.11764706,-0.09721361,0.5050059946505185,0.15708455,0.4678551872831563,1.5599129,0.8248477611885391,0.53992796,0.5992363143740713,-0.003497018959262,0.2579927245956256,-0.6724944435633864
0.88235295,0.11764706,0.0,0.039215688,0.8627451,0.09803922,-0.0843141,0.5053148867182754,0.1891517,0.4695286299833132,1.5472122,0.8246532225369729,0.5506833,0.5998322464128538,-0.0029010869204794,0.2732775330111876,-0.6258848081657115
0.88235295,0.11764706,0.0,0.039215688,0.88235295,0.078431375,-0.07306953,0.5055841495942001,0.22034791,0.4711566220173709,1.5307226,0.8244006478570104,0.5593337,0.6003804731561938,-0.0023528601771395,0.2857381810714581,-0.580541089417149
0.88235295,0.11764706,0.0,0.039215688,0.9019608,0.05882353,-0.059292868,0.5059140459079353,0.2546019,0.4729441859527121,1.483973,0.8236845755866845,0.5597607,0.600847602482444,-0.0018857308508893,0.2871551960770311,-0.5307528873660876
0.88235295,0.11764706,0.0,0.05882353,0.8235294,0.11764706,-0.04961581,0.5061457729871998,0.14180505,0.4670578176809212,1.5535651,0.8247505311207037,0.54858476,0.5993180405962749,-0.0034152927370584,0.2678649749753271,-0.6947032149983938
0.88235295,0.11764706,0.0,0.05882353,0.84313726,0.09803922,-0.037547383,0.5064347639293044,0.17461783,0.4687701712151575,1.5409019,0.8245565658177695,0.5593241,0.5999205003207438,-0.0028128330125895,0.2831764246310165,-0.647009813906627
0.88235295,0.11764706,0.0,0.05882353,0.8627451,0.078431375,-0.027160209,0.506683495529004,0.20738432,0.4704801094440128,1.5242177,0.8243010111856819,0.56814724,0.6004882053862329,-0.0022451279471004,0.2959479047153046,-0.5993836852127549
0.88235295,0.11764706,0.0,0.05882353,0.88235295,0.05882353,-0.014456178,0.506987706627958,0.24275127,0.4723257542418463,1.4795643,0.8236170464387427,0.56928647,0.6009768357695157,-0.0017564975638176,0.298392395194371,-0.547977783419663
0.88235295,0.11764706,0.0,0.078431375,0.8039216,0.11764706,-0.0011375574,0.507306634717806,0.12759966,0.4663165008933891,1.5432254,0.8245921554298219,0.5565625,0.5994050970136723,-0.0033282363196609,0.2768363453458849,-0.7153507729803951
0.88235295,0.11764706,0.0,0.078431375,0.8235294,0.09803922,0.008961056,0.5075484564274468,0.1610758,0.4680634727679177,1.531301,0.8244095073715391,0.5671126,0.6000071455223012,-0.0027261878110321,0.2919682113950067,-0.6666931630639433
0.88235295,0.11764706,0.0,0.078431375,0.84313726,0.078431375,0.01761372,0.5077556533747006,0.19493479,0.4698304234015726,1.5144651,0.8241516283037559,0.5756712,0.6005792350266764,-0.0021540983066569,0.3044673653907855,-0.6174790938922734
0.88235295,0.11764706,0.0,0.09803922,0.7647059,0.13725491,0.056439575,0.5086853784576826,0.07038161,0.4633305442342573,1.528903,0.824372776540076,0.5519081,0.5987962330773386,-0.0039371002559946,0.267026214187355,-0.7985172603554
0.88235295,0.11764706,0.0,0.09803922,0.78431374,0.11764706,0.05582219,0.5086705945400518,0.108961366,0.4653438509621992,1.5319504,0.8244194533269467,0.565578,0.5994779662763993,-0.0032553670569341,0.2868262282218226,-0.7424415473810283
0.88235295,0.11764706,0.0,0.09803922,0.8039216,0.09803922,0.0606994,0.5087873843492867,0.14466175,0.4672068963011969,1.5209625,0.8242511499401678,0.5754412,0.6000818101968838,-0.0026515231364495,0.3012485892070385,-0.6905509962603475
0.88235295,0.11764706,0.0,0.09803922,0.8235294,0.078431375,0.06674391,0.5089321263854839,0.18090513,0.469098277931382,1.5038242,0.823988640260504,0.58382446,0.6006730148591233,-0.00206031847421,0.3136642672121391,-0.6378712073601829
0.88235295,0.11764706,0.0,0.09803922,0.84313726,0.05882353,0.07695913,0.5091767404186287,0.22204754,0.4712453180031236,1.4609002,0.823331164585549,0.58663565,0.6012510743357672,-0.0014822589975662,0.3186315551065004,-0.5780706806264674
0.88235295,0.11764706,0.0,0.11764706,0.7647059,0.11764706,0.11706926,0.5101372187050506,0.086551994,0.4641744049657595,1.5207379,0.8242477098483764,0.57478637,0.5995197778397289,-0.0032135554936045,0.2968300802883875,-0.7750135927257609
0.88235295,0.11764706,0.0,0.11764706,0.78431374,0.09803922,0.12011461,0.5102101427552098,0.12431628,0.4661451561280315,1.5107509,0.8240947371466723,0.5850606,0.6001500120099712,-0.0025833213233621,0.3119274777037268,-0.7201231604902112
0.88235295,0.11764706,0.0,0.11764706,0.8039216,0.078431375,0.12481649,0.5103227341773323,0.16307163,0.468167626397058,1.4899879,0.8237767057732176,0.5926253,0.6007556887825359,-0.0019776445507973,0.3233638351140748,-0.6637922195902777
0.88235295,0.11764706,0.0,0.11764706,0.8235294,0.05882353,0.1332324,0.5105242617542617,0.20615429,0.4704159195541308,1.4450098,0.8230877689615501,0.59479886,0.6013426500899809,-0.0013906832433524,0.3275874608211951,-0.6011715369051589
0.88235295,0.11764706,0.0,0.13725491,0.7647059,0.09803922,0.1839049,0.5117376669944946,0.101532005,0.4649561454581432,1.502449,0.8239675760891102,0.595962,0.6002204628472493,-0.0025128704860839,0.3241328596803973,-0.7532401317508586
0.88235295,0.11764706,0.0,0.13725491,0.78431374,0.078431375,0.18558165,0.5117778185761561,0.14419912,0.4671827533565216,1.4761161,0.8235642289784673,0.6019656,0.600841600303715,-0.0018917330296183,0.3336826795142388,-0.6912234386742024
0.88235295,0.11764706,0.0,0.6862745,0.0,0.3137255,1.5652997,0.5448165895623628,-1.0963737,0.4024427469578088,0.41151503,0.80725753517525,0.29348037,0.5848389572318072,-0.0178943761015261,-0.1622735121681591,-2.4943972752233856
0.88235295,0.11764706,0.0,0.7058824,0.0,0.29411766,1.560991,0.5447134132891737,-1.0493959,0.4048943083587165,0.4982775,0.8085864920262551,0.33662423,0.5860647378913818,-0.0166685954419515,-0.1023522519684703,-2.4261150549593697
0.88235295,0.11764706,0.0,0.7254902,0.0,0.27450982,1.5503551,0.5444587239833357,-0.99316186,0.4078289152832947,0.5906499,0.8100013776775159,0.38261437,0.5874296723147154,-0.0153036610186179,-0.0381013011003427,-2.3443787882934988
0.88235295,0.11764706,0.0,0.74509805,0.0,0.25490198,1.5316483,0.5440107704227467,-0.91984427,0.4116550358414171,0.6921688,0.8115563612495778,0.43465757,0.5890740558379138,-0.0136592774954194,0.035123302756219,-2.237811599476748
0.88235295,0.11764706,0.0,0.7647059,0.0,0.23529412,1.5116601,0.5435321328825066,-0.84484136,0.4155691058646336,0.79033756,0.8130600310320597,0.48571876,0.5907204232597333,-0.0120129100736,0.1071174043913121,-2.1287947943683405
0.88235295,0.11764706,0.0,0.7647059,0.019607844,0.21568628,1.4813335,0.5428059310911507,-0.78812116,0.418529082049594,0.9186281,0.8150250812146542,0.53728014,0.5921200314517997,-0.0106133018815336,0.1794155558839601,-2.046351929277192
0.88235295,0.11764706,0.0,0.78431374,0.0,0.21568628,1.4912313,0.5430429447804662,-0.767706,0.4195944603445317,0.8826006,0.8144732413732256,0.5353753,0.5923702154994078,-0.0103631178339254,0.1773049186789268,-2.0166784341028507
0.88235295,0.11764706,0.0,0.78431374,0.019607844,0.19607843,1.4537364,0.5421450908294322,-0.7108793,0.4225599918873933,1.0112131,0.8164432225366497,0.58469003,0.5937161017511584,-0.0090172315821749,0.2467680989211157,-1.9340808381647745
0.88235295,0.11764706,0.0,0.8039216,0.0,0.19607843,1.4650993,0.5424171874204048,-0.69307184,0.4234892856872694,0.9737446,0.8158693105988438,0.581924,0.593925261235506,-0.0088080720978273,0.2433661100214186,-1.9081976422922853
0.88235295,0.11764706,0.0,0.8039216,0.019607844,0.1764706,1.4253278,0.5414648165242245,-0.63642377,0.4264454981639092,1.1007005,0.8178139183463795,0.6298682,0.5952414110115044,-0.0074919223218289,0.3110357783308922,-1.8258596060503995
0.88235295,0.11764706,0.0,0.8235294,0.0,0.1764706,1.4375399,0.5417572492088835,-0.61985177,0.4273103174629023,1.0621728,0.8172237819204564,0.6266203,0.5954304495307474,-0.0073028838025859,0.3069183942025951,-1.801772189010569
0.88235295,0.11764706,0.0,0.84313726,0.0,0.15686275,1.4112213,0.5411270215620853,-0.55022556,0.4309438014755698,1.1437833,0.8184738261881425,0.6682597,0.5968482164085992,-0.0058851169247341,0.3661909318740188,-1.700570417932399
0.88235295,0.11764706,0.0,0.84313726,0.019607844,0.13725491,1.3749564,0.5402586212627435,-0.50382644,0.4333651661158362,1.2546202,0.8201715352245764,0.70858335,0.597931774201052,-0.0048015591322812,0.423135486198311,-1.6331292542540377
0.88235295,0.11764706,0.0,0.8627451,0.0,0.13725491,1.388441,0.5405815238328612,-0.4919443,0.4339852417274024,1.2163674,0.8195856094417908,0.704288,0.5980507916673515,-0.0046825416659818,0.4174074336615476,-1.615858571384896
0.88235295,0.11764706,0.0,0.8627451,0.019607844,0.11764706,1.3501859,0.5396654661662968,-0.44411013,0.4364814963869911,1.3185856,0.8211513058687042,0.7415538,0.5990994228073308,-0.0036339105260026,0.4703333568664554,-1.5463315301947391
0.88235295,0.11764706,0.0,0.88235295,0.0,0.11764706,1.3610268,0.539925062511024,-0.43437245,0.4369896623308242,1.2846119,0.8206309244250615,0.73708874,0.5991818830889698,-0.0035514502443634,0.4643710183967435,-1.5321778162006157
0.88235295,0.11764706,0.0,0.9019608,0.0,0.09803922,1.3294636,0.5391692500655682,-0.37980932,0.439837070976721,1.3521929,0.8216660743387977,0.7672824,0.6002241317936957,-0.0025092015396377,0.5078242698953169,-1.452870243374253
0.88235295,0.11764706,0.0,0.92156863,0.0,0.078431375,1.2947681,0.5383384304334612,-0.32713825,0.4425857413787553,1.4191895,0.8226922734404524,0.79560643,0.6012054817508896,-0.0015278515824437,0.548773717180947,-1.376312781768197
0.9019608,0.09803922,0.0,0.0,0.8627451,0.13725491,-0.2170642,0.5021360487992631,0.13363871,0.4666316523656838,1.571566,0.8250262533822161,0.4960468,0.5979313181823876,-0.0048020151509456,0.2011888389903529,-0.7065730029274871
0.9019608,0.09803922,0.0,0.0,0.88235295,0.11764706,-0.2095298,0.5023164677592954,0.16325015,0.468176942352777,1.5696633,0.824997109377395,0.50779456,0.5984968398298225,-0.0042364935035108,0.2178667069901433,-0.6635327465294995
0.9019608,0.09803922,0.0,0.0,0.9019608,0.09803922,-0.19766492,0.5026005846686988,0.19242996,0.4696997076342477,1.5584934,0.8248260177633521,0.5177528,0.5990421033554328,-0.0036912299779004,0.2320028723929215,-0.6211198604719543
0.9019608,0.09803922,0.0,0.0,0.92156863,0.078431375,-0.18547183,0.5028925606190807,0.21917027,0.4710951662594012,1.5453663,0.824624947684855,0.5263549,0.599537558187779,-0.0031957751455543,0.2442165187980215,-0.5822527885818655
0.9019608,0.09803922,0.0,0.019607844,0.84313726,0.13725491,-0.17221572,0.5032099920121123,0.11887368,0.465861130679073,1.5654202,0.8249321164754714,0.50402606,0.5980010797222189,-0.0047322536111144,0.2102385061671223,-0.7280339916279462
0.9019608,0.09803922,0.0,0.019607844,0.8627451,0.11764706,-0.16875036,0.503292973493782,0.14930704,0.4674493133325711,1.5646093,0.8249196963563815,0.51505536,0.598553994394245,-0.0041793389390884,0.2260845225021765,-0.6837990653782937
0.9019608,0.09803922,0.0,0.019607844,0.88235295,0.09803922,-0.15746103,0.5035633080895514,0.18036804,0.4690702491911535,1.5530106,0.8247420367963865,0.52530587,0.5991251980256971,-0.0036081353076362,0.2406960821451987,-0.6386518790632455
0.9019608,0.09803922,0.0,0.019607844,0.9019608,0.078431375,-0.14620979,0.5038327306440612,0.20937699,0.4705840982165077,1.540314,0.8245475602271563,0.53449374,0.599654796362575,-0.0030785369707582,0.2538040266048427,-0.5964873334159577
0.9019608,0.09803922,0.0,0.039215688,0.88235295,0.078431375,-0.10454592,0.5048304149328813,0.1980649,0.4699937698979363,1.5341208,0.8244526984178419,0.5425466,0.5997589610828865,-0.0029743722504468,0.2631587287592143,-0.6129294785165678
0.9019608,0.09803922,0.0,0.078431375,0.8627451,0.05882353,-0.010627772,0.5070793817611328,0.20888683,0.4705585189971902,1.4953028,0.8238581158010949,0.5645206,0.6004986721864727,-0.0022346611468606,0.2906752712048017,-0.5971997797315871
0.9019608,0.09803922,0.0,0.09803922,0.84313726,0.05882353,0.035037283,0.5081728785310936,0.19624507,0.4698988015833998,1.4842129,0.8236882494002112,0.57183176,0.6005866431715682,-0.0021466901617651,0.2988775745974177,-0.615574587616785
0.9019608,0.09803922,0.0,0.11764706,0.8235294,0.05882353,0.088880755,0.5094622159340946,0.18056974,0.46908077513244,1.469456,0.8234622149188625,0.57963544,0.6006684019951324,-0.0020649313382009,0.3074208525035946,-0.6383587048269606
0.9019608,0.09803922,0.0,0.13725491,0.8039216,0.05882353,0.1438442,0.510778372292133,0.1645835,0.4682465242991662,1.4543425,0.8232307190179022,0.58759004,0.6007518718697339,-0.0019814614635995,0.3161268930444957,-0.6615947123493294
0.9019608,0.09803922,0.0,0.7058824,0.0,0.29411766,1.5442464,0.5443124462673378,-0.9775925,0.4086414097051237,0.46814093,0.8081248847517235,0.3449316,0.5870262469080617,-0.0157070864252716,-0.0881845222771913,-2.321748752164657
0.9019608,0.09803922,0.0,0.7254902,0.0,0.27450982,1.5315795,0.54400912332476,-0.9187042,0.4117145304274066,0.56203526,0.8095630818636416,0.39163685,0.5884289118719361,-0.0143044214613972,-0.0228226023249592,-2.236154523939684
0.9019608,0.09803922,0.0,0.74509805,0.0,0.25490198,1.5131966,0.5435689256831134,-0.85053885,0.415271779128315,0.66091543,0.8110776480090562,0.44119105,0.5899727842734949,-0.0127605490598384,0.0468571368258472,-2.1370761001892653
0.9019608,0.09803922,0.0,0.7647059,0.0,0.23529412,1.4951371,0.5431364725420523,-0.78111845,0.4188945225750065,0.7556922,0.8125293612671861,0.4899036,0.5915201187947483,-0.011213214538585,0.1154380268454173,-2.036173481190851
0.9019608,0.09803922,0.0,0.78431374,0.0,0.21568628,1.4756566,0.5426699926973498,-0.7104356,0.4225831464698216,0.8472268,0.8139314141344182,0.53748256,0.5930615177671966,-0.0096718155661368,0.1825729924458584,-1.9334359241532773
0.9019608,0.09803922,0.0,0.78431374,0.019607844,0.19607843,1.4391718,0.5417963256808757,-0.6549634,0.4254779980588253,0.9697836,0.8158086397230722,0.58466405,0.5943609878209244,-0.0083723455124089,0.2490862681506485,-1.8528069446960231
0.9019608,0.09803922,0.0,0.8039216,0.0,0.19607843,1.4510101,0.5420798063737041,-0.6397533,0.4262717454806147,0.93585515,0.8152889512278555,0.5823707,0.5945468343607248,-0.0081864989726085,0.2462174176832464,-1.8306990601990043
0.9019608,0.09803922,0.0,0.8039216,0.019607844,0.1764706,1.4130788,0.541171501771493,-0.58312494,0.4292269283808461,1.0577091,0.8171554110090773,0.62922096,0.5958512803871389,-0.0068820529461945,0.3123633631995259,-1.7483897002786937
0.9019608,0.09803922,0.0,0.8235294,0.0,0.1764706,1.425116,0.5414597439191599,-0.5692559,0.4299506926013923,1.0229495,0.8166229910701156,0.6262698,0.5960111425302226,-0.0067221908031107,0.3085554046604857,-1.728231025930072
0.9019608,0.09803922,0.0,0.8235294,0.019607844,0.15686275,1.389204,0.540599796058533,-0.5200559,0.4325182228761144,1.1369029,0.8183684377709843,0.6686837,0.5971621522352106,-0.0055711810981227,0.3684065444512887,-1.6567187775775771
0.9019608,0.09803922,0.0,0.84313726,0.0,0.15686275,1.4027483,0.5409241287778558,-0.5100376,0.4330410330668675,1.1035125,0.8178569907058636,0.6654077,0.5972740508501957,-0.0054592824831377,0.3639854129374972,-1.642157184060868
0.9019608,0.09803922,0.0,0.84313726,0.019607844,0.13725491,1.3675752,0.5400818708066976,-0.46582618,0.4353482313696599,1.2093538,0.819478181437302,0.70370096,0.5983027612045532,-0.0044305721287801,0.4180871477629035,-1.577895843249376
0.9019608,0.09803922,0.0,0.8627451,0.0,0.13725491,1.3818315,0.540423253987501,-0.45798787,0.4357572780330442,1.1756732,0.8189622900073085,0.69983894,0.5983809406759512,-0.004352392657382,0.4127805403066236,-1.5665028533136025
0.9019608,0.09803922,0.0,0.8627451,0.019607844,0.11764706,1.3450178,0.5395417111593367,-0.41524172,0.4379880108468744,1.2770953,0.820515790907112,0.73562384,0.599348504304441,-0.0033848290288923,0.4634930715918485,-1.504371270850395
0.9019608,0.09803922,0.0,0.88235295,0.0,0.11764706,1.3561302,0.5398078102583336,-0.4073216,0.4384013266752752,1.2450602,0.8200251030795586,0.7312896,0.5994114133377225,-0.0033219199956108,0.4576359665098293,-1.4928593738108091
0.9019608,0.09803922,0.0,0.9019608,0.0,0.09803922,1.3251584,0.5390661565754667,-0.35496178,0.441133754031979,1.311813,0.8210475681113016,0.7606699,0.6004158262395825,-0.0023175070937508,0.4998996515198597,-1.4167543223294206
0.9019608,0.09803922,0.0,0.92156863,0.0,0.078431375,1.29181,0.5382675966562668,-0.3067095,0.4436518273130673,1.3789184,0.8220754343062714,0.7880063,0.6013316194252019,-0.0014017139081315,0.5393267657311955,-1.3466195770374862
0.92156863,0.078431375,0.0,0.78431374,0.0,0.21568628,1.4442036,0.541916817892344,-0.63818085,0.4263538036535111,0.7938347,0.8131135971322685,0.5332858,0.5937947395593746,-0.0089385937739588,0.180291058541864,-1.8284135313788408
0.92156863,0.078431375,0.0,0.8235294,0.0,0.1764706,1.3942407,0.5407204053081599,-0.5092153,0.4330839455627274,0.96849793,0.8157889468409222,0.6178411,0.5965310992372698,-0.0062022340960635,0.3001240307592009,-1.6409619619084483
0.92156863,0.078431375,0.0,0.84313726,0.0,0.15686275,1.3734843,0.5402233699403217,-0.4562231,0.4358493737982964,1.0472046,0.8169945118538346,0.65482193,0.5976890851974842,-0.005044248135849,0.3523846943928368,-1.5639377520169342
0.92156863,0.078431375,0.0,0.88235295,0.0,0.11764706,1.3297038,0.53917500206287,-0.36369124,0.4406782022420651,1.1886688,0.8191613460617897,0.71822715,0.5996715167889083,-0.003061816544425,0.4422634705115886,-1.4294425983191823
0.98039216,0.019607844,0.0,0.0,0.88235295,0.11764706,-0.36389187,0.4986201090480594,0.23780245,0.4720674969752469,1.5407109,0.8245536406441761,0.47154048,0.5984137488891609,-0.0043195844441725,0.1757053298944539,-0.70882272923717
0.98039216,0.019607844,0.0,0.0,0.9019608,0.09803922,-0.35380888,0.498861556628099,0.25704733,0.4730718021040524,1.5333357,0.8244406727041803,0.47885802,0.5987913438121106,-0.0039419895212227,0.1859794745062232,-0.6960316285274486
0.98039216,0.019607844,0.0,0.0,0.92156863,0.078431375,-0.3434777,0.4991089474629189,0.275939,0.4740576743935953,1.525756,0.8243245732581217,0.48607242,0.5991637317048787,-0.0035696016284546,0.1960955797202549,-0.6829256736766083
1.0,0.0,0.0,0.019607844,0.8627451,0.11764706,-0.37340784,0.4983922393217002,0.2604209,0.473247853448875,1.5285984,0.8243681112351253,0.4718705,0.5986694013352335,-0.0040639319980998,0.1771978796731942,-0.7208945198017276
1.0,0.0,0.0,0.039215688,0.9019608,0.05882353,-0.31247032,0.4998514510997294,0.30383348,0.4755133647938887,1.4995109,0.8239225718734078,0.49695802,0.5997624625890087,-0.0029708707443247,0.2109303055191328,-0.6435902668184375
